/*
 Navicat Premium Data Transfer

 Source Server         : mysql
 Source Server Type    : MySQL
 Source Server Version : 80033
 Source Host           : localhost:3306
 Source Schema         : ruoyi_supermarket

 Target Server Type    : MySQL
 Target Server Version : 80033
 File Encoding         : 65001

 Date: 22/12/2023 10:48:45
*/

SET NAMES utf8mb4;
SET FOREIGN_KEY_CHECKS = 0;

-- ----------------------------
-- Table structure for category
-- ----------------------------
DROP TABLE IF EXISTS `category`;
CREATE TABLE `category`  (
  `category_id` varchar(36) CHARACTER SET utf8mb4 COLLATE utf8mb4_0900_ai_ci NOT NULL COMMENT '分类ID',
  `category_name` varchar(255) CHARACTER SET utf8mb4 COLLATE utf8mb4_0900_ai_ci NULL DEFAULT NULL COMMENT '分类名称',
  `created_at` timestamp NULL DEFAULT NULL COMMENT '创建时间',
  `updated_at` timestamp NULL DEFAULT NULL COMMENT '修改时间',
  `is_deleted` tinyint(1) NULL DEFAULT NULL COMMENT '是否删除',
  PRIMARY KEY (`category_id`) USING BTREE
) ENGINE = InnoDB CHARACTER SET = utf8mb4 COLLATE = utf8mb4_0900_ai_ci COMMENT = '商品分类表' ROW_FORMAT = DYNAMIC;

-- ----------------------------
-- Records of category
-- ----------------------------
INSERT INTO `category` VALUES ('301098cd-5ca5-4247-818d-3ab3ea901e45', '百货饰品', '2023-12-16 11:01:10', '2023-12-17 09:57:49', NULL);
INSERT INTO `category` VALUES ('56e55c0a-28c1-49ff-8d16-f3c10fd9481a', '休闲零食', '2023-12-20 16:28:57', '2023-12-20 16:28:57', NULL);
INSERT INTO `category` VALUES ('6758d24a-597b-4917-8707-e3aec3aa4919', '儿童天地', '2023-12-20 16:29:17', '2023-12-20 16:29:17', NULL);
INSERT INTO `category` VALUES ('96871277-6c9d-4b11-8ff0-5b608473c905', '家具家电', '2023-12-15 11:39:29', '2023-12-15 11:39:29', NULL);
INSERT INTO `category` VALUES ('973fbb5a-8481-462e-9c78-d223c9602d45', '数码产品', '2023-12-15 11:39:17', '2023-12-15 11:39:17', NULL);
INSERT INTO `category` VALUES ('bdfbbd36-6198-4b85-8a6d-0a523ba9a429', '精品女装', '2023-12-20 16:28:44', '2023-12-20 16:28:44', NULL);
INSERT INTO `category` VALUES ('d95fb2ae-06a7-4785-b34d-dc07cdfad32f', '时髦男装', '2023-12-15 11:39:45', '2023-12-15 11:39:45', NULL);
INSERT INTO `category` VALUES ('f3d1769e-5a3f-4bd8-919e-e52528a72e8d', '医药保健', '2023-12-15 11:40:30', '2023-12-15 11:40:30', NULL);

-- ----------------------------
-- Table structure for gen_table
-- ----------------------------
DROP TABLE IF EXISTS `gen_table`;
CREATE TABLE `gen_table`  (
  `table_id` bigint NOT NULL AUTO_INCREMENT COMMENT '编号',
  `table_name` varchar(200) CHARACTER SET utf8mb3 COLLATE utf8mb3_general_ci NULL DEFAULT '' COMMENT '表名称',
  `table_comment` varchar(500) CHARACTER SET utf8mb3 COLLATE utf8mb3_general_ci NULL DEFAULT '' COMMENT '表描述',
  `sub_table_name` varchar(64) CHARACTER SET utf8mb3 COLLATE utf8mb3_general_ci NULL DEFAULT NULL COMMENT '关联子表的表名',
  `sub_table_fk_name` varchar(64) CHARACTER SET utf8mb3 COLLATE utf8mb3_general_ci NULL DEFAULT NULL COMMENT '子表关联的外键名',
  `class_name` varchar(100) CHARACTER SET utf8mb3 COLLATE utf8mb3_general_ci NULL DEFAULT '' COMMENT '实体类名称',
  `tpl_category` varchar(200) CHARACTER SET utf8mb3 COLLATE utf8mb3_general_ci NULL DEFAULT 'crud' COMMENT '使用的模板（crud单表操作 tree树表操作）',
  `tpl_web_type` varchar(30) CHARACTER SET utf8mb3 COLLATE utf8mb3_general_ci NULL DEFAULT '' COMMENT '前端模板类型（element-ui模版 element-plus模版）',
  `package_name` varchar(100) CHARACTER SET utf8mb3 COLLATE utf8mb3_general_ci NULL DEFAULT NULL COMMENT '生成包路径',
  `module_name` varchar(30) CHARACTER SET utf8mb3 COLLATE utf8mb3_general_ci NULL DEFAULT NULL COMMENT '生成模块名',
  `business_name` varchar(30) CHARACTER SET utf8mb3 COLLATE utf8mb3_general_ci NULL DEFAULT NULL COMMENT '生成业务名',
  `function_name` varchar(50) CHARACTER SET utf8mb3 COLLATE utf8mb3_general_ci NULL DEFAULT NULL COMMENT '生成功能名',
  `function_author` varchar(50) CHARACTER SET utf8mb3 COLLATE utf8mb3_general_ci NULL DEFAULT NULL COMMENT '生成功能作者',
  `gen_type` char(1) CHARACTER SET utf8mb3 COLLATE utf8mb3_general_ci NULL DEFAULT '0' COMMENT '生成代码方式（0zip压缩包 1自定义路径）',
  `gen_path` varchar(200) CHARACTER SET utf8mb3 COLLATE utf8mb3_general_ci NULL DEFAULT '/' COMMENT '生成路径（不填默认项目路径）',
  `options` varchar(1000) CHARACTER SET utf8mb3 COLLATE utf8mb3_general_ci NULL DEFAULT NULL COMMENT '其它生成选项',
  `create_by` varchar(64) CHARACTER SET utf8mb3 COLLATE utf8mb3_general_ci NULL DEFAULT '' COMMENT '创建者',
  `create_time` datetime NULL DEFAULT NULL COMMENT '创建时间',
  `update_by` varchar(64) CHARACTER SET utf8mb3 COLLATE utf8mb3_general_ci NULL DEFAULT '' COMMENT '更新者',
  `update_time` datetime NULL DEFAULT NULL COMMENT '更新时间',
  `remark` varchar(500) CHARACTER SET utf8mb3 COLLATE utf8mb3_general_ci NULL DEFAULT NULL COMMENT '备注',
  PRIMARY KEY (`table_id`) USING BTREE
) ENGINE = InnoDB AUTO_INCREMENT = 9 CHARACTER SET = utf8mb3 COLLATE = utf8mb3_general_ci COMMENT = '代码生成业务表' ROW_FORMAT = Dynamic;

-- ----------------------------
-- Records of gen_table
-- ----------------------------
INSERT INTO `gen_table` VALUES (1, 'category', '商品分类表', NULL, NULL, 'Category', 'crud', 'element-ui', 'com.ruoyi', 'supermarket', 'category', '商品分类管理', 'qiutuan', '0', '/', '{\"parentMenuId\":2000}', 'admin', '2023-12-14 15:23:46', '', '2023-12-14 17:08:02', NULL);
INSERT INTO `gen_table` VALUES (2, 'product', '商品表', '', '', 'Product', 'crud', 'element-ui', 'com.ruoyi', 'supermarket', 'product', '商品', 'qiutuan', '0', '/', '{\"treeCode\":\"category_id\",\"treeName\":\"category_id\",\"treeParentCode\":\"category_id\",\"parentMenuId\":\"2000\"}', 'admin', '2023-12-14 15:23:46', '', '2023-12-14 16:10:22', NULL);
INSERT INTO `gen_table` VALUES (3, 'supplier', '供应商表', NULL, NULL, 'Supplier', 'crud', 'element-ui', 'com.ruoyi', 'supermarket', 'supplier', '供应商管理', 'qiutuan', '0', '/', '{\"parentMenuId\":\"2032\"}', 'admin', '2023-12-14 19:08:49', '', '2023-12-14 19:48:00', NULL);
INSERT INTO `gen_table` VALUES (4, 'supply_record', '供货记录表', NULL, NULL, 'SupplyRecord', 'crud', 'element-ui', 'com.ruoyi', 'supermarket', 'supplyRecord', '供货记录', 'qiutuan', '0', '/', '{\"parentMenuId\":\"2032\"}', 'admin', '2023-12-14 19:08:49', '', '2023-12-14 20:40:22', NULL);
INSERT INTO `gen_table` VALUES (5, 'revenue_statistics', '营收统计表', NULL, NULL, 'RevenueStatistics', 'crud', 'element-ui', 'com.ruoyi', 'supermarket', 'revenueStatistics', '营收统计', 'qiutuan', '0', '/', '{\"parentMenuId\":\"2051\"}', 'admin', '2023-12-17 10:09:04', '', '2023-12-17 11:46:10', NULL);
INSERT INTO `gen_table` VALUES (6, 'transaction_record', '交易记录表', NULL, NULL, 'TransactionRecord', 'crud', 'element-ui', 'com.ruoyi', 'supermarket', 'checkstand', '收银台', 'qiutuan', '0', '/', '{\"parentMenuId\":\"2064\"}', 'admin', '2023-12-17 10:09:04', '', '2023-12-19 09:08:44', NULL);
INSERT INTO `gen_table` VALUES (7, 'sys_config', '参数配置表', 'user', 'user_id', 'SysConfig', 'sub', 'element-ui', 'com.ruoyi.system', 'system', 'config', '参数配置', 'ruoyi', '0', '/', '{}', 'admin', '2023-12-20 21:04:09', '', '2023-12-20 21:04:35', NULL);
INSERT INTO `gen_table` VALUES (8, 'user', '用户表', 'user', 'user_id', 'User', 'sub', 'element-ui', 'com.ruoyi.system', 'system', 'user', '用户', 'ruoyi', '0', '/', '{}', 'admin', '2023-12-20 21:04:09', '', '2023-12-20 21:05:41', NULL);

-- ----------------------------
-- Table structure for gen_table_column
-- ----------------------------
DROP TABLE IF EXISTS `gen_table_column`;
CREATE TABLE `gen_table_column`  (
  `column_id` bigint NOT NULL AUTO_INCREMENT COMMENT '编号',
  `table_id` bigint NULL DEFAULT NULL COMMENT '归属表编号',
  `column_name` varchar(200) CHARACTER SET utf8mb3 COLLATE utf8mb3_general_ci NULL DEFAULT NULL COMMENT '列名称',
  `column_comment` varchar(500) CHARACTER SET utf8mb3 COLLATE utf8mb3_general_ci NULL DEFAULT NULL COMMENT '列描述',
  `column_type` varchar(100) CHARACTER SET utf8mb3 COLLATE utf8mb3_general_ci NULL DEFAULT NULL COMMENT '列类型',
  `java_type` varchar(500) CHARACTER SET utf8mb3 COLLATE utf8mb3_general_ci NULL DEFAULT NULL COMMENT 'JAVA类型',
  `java_field` varchar(200) CHARACTER SET utf8mb3 COLLATE utf8mb3_general_ci NULL DEFAULT NULL COMMENT 'JAVA字段名',
  `is_pk` char(1) CHARACTER SET utf8mb3 COLLATE utf8mb3_general_ci NULL DEFAULT NULL COMMENT '是否主键（1是）',
  `is_increment` char(1) CHARACTER SET utf8mb3 COLLATE utf8mb3_general_ci NULL DEFAULT NULL COMMENT '是否自增（1是）',
  `is_required` char(1) CHARACTER SET utf8mb3 COLLATE utf8mb3_general_ci NULL DEFAULT NULL COMMENT '是否必填（1是）',
  `is_insert` char(1) CHARACTER SET utf8mb3 COLLATE utf8mb3_general_ci NULL DEFAULT NULL COMMENT '是否为插入字段（1是）',
  `is_edit` char(1) CHARACTER SET utf8mb3 COLLATE utf8mb3_general_ci NULL DEFAULT NULL COMMENT '是否编辑字段（1是）',
  `is_list` char(1) CHARACTER SET utf8mb3 COLLATE utf8mb3_general_ci NULL DEFAULT NULL COMMENT '是否列表字段（1是）',
  `is_query` char(1) CHARACTER SET utf8mb3 COLLATE utf8mb3_general_ci NULL DEFAULT NULL COMMENT '是否查询字段（1是）',
  `query_type` varchar(200) CHARACTER SET utf8mb3 COLLATE utf8mb3_general_ci NULL DEFAULT 'EQ' COMMENT '查询方式（等于、不等于、大于、小于、范围）',
  `html_type` varchar(200) CHARACTER SET utf8mb3 COLLATE utf8mb3_general_ci NULL DEFAULT NULL COMMENT '显示类型（文本框、文本域、下拉框、复选框、单选框、日期控件）',
  `dict_type` varchar(200) CHARACTER SET utf8mb3 COLLATE utf8mb3_general_ci NULL DEFAULT '' COMMENT '字典类型',
  `sort` int NULL DEFAULT NULL COMMENT '排序',
  `create_by` varchar(64) CHARACTER SET utf8mb3 COLLATE utf8mb3_general_ci NULL DEFAULT '' COMMENT '创建者',
  `create_time` datetime NULL DEFAULT NULL COMMENT '创建时间',
  `update_by` varchar(64) CHARACTER SET utf8mb3 COLLATE utf8mb3_general_ci NULL DEFAULT '' COMMENT '更新者',
  `update_time` datetime NULL DEFAULT NULL COMMENT '更新时间',
  PRIMARY KEY (`column_id`) USING BTREE
) ENGINE = InnoDB AUTO_INCREMENT = 62 CHARACTER SET = utf8mb3 COLLATE = utf8mb3_general_ci COMMENT = '代码生成业务表字段' ROW_FORMAT = Dynamic;

-- ----------------------------
-- Records of gen_table_column
-- ----------------------------
INSERT INTO `gen_table_column` VALUES (1, 1, 'category_id', '分类ID', 'varchar(36)', 'String', 'categoryId', '1', '0', '0', '0', NULL, NULL, NULL, 'EQ', 'input', '', 1, 'admin', '2023-12-14 15:23:46', '', '2023-12-14 17:08:02');
INSERT INTO `gen_table_column` VALUES (2, 1, 'category_name', '分类名称', 'varchar(255)', 'String', 'categoryName', '0', '0', '0', '1', '1', '1', '1', 'LIKE', 'input', '', 2, 'admin', '2023-12-14 15:23:46', '', '2023-12-14 17:08:02');
INSERT INTO `gen_table_column` VALUES (3, 1, 'created_at', '创建时间', 'timestamp', 'Date', 'createdAt', '0', '0', '0', '0', '0', '1', '1', 'BETWEEN', 'datetime', '', 3, 'admin', '2023-12-14 15:23:46', '', '2023-12-14 17:08:02');
INSERT INTO `gen_table_column` VALUES (4, 1, 'updated_at', '修改时间', 'timestamp', 'Date', 'updatedAt', '0', '0', '0', '0', '0', '1', '0', 'EQ', 'datetime', '', 4, 'admin', '2023-12-14 15:23:46', '', '2023-12-14 17:08:02');
INSERT INTO `gen_table_column` VALUES (5, 1, 'is_deleted', '是否删除', 'tinyint(1)', 'Integer', 'isDeleted', '0', '0', '0', '0', '0', '0', '0', 'EQ', 'input', '', 5, 'admin', '2023-12-14 15:23:46', '', '2023-12-14 17:08:02');
INSERT INTO `gen_table_column` VALUES (6, 2, 'product_id', '商品ID', 'varchar(36)', 'String', 'productId', '1', '0', '0', '1', NULL, NULL, NULL, 'EQ', 'input', '', 1, 'admin', '2023-12-14 15:23:47', '', '2023-12-14 16:10:22');
INSERT INTO `gen_table_column` VALUES (7, 2, 'product_name', '商品名称', 'varchar(255)', 'String', 'productName', '0', '0', '1', '1', '1', '1', '1', 'LIKE', 'input', '', 2, 'admin', '2023-12-14 15:23:47', '', '2023-12-14 16:10:22');
INSERT INTO `gen_table_column` VALUES (8, 2, 'category_id', '商品分类ID', 'varchar(36)', 'String', 'categoryId', '0', '0', '1', '1', '1', '1', '1', 'EQ', 'select', '', 3, 'admin', '2023-12-14 15:23:47', '', '2023-12-14 16:10:22');
INSERT INTO `gen_table_column` VALUES (9, 2, 'price', '商品价格', 'decimal(10,2)', 'BigDecimal', 'price', '0', '0', '1', '1', '1', '1', '0', 'EQ', 'input', '', 4, 'admin', '2023-12-14 15:23:47', '', '2023-12-14 16:10:22');
INSERT INTO `gen_table_column` VALUES (10, 2, 'stock', '商品库存', 'int', 'Long', 'stock', '0', '0', '0', '0', '0', '1', '0', 'EQ', 'input', '', 5, 'admin', '2023-12-14 15:23:47', '', '2023-12-14 16:10:22');
INSERT INTO `gen_table_column` VALUES (11, 2, 'image_path', '商品图片', 'varchar(255)', 'String', 'imagePath', '0', '0', '0', '1', '1', '1', '0', 'EQ', 'imageUpload', '', 6, 'admin', '2023-12-14 15:23:47', '', '2023-12-14 16:10:22');
INSERT INTO `gen_table_column` VALUES (12, 2, 'created_at', '创建时间', 'timestamp', 'Date', 'createdAt', '0', '0', '0', '0', '0', '0', '0', 'EQ', 'datetime', '', 7, 'admin', '2023-12-14 15:23:47', '', '2023-12-14 16:10:22');
INSERT INTO `gen_table_column` VALUES (13, 2, 'updated_at', '修改时间', 'timestamp', 'Date', 'updatedAt', '0', '0', '0', '0', '0', '0', '0', 'EQ', 'datetime', '', 8, 'admin', '2023-12-14 15:23:47', '', '2023-12-14 16:10:22');
INSERT INTO `gen_table_column` VALUES (14, 2, 'is_deleted', '是否删除', 'tinyint(1)', 'Integer', 'isDeleted', '0', '0', '0', '0', '0', '0', '0', 'EQ', 'input', '', 9, 'admin', '2023-12-14 15:23:47', '', '2023-12-14 16:10:22');
INSERT INTO `gen_table_column` VALUES (15, 3, 'supplier_id', '供应商ID', 'varchar(36)', 'String', 'supplierId', '1', '0', '0', '0', NULL, NULL, NULL, 'EQ', 'input', '', 1, 'admin', '2023-12-14 19:08:49', '', '2023-12-14 19:48:00');
INSERT INTO `gen_table_column` VALUES (16, 3, 'supplier_name', '供应商名称', 'varchar(255)', 'String', 'supplierName', '0', '0', '1', '1', '1', '1', '1', 'LIKE', 'input', '', 2, 'admin', '2023-12-14 19:08:49', '', '2023-12-14 19:48:00');
INSERT INTO `gen_table_column` VALUES (17, 3, 'contact_info', '联系方式', 'varchar(255)', 'String', 'contactInfo', '0', '0', '1', '1', '1', '1', '0', 'EQ', 'input', '', 3, 'admin', '2023-12-14 19:08:49', '', '2023-12-14 19:48:00');
INSERT INTO `gen_table_column` VALUES (18, 3, 'created_at', '创建时间', 'timestamp', 'Date', 'createdAt', '0', '0', '0', '1', '0', '1', '1', 'BETWEEN', 'datetime', '', 4, 'admin', '2023-12-14 19:08:49', '', '2023-12-14 19:48:00');
INSERT INTO `gen_table_column` VALUES (19, 3, 'updated_at', '修改时间', 'timestamp', 'Date', 'updatedAt', '0', '0', '0', '1', '0', '1', '0', 'EQ', 'datetime', '', 5, 'admin', '2023-12-14 19:08:49', '', '2023-12-14 19:48:00');
INSERT INTO `gen_table_column` VALUES (20, 3, 'is_deleted', '是否删除', 'tinyint(1)', 'Integer', 'isDeleted', '0', '0', '0', '0', '0', '0', '0', 'EQ', 'input', '', 6, 'admin', '2023-12-14 19:08:49', '', '2023-12-14 19:48:00');
INSERT INTO `gen_table_column` VALUES (21, 4, 'record_id', '记录ID', 'varchar(36)', 'String', 'recordId', '1', '0', '0', '1', NULL, NULL, NULL, 'EQ', 'input', '', 1, 'admin', '2023-12-14 19:08:49', '', '2023-12-14 20:40:22');
INSERT INTO `gen_table_column` VALUES (22, 4, 'supplier_id', '供应商', 'varchar(36)', 'String', 'supplierId', '0', '0', '1', '1', '1', '1', '1', 'EQ', 'select', '', 2, 'admin', '2023-12-14 19:08:49', '', '2023-12-14 20:40:22');
INSERT INTO `gen_table_column` VALUES (23, 4, 'product_id', '商品', 'varchar(36)', 'String', 'productId', '0', '0', '1', '1', '1', '1', '1', 'EQ', 'select', '', 3, 'admin', '2023-12-14 19:08:49', '', '2023-12-14 20:40:22');
INSERT INTO `gen_table_column` VALUES (24, 4, 'supply_quantity', '供货数量', 'int', 'Long', 'supplyQuantity', '0', '0', '1', '1', '1', '1', '1', 'BETWEEN', 'input', '', 4, 'admin', '2023-12-14 19:08:49', '', '2023-12-14 20:40:22');
INSERT INTO `gen_table_column` VALUES (25, 4, 'supply_time', '供货时间', 'timestamp', 'Date', 'supplyTime', '0', '0', '1', '1', '1', '1', '1', 'BETWEEN', 'datetime', '', 5, 'admin', '2023-12-14 19:08:49', '', '2023-12-14 20:40:22');
INSERT INTO `gen_table_column` VALUES (26, 4, 'created_at', '创建时间', 'timestamp', 'Date', 'createdAt', '0', '0', '0', '1', '0', '1', '0', 'EQ', 'datetime', '', 6, 'admin', '2023-12-14 19:08:49', '', '2023-12-14 20:40:22');
INSERT INTO `gen_table_column` VALUES (27, 4, 'updated_at', '修改时间', 'timestamp', 'Date', 'updatedAt', '0', '0', '0', '1', '0', '1', '0', 'EQ', 'datetime', '', 7, 'admin', '2023-12-14 19:08:49', '', '2023-12-14 20:40:22');
INSERT INTO `gen_table_column` VALUES (28, 4, 'is_deleted', '是否删除', 'tinyint(1)', 'Integer', 'isDeleted', '0', '0', '0', '0', '0', '0', '0', 'EQ', 'input', '', 8, 'admin', '2023-12-14 19:08:49', '', '2023-12-14 20:40:22');
INSERT INTO `gen_table_column` VALUES (29, 5, 'stat_id', '统计ID', 'varchar(36)', 'String', 'statId', '1', '0', '0', '1', NULL, NULL, NULL, 'EQ', 'input', '', 1, 'admin', '2023-12-17 10:09:04', '', '2023-12-17 11:46:10');
INSERT INTO `gen_table_column` VALUES (30, 5, 'date', '日期', 'date', 'Date', 'date', '0', '0', '0', '1', '0', '1', '1', 'BETWEEN', 'datetime', '', 2, 'admin', '2023-12-17 10:09:04', '', '2023-12-17 11:46:10');
INSERT INTO `gen_table_column` VALUES (31, 5, 'total_sales', '总销售额', 'decimal(10,2)', 'BigDecimal', 'totalSales', '0', '0', '0', '1', '0', '1', '0', 'EQ', 'input', '', 3, 'admin', '2023-12-17 10:09:04', '', '2023-12-17 11:46:10');
INSERT INTO `gen_table_column` VALUES (32, 5, 'total_expenses', '总支出', 'decimal(10,2)', 'BigDecimal', 'totalExpenses', '0', '0', '0', '0', '0', '0', '0', 'EQ', 'input', '', 4, 'admin', '2023-12-17 10:09:04', '', '2023-12-17 11:46:10');
INSERT INTO `gen_table_column` VALUES (33, 5, 'net_income', '净收入', 'decimal(10,2)', 'BigDecimal', 'netIncome', '0', '0', '0', '0', '0', '0', '0', 'EQ', 'input', '', 5, 'admin', '2023-12-17 10:09:04', '', '2023-12-17 11:46:10');
INSERT INTO `gen_table_column` VALUES (34, 5, 'created_at', '创建时间', 'timestamp', 'Date', 'createdAt', '0', '0', '0', '0', '0', '0', '0', 'EQ', 'datetime', '', 6, 'admin', '2023-12-17 10:09:04', '', '2023-12-17 11:46:10');
INSERT INTO `gen_table_column` VALUES (35, 5, 'updated_at', '修改时间', 'timestamp', 'Date', 'updatedAt', '0', '0', '0', '0', '0', '0', '0', 'EQ', 'datetime', '', 7, 'admin', '2023-12-17 10:09:04', '', '2023-12-17 11:46:10');
INSERT INTO `gen_table_column` VALUES (36, 5, 'is_deleted', '是否删除', 'tinyint(1)', 'Integer', 'isDeleted', '0', '0', '0', '0', '0', '0', '0', 'EQ', 'input', '', 8, 'admin', '2023-12-17 10:09:04', '', '2023-12-17 11:46:10');
INSERT INTO `gen_table_column` VALUES (37, 6, 'record_id', '记录ID', 'varchar(36)', 'String', 'recordId', '1', '0', '0', '1', NULL, NULL, NULL, 'EQ', 'input', '', 1, 'admin', '2023-12-17 10:09:04', '', '2023-12-19 09:08:44');
INSERT INTO `gen_table_column` VALUES (38, 6, 'product_id', '商品ID', 'varchar(36)', 'String', 'productId', '0', '0', '0', '1', '0', '1', '1', 'LIKE', 'input', '', 2, 'admin', '2023-12-17 10:09:04', '', '2023-12-19 09:08:44');
INSERT INTO `gen_table_column` VALUES (39, 6, 'quantity', '商品数量', 'int', 'Long', 'quantity', '0', '0', '0', '1', '0', '1', '1', 'BETWEEN', 'input', '', 3, 'admin', '2023-12-17 10:09:04', '', '2023-12-19 09:08:44');
INSERT INTO `gen_table_column` VALUES (40, 6, 'transaction_time', '交易时间', 'timestamp', 'Date', 'transactionTime', '0', '0', '0', '1', '0', '1', '1', 'BETWEEN', 'datetime', '', 4, 'admin', '2023-12-17 10:09:04', '', '2023-12-19 09:08:44');
INSERT INTO `gen_table_column` VALUES (41, 6, 'transaction_amount', '交易金额', 'decimal(10,2)', 'BigDecimal', 'transactionAmount', '0', '0', '0', '1', '0', '1', '1', 'BETWEEN', 'input', '', 5, 'admin', '2023-12-17 10:09:04', '', '2023-12-19 09:08:44');
INSERT INTO `gen_table_column` VALUES (42, 6, 'created_at', '创建时间', 'timestamp', 'Date', 'createdAt', '0', '0', '0', '1', '0', '1', '0', 'EQ', 'datetime', '', 6, 'admin', '2023-12-17 10:09:04', '', '2023-12-19 09:08:44');
INSERT INTO `gen_table_column` VALUES (43, 6, 'updated_at', '修改时间', 'timestamp', 'Date', 'updatedAt', '0', '0', '0', '1', '0', '1', '0', 'EQ', 'datetime', '', 7, 'admin', '2023-12-17 10:09:04', '', '2023-12-19 09:08:44');
INSERT INTO `gen_table_column` VALUES (44, 6, 'is_deleted', '是否删除', 'tinyint(1)', 'Integer', 'isDeleted', '0', '0', '0', '0', '0', '0', '0', 'EQ', 'input', '', 8, 'admin', '2023-12-17 10:09:04', '', '2023-12-19 09:08:44');
INSERT INTO `gen_table_column` VALUES (45, 7, 'config_id', '参数主键', 'int', 'Long', 'configId', '1', '1', '0', '1', NULL, NULL, NULL, 'EQ', 'input', '', 1, 'admin', '2023-12-20 21:04:09', '', '2023-12-20 21:04:35');
INSERT INTO `gen_table_column` VALUES (46, 7, 'config_name', '参数名称', 'varchar(100)', 'String', 'configName', '0', '0', '0', '1', '1', '1', '1', 'LIKE', 'input', '', 2, 'admin', '2023-12-20 21:04:09', '', '2023-12-20 21:04:35');
INSERT INTO `gen_table_column` VALUES (47, 7, 'config_key', '参数键名', 'varchar(100)', 'String', 'configKey', '0', '0', '0', '1', '1', '1', '1', 'EQ', 'input', '', 3, 'admin', '2023-12-20 21:04:09', '', '2023-12-20 21:04:35');
INSERT INTO `gen_table_column` VALUES (48, 7, 'config_value', '参数键值', 'varchar(500)', 'String', 'configValue', '0', '0', '0', '1', '1', '1', '1', 'EQ', 'textarea', '', 4, 'admin', '2023-12-20 21:04:09', '', '2023-12-20 21:04:35');
INSERT INTO `gen_table_column` VALUES (49, 7, 'config_type', '系统内置（Y是 N否）', 'char(1)', 'String', 'configType', '0', '0', '0', '1', '1', '1', '1', 'EQ', 'select', '', 5, 'admin', '2023-12-20 21:04:09', '', '2023-12-20 21:04:35');
INSERT INTO `gen_table_column` VALUES (50, 7, 'create_by', '创建者', 'varchar(64)', 'String', 'createBy', '0', '0', '0', '1', NULL, NULL, NULL, 'EQ', 'input', '', 6, 'admin', '2023-12-20 21:04:09', '', '2023-12-20 21:04:35');
INSERT INTO `gen_table_column` VALUES (51, 7, 'create_time', '创建时间', 'datetime', 'Date', 'createTime', '0', '0', '0', '1', NULL, NULL, NULL, 'EQ', 'datetime', '', 7, 'admin', '2023-12-20 21:04:09', '', '2023-12-20 21:04:35');
INSERT INTO `gen_table_column` VALUES (52, 7, 'update_by', '更新者', 'varchar(64)', 'String', 'updateBy', '0', '0', '0', '1', '1', NULL, NULL, 'EQ', 'input', '', 8, 'admin', '2023-12-20 21:04:09', '', '2023-12-20 21:04:35');
INSERT INTO `gen_table_column` VALUES (53, 7, 'update_time', '更新时间', 'datetime', 'Date', 'updateTime', '0', '0', '0', '1', '1', NULL, NULL, 'EQ', 'datetime', '', 9, 'admin', '2023-12-20 21:04:09', '', '2023-12-20 21:04:35');
INSERT INTO `gen_table_column` VALUES (54, 7, 'remark', '备注', 'varchar(500)', 'String', 'remark', '0', '0', '0', '1', '1', '1', NULL, 'EQ', 'textarea', '', 10, 'admin', '2023-12-20 21:04:09', '', '2023-12-20 21:04:35');
INSERT INTO `gen_table_column` VALUES (55, 8, 'user_id', '用户ID', 'varchar(36)', 'String', 'userId', '1', '0', '0', '1', NULL, NULL, NULL, 'EQ', 'input', '', 1, 'admin', '2023-12-20 21:04:09', '', '2023-12-20 21:05:41');
INSERT INTO `gen_table_column` VALUES (56, 8, 'username', '用户名', 'varchar(255)', 'String', 'username', '0', '0', '0', '1', '1', '1', '1', 'LIKE', 'input', '', 2, 'admin', '2023-12-20 21:04:09', '', '2023-12-20 21:05:41');
INSERT INTO `gen_table_column` VALUES (57, 8, 'password', '密码', 'varchar(255)', 'String', 'password', '0', '0', '0', '1', '1', '1', '1', 'EQ', 'input', '', 3, 'admin', '2023-12-20 21:04:09', '', '2023-12-20 21:05:41');
INSERT INTO `gen_table_column` VALUES (58, 8, 'permission_level', '权限级别', 'int', 'Long', 'permissionLevel', '0', '0', '0', '1', '1', '1', '1', 'EQ', 'input', '', 4, 'admin', '2023-12-20 21:04:09', '', '2023-12-20 21:05:41');
INSERT INTO `gen_table_column` VALUES (59, 8, 'created_at', '创建时间', 'timestamp', 'Date', 'createdAt', '0', '0', '0', '1', '1', '1', '1', 'EQ', 'datetime', '', 5, 'admin', '2023-12-20 21:04:09', '', '2023-12-20 21:05:41');
INSERT INTO `gen_table_column` VALUES (60, 8, 'updated_at', '修改时间', 'timestamp', 'Date', 'updatedAt', '0', '0', '0', '1', '1', '1', '1', 'EQ', 'datetime', '', 6, 'admin', '2023-12-20 21:04:09', '', '2023-12-20 21:05:41');
INSERT INTO `gen_table_column` VALUES (61, 8, 'is_deleted', '是否删除', 'tinyint(1)', 'Integer', 'isDeleted', '0', '0', '0', '1', '1', '1', '1', 'EQ', 'input', '', 7, 'admin', '2023-12-20 21:04:09', '', '2023-12-20 21:05:41');

-- ----------------------------
-- Table structure for product
-- ----------------------------
DROP TABLE IF EXISTS `product`;
CREATE TABLE `product`  (
  `product_id` varchar(36) CHARACTER SET utf8mb4 COLLATE utf8mb4_0900_ai_ci NOT NULL COMMENT '商品ID',
  `product_name` varchar(255) CHARACTER SET utf8mb4 COLLATE utf8mb4_0900_ai_ci NULL DEFAULT NULL COMMENT '商品名称',
  `category_id` varchar(36) CHARACTER SET utf8mb4 COLLATE utf8mb4_0900_ai_ci NULL DEFAULT NULL COMMENT '商品分类ID',
  `price` decimal(10, 2) NULL DEFAULT NULL COMMENT '商品价格',
  `stock` int NULL DEFAULT NULL COMMENT '商品库存',
  `image_path` varchar(255) CHARACTER SET utf8mb4 COLLATE utf8mb4_0900_ai_ci NULL DEFAULT NULL COMMENT '商品图片路径',
  `created_at` timestamp NULL DEFAULT NULL COMMENT '创建时间',
  `updated_at` timestamp NULL DEFAULT NULL COMMENT '修改时间',
  `is_deleted` tinyint(1) NULL DEFAULT NULL COMMENT '是否删除',
  PRIMARY KEY (`product_id`) USING BTREE,
  INDEX `category_id`(`category_id` ASC) USING BTREE,
  CONSTRAINT `product_ibfk_1` FOREIGN KEY (`category_id`) REFERENCES `category` (`category_id`) ON DELETE RESTRICT ON UPDATE RESTRICT
) ENGINE = InnoDB CHARACTER SET = utf8mb4 COLLATE = utf8mb4_0900_ai_ci COMMENT = '商品表' ROW_FORMAT = DYNAMIC;

-- ----------------------------
-- Records of product
-- ----------------------------
INSERT INTO `product` VALUES ('0409d3a8-a4d5-4720-bbbc-d593b2a0da10', '康佳加湿器家用静音卧室雾化器空气加湿器桌面大容量香薰 加湿器', '96871277-6c9d-4b11-8ff0-5b608473c905', 98.30, 103, '/profile/upload/2023/12/16/12_20231216111133A013.jpg', NULL, NULL, NULL);
INSERT INTO `product` VALUES ('09a66817-3d97-4893-868c-b1762ec19b43', '高颜值迷你电饭煲1-2人家用宿舍小型电饭锅不粘内胆', '96871277-6c9d-4b11-8ff0-5b608473c905', 38.00, 0, '/profile/upload/2023/12/16/10_20231216111007A011.jpg', NULL, NULL, NULL);
INSERT INTO `product` VALUES ('1b77b5ae-53d7-4fac-a59c-4ed08e9695f6', '桌面塑料三层首饰发饰收纳展示架可拆装亚克力手链手环收纳归位台', '301098cd-5ca5-4247-818d-3ab3ea901e45', 29.00, 0, '/profile/upload/2023/12/16/6_20231216110609A007.jpg', NULL, NULL, NULL);
INSERT INTO `product` VALUES ('33e04ff2-1799-45d8-bd6b-4a0822249790', '284黑桃梳精装美发梳2元一件批发超市日用百货货源热销饰品美妆梳', '301098cd-5ca5-4247-818d-3ab3ea901e45', 2.00, 0, '/profile/upload/2023/12/16/7_20231216110653A008.jpg', NULL, NULL, NULL);
INSERT INTO `product` VALUES ('3d8bd0a2-0ee7-46d8-976a-9571385b6e32', '金属汽车钥匙配件带耳勺男士挂腰扣超市百货热销锁匙扣钥匙圈', '301098cd-5ca5-4247-818d-3ab3ea901e45', 1.30, 0, '/profile/upload/2023/12/16/5_20231216110524A006.jpg', NULL, NULL, NULL);
INSERT INTO `product` VALUES ('51a43610-9301-4150-9277-3a0c9fbaae17', '某品牌蓝牙耳机', '973fbb5a-8481-462e-9c78-d223c9602d45', 199.00, 48, '/profile/upload/2023/12/15/01d6975c931226a801208f8b7358b6.jpg@1280w_1l_2o_100sh_20231215143751A006.jpg', NULL, NULL, NULL);
INSERT INTO `product` VALUES ('52fa0fbe-9089-4b76-9795-9172ad0b1216', '日用百货超市的批发吸水不沾油抹布洗碗布擦桌擦手百洁布清洁毛巾', '301098cd-5ca5-4247-818d-3ab3ea901e45', 6.30, 0, '/profile/upload/2023/12/16/4_20231216110450A005.jpg', NULL, NULL, NULL);
INSERT INTO `product` VALUES ('559b4554-a995-49e1-b6bc-a29f24c7ca4f', 'USB拓展坞', '973fbb5a-8481-462e-9c78-d223c9602d45', 30.00, 94, '/profile/upload/2023/12/15/01cba85aa78ab9a801206d96bbe3f6.jpg@1280w_1l_2o_100sh_20231215143604A004.jpg', NULL, NULL, NULL);
INSERT INTO `product` VALUES ('7e23d381-1c6e-402f-b155-5fb5fda89693', '200克纯棉男士长袖t恤春秋季潮流宽松豆绿色打底衫重磅秋衣男装上', 'd95fb2ae-06a7-4785-b34d-dc07cdfad32f', 188.00, 0, '/profile/upload/2023/12/16/18_20231216112831A019.jpg', NULL, NULL, NULL);
INSERT INTO `product` VALUES ('8efa3213-1e34-40f0-8887-5850e03e9cd6', '香港医学研究院小儿退热贴儿童成人保健贴咳喘咽扁鼻塞感冒贴', 'f3d1769e-5a3f-4bd8-919e-e52528a72e8d', 7.60, 0, '/profile/upload/2023/12/16/14_20231216112429A015.jpg', NULL, NULL, NULL);
INSERT INTO `product` VALUES ('9428de72-0c8e-4863-980a-e20d864d5b76', '凡亚比 安卓数据线弯头 v8充电线micro手机usb快充3a', '973fbb5a-8481-462e-9c78-d223c9602d45', 4.30, 994, '/profile/upload/2023/12/16/17_20231216112717A018.jpg', NULL, NULL, NULL);
INSERT INTO `product` VALUES ('9bd531fc-b0c8-4230-80b0-c24848e0a3ca', '热销女式优雅小清新碎花花朵小香风发箍头箍超市两元店发饰头饰品', '301098cd-5ca5-4247-818d-3ab3ea901e45', 3.99, 0, '/profile/upload/2023/12/16/8_20231216110756A009.jpg', NULL, NULL, NULL);
INSERT INTO `product` VALUES ('9d1bdffa-02bf-4c7d-9003-27cf1756f3c7', '高领卫衣男女立领NASA上衣情侣装潮牌套头春秋季2023日系长袖外套', 'd95fb2ae-06a7-4785-b34d-dc07cdfad32f', 231.00, 0, '/profile/upload/2023/12/16/19_20231216112902A020.jpg', NULL, NULL, NULL);
INSERT INTO `product` VALUES ('a30a2fbf-fe80-48c5-aa19-391dcc9d1277', 'MagSafe磁吸无线充电宝10000毫安迷你超级快充移动电源', '973fbb5a-8481-462e-9c78-d223c9602d45', 15.00, 0, '/profile/upload/2023/12/16/15_20231216112545A016.jpg', NULL, NULL, NULL);
INSERT INTO `product` VALUES ('b42da347-4c64-474d-a0ca-c4c51ac64ff5', '电吹风机康夫5922家用理发店1900W发廊学生宿舍冷热吹风筒', '96871277-6c9d-4b11-8ff0-5b608473c905', 58.60, 0, '/profile/upload/2023/12/16/11_20231216111042A012.jpg', NULL, NULL, NULL);
INSERT INTO `product` VALUES ('b8c1f69e-5d73-4b4d-a504-1022a06d2d2e', ' 2023夏季新款中国风纯色衬衣男式盘扣立领薄款修身短袖衬 衫大码男', 'd95fb2ae-06a7-4785-b34d-dc07cdfad32f', 75.00, 0, '/profile/upload/2023/12/16/20_20231216112936A021.jpg', NULL, NULL, NULL);
INSERT INTO `product` VALUES ('b973b2f9-de4d-4fb4-b09a-bfdecbcba953', '尼康D750套机', '973fbb5a-8481-462e-9c78-d223c9602d45', 8999.00, 8, '/profile/upload/2023/12/15/01af665aa6a39da801206d96166904.jpg@3000w_1l_0o_100sh_20231215143939A007.jpg', NULL, NULL, NULL);
INSERT INTO `product` VALUES ('bc85ca8a-1f67-42a6-9e64-1e914673580b', '耳机一分二音频线电脑耳麦二合一转接线红黑扁线款转接音频线3.5', '973fbb5a-8481-462e-9c78-d223c9602d45', 1.25, 199, '/profile/upload/2023/12/16/16_20231216112633A017.jpg', NULL, NULL, NULL);
INSERT INTO `product` VALUES ('c4f70f4e-d09e-4e0b-8ff1-9e3640b72e9b', '强人4333A挂板钥匙扣 弹簧汽车钥匙链 夜市地摊超市热销锁匙扣', '301098cd-5ca5-4247-818d-3ab3ea901e45', 3.80, 0, '/profile/upload/2023/12/16/3_20231216110408A004.jpg', NULL, NULL, NULL);
INSERT INTO `product` VALUES ('c7b19046-c550-4355-865c-c6449fcdb005', '新款圣杯摇摇乐 台湾潮汕圣杯钥匙扣 寺庙阴阳牌祈愿求福保佑吊饰', '301098cd-5ca5-4247-818d-3ab3ea901e45', 5.30, 0, '/profile/upload/2023/12/16/1_20231216110245A002.jpg', NULL, NULL, NULL);
INSERT INTO `product` VALUES ('ca9fb273-e897-4d06-b47c-c442d92b8064', '健医师皮肤快康抑菌乳膏草本清爽滋润皮肤外用止痒软膏', 'f3d1769e-5a3f-4bd8-919e-e52528a72e8d', 13.40, 0, '/profile/upload/2023/12/16/13_20231216112333A014.jpg', NULL, NULL, NULL);
INSERT INTO `product` VALUES ('d1ccc616-0c03-4aff-9bb7-58680e557fbe', '随手杯便携提绳运动杯子可印刷LOGO促销广告杯创意商务 玻璃杯批发', '301098cd-5ca5-4247-818d-3ab3ea901e45', 19.90, 0, '/profile/upload/2023/12/16/2_20231216110328A003.jpg', NULL, NULL, NULL);
INSERT INTO `product` VALUES ('eddfcafd-6ca2-4aa9-a9ee-e794843017f9', '纯棉男士卫衣长袖秋季2023新款卫衣圆领男生美式情侣装上 衣潮', 'd95fb2ae-06a7-4785-b34d-dc07cdfad32f', 159.00, 0, '/profile/upload/2023/12/16/21_20231216113023A022.jpg', NULL, NULL, NULL);
INSERT INTO `product` VALUES ('ee84ca64-5e3e-4f16-bb09-0b25a4e0bb83', '秀禾服新娘头饰中式古装大气金色凤冠流苏皇后大婚结婚发饰显脸小', '301098cd-5ca5-4247-818d-3ab3ea901e45', 699.00, 0, '/profile/upload/2023/12/16/9_20231216110859A010.jpg', NULL, NULL, NULL);

-- ----------------------------
-- Table structure for qrtz_blob_triggers
-- ----------------------------
DROP TABLE IF EXISTS `qrtz_blob_triggers`;
CREATE TABLE `qrtz_blob_triggers`  (
  `sched_name` varchar(120) CHARACTER SET utf8mb3 COLLATE utf8mb3_general_ci NOT NULL COMMENT '调度名称',
  `trigger_name` varchar(200) CHARACTER SET utf8mb3 COLLATE utf8mb3_general_ci NOT NULL COMMENT 'qrtz_triggers表trigger_name的外键',
  `trigger_group` varchar(200) CHARACTER SET utf8mb3 COLLATE utf8mb3_general_ci NOT NULL COMMENT 'qrtz_triggers表trigger_group的外键',
  `blob_data` blob NULL COMMENT '存放持久化Trigger对象',
  PRIMARY KEY (`sched_name`, `trigger_name`, `trigger_group`) USING BTREE,
  CONSTRAINT `qrtz_blob_triggers_ibfk_1` FOREIGN KEY (`sched_name`, `trigger_name`, `trigger_group`) REFERENCES `qrtz_triggers` (`sched_name`, `trigger_name`, `trigger_group`) ON DELETE RESTRICT ON UPDATE RESTRICT
) ENGINE = InnoDB CHARACTER SET = utf8mb3 COLLATE = utf8mb3_general_ci COMMENT = 'Blob类型的触发器表' ROW_FORMAT = Dynamic;

-- ----------------------------
-- Records of qrtz_blob_triggers
-- ----------------------------

-- ----------------------------
-- Table structure for qrtz_calendars
-- ----------------------------
DROP TABLE IF EXISTS `qrtz_calendars`;
CREATE TABLE `qrtz_calendars`  (
  `sched_name` varchar(120) CHARACTER SET utf8mb3 COLLATE utf8mb3_general_ci NOT NULL COMMENT '调度名称',
  `calendar_name` varchar(200) CHARACTER SET utf8mb3 COLLATE utf8mb3_general_ci NOT NULL COMMENT '日历名称',
  `calendar` blob NOT NULL COMMENT '存放持久化calendar对象',
  PRIMARY KEY (`sched_name`, `calendar_name`) USING BTREE
) ENGINE = InnoDB CHARACTER SET = utf8mb3 COLLATE = utf8mb3_general_ci COMMENT = '日历信息表' ROW_FORMAT = Dynamic;

-- ----------------------------
-- Records of qrtz_calendars
-- ----------------------------

-- ----------------------------
-- Table structure for qrtz_cron_triggers
-- ----------------------------
DROP TABLE IF EXISTS `qrtz_cron_triggers`;
CREATE TABLE `qrtz_cron_triggers`  (
  `sched_name` varchar(120) CHARACTER SET utf8mb3 COLLATE utf8mb3_general_ci NOT NULL COMMENT '调度名称',
  `trigger_name` varchar(200) CHARACTER SET utf8mb3 COLLATE utf8mb3_general_ci NOT NULL COMMENT 'qrtz_triggers表trigger_name的外键',
  `trigger_group` varchar(200) CHARACTER SET utf8mb3 COLLATE utf8mb3_general_ci NOT NULL COMMENT 'qrtz_triggers表trigger_group的外键',
  `cron_expression` varchar(200) CHARACTER SET utf8mb3 COLLATE utf8mb3_general_ci NOT NULL COMMENT 'cron表达式',
  `time_zone_id` varchar(80) CHARACTER SET utf8mb3 COLLATE utf8mb3_general_ci NULL DEFAULT NULL COMMENT '时区',
  PRIMARY KEY (`sched_name`, `trigger_name`, `trigger_group`) USING BTREE,
  CONSTRAINT `qrtz_cron_triggers_ibfk_1` FOREIGN KEY (`sched_name`, `trigger_name`, `trigger_group`) REFERENCES `qrtz_triggers` (`sched_name`, `trigger_name`, `trigger_group`) ON DELETE RESTRICT ON UPDATE RESTRICT
) ENGINE = InnoDB CHARACTER SET = utf8mb3 COLLATE = utf8mb3_general_ci COMMENT = 'Cron类型的触发器表' ROW_FORMAT = Dynamic;

-- ----------------------------
-- Records of qrtz_cron_triggers
-- ----------------------------

-- ----------------------------
-- Table structure for qrtz_fired_triggers
-- ----------------------------
DROP TABLE IF EXISTS `qrtz_fired_triggers`;
CREATE TABLE `qrtz_fired_triggers`  (
  `sched_name` varchar(120) CHARACTER SET utf8mb3 COLLATE utf8mb3_general_ci NOT NULL COMMENT '调度名称',
  `entry_id` varchar(95) CHARACTER SET utf8mb3 COLLATE utf8mb3_general_ci NOT NULL COMMENT '调度器实例id',
  `trigger_name` varchar(200) CHARACTER SET utf8mb3 COLLATE utf8mb3_general_ci NOT NULL COMMENT 'qrtz_triggers表trigger_name的外键',
  `trigger_group` varchar(200) CHARACTER SET utf8mb3 COLLATE utf8mb3_general_ci NOT NULL COMMENT 'qrtz_triggers表trigger_group的外键',
  `instance_name` varchar(200) CHARACTER SET utf8mb3 COLLATE utf8mb3_general_ci NOT NULL COMMENT '调度器实例名',
  `fired_time` bigint NOT NULL COMMENT '触发的时间',
  `sched_time` bigint NOT NULL COMMENT '定时器制定的时间',
  `priority` int NOT NULL COMMENT '优先级',
  `state` varchar(16) CHARACTER SET utf8mb3 COLLATE utf8mb3_general_ci NOT NULL COMMENT '状态',
  `job_name` varchar(200) CHARACTER SET utf8mb3 COLLATE utf8mb3_general_ci NULL DEFAULT NULL COMMENT '任务名称',
  `job_group` varchar(200) CHARACTER SET utf8mb3 COLLATE utf8mb3_general_ci NULL DEFAULT NULL COMMENT '任务组名',
  `is_nonconcurrent` varchar(1) CHARACTER SET utf8mb3 COLLATE utf8mb3_general_ci NULL DEFAULT NULL COMMENT '是否并发',
  `requests_recovery` varchar(1) CHARACTER SET utf8mb3 COLLATE utf8mb3_general_ci NULL DEFAULT NULL COMMENT '是否接受恢复执行',
  PRIMARY KEY (`sched_name`, `entry_id`) USING BTREE
) ENGINE = InnoDB CHARACTER SET = utf8mb3 COLLATE = utf8mb3_general_ci COMMENT = '已触发的触发器表' ROW_FORMAT = Dynamic;

-- ----------------------------
-- Records of qrtz_fired_triggers
-- ----------------------------

-- ----------------------------
-- Table structure for qrtz_job_details
-- ----------------------------
DROP TABLE IF EXISTS `qrtz_job_details`;
CREATE TABLE `qrtz_job_details`  (
  `sched_name` varchar(120) CHARACTER SET utf8mb3 COLLATE utf8mb3_general_ci NOT NULL COMMENT '调度名称',
  `job_name` varchar(200) CHARACTER SET utf8mb3 COLLATE utf8mb3_general_ci NOT NULL COMMENT '任务名称',
  `job_group` varchar(200) CHARACTER SET utf8mb3 COLLATE utf8mb3_general_ci NOT NULL COMMENT '任务组名',
  `description` varchar(250) CHARACTER SET utf8mb3 COLLATE utf8mb3_general_ci NULL DEFAULT NULL COMMENT '相关介绍',
  `job_class_name` varchar(250) CHARACTER SET utf8mb3 COLLATE utf8mb3_general_ci NOT NULL COMMENT '执行任务类名称',
  `is_durable` varchar(1) CHARACTER SET utf8mb3 COLLATE utf8mb3_general_ci NOT NULL COMMENT '是否持久化',
  `is_nonconcurrent` varchar(1) CHARACTER SET utf8mb3 COLLATE utf8mb3_general_ci NOT NULL COMMENT '是否并发',
  `is_update_data` varchar(1) CHARACTER SET utf8mb3 COLLATE utf8mb3_general_ci NOT NULL COMMENT '是否更新数据',
  `requests_recovery` varchar(1) CHARACTER SET utf8mb3 COLLATE utf8mb3_general_ci NOT NULL COMMENT '是否接受恢复执行',
  `job_data` blob NULL COMMENT '存放持久化job对象',
  PRIMARY KEY (`sched_name`, `job_name`, `job_group`) USING BTREE
) ENGINE = InnoDB CHARACTER SET = utf8mb3 COLLATE = utf8mb3_general_ci COMMENT = '任务详细信息表' ROW_FORMAT = Dynamic;

-- ----------------------------
-- Records of qrtz_job_details
-- ----------------------------

-- ----------------------------
-- Table structure for qrtz_locks
-- ----------------------------
DROP TABLE IF EXISTS `qrtz_locks`;
CREATE TABLE `qrtz_locks`  (
  `sched_name` varchar(120) CHARACTER SET utf8mb3 COLLATE utf8mb3_general_ci NOT NULL COMMENT '调度名称',
  `lock_name` varchar(40) CHARACTER SET utf8mb3 COLLATE utf8mb3_general_ci NOT NULL COMMENT '悲观锁名称',
  PRIMARY KEY (`sched_name`, `lock_name`) USING BTREE
) ENGINE = InnoDB CHARACTER SET = utf8mb3 COLLATE = utf8mb3_general_ci COMMENT = '存储的悲观锁信息表' ROW_FORMAT = Dynamic;

-- ----------------------------
-- Records of qrtz_locks
-- ----------------------------

-- ----------------------------
-- Table structure for qrtz_paused_trigger_grps
-- ----------------------------
DROP TABLE IF EXISTS `qrtz_paused_trigger_grps`;
CREATE TABLE `qrtz_paused_trigger_grps`  (
  `sched_name` varchar(120) CHARACTER SET utf8mb3 COLLATE utf8mb3_general_ci NOT NULL COMMENT '调度名称',
  `trigger_group` varchar(200) CHARACTER SET utf8mb3 COLLATE utf8mb3_general_ci NOT NULL COMMENT 'qrtz_triggers表trigger_group的外键',
  PRIMARY KEY (`sched_name`, `trigger_group`) USING BTREE
) ENGINE = InnoDB CHARACTER SET = utf8mb3 COLLATE = utf8mb3_general_ci COMMENT = '暂停的触发器表' ROW_FORMAT = Dynamic;

-- ----------------------------
-- Records of qrtz_paused_trigger_grps
-- ----------------------------

-- ----------------------------
-- Table structure for qrtz_scheduler_state
-- ----------------------------
DROP TABLE IF EXISTS `qrtz_scheduler_state`;
CREATE TABLE `qrtz_scheduler_state`  (
  `sched_name` varchar(120) CHARACTER SET utf8mb3 COLLATE utf8mb3_general_ci NOT NULL COMMENT '调度名称',
  `instance_name` varchar(200) CHARACTER SET utf8mb3 COLLATE utf8mb3_general_ci NOT NULL COMMENT '实例名称',
  `last_checkin_time` bigint NOT NULL COMMENT '上次检查时间',
  `checkin_interval` bigint NOT NULL COMMENT '检查间隔时间',
  PRIMARY KEY (`sched_name`, `instance_name`) USING BTREE
) ENGINE = InnoDB CHARACTER SET = utf8mb3 COLLATE = utf8mb3_general_ci COMMENT = '调度器状态表' ROW_FORMAT = Dynamic;

-- ----------------------------
-- Records of qrtz_scheduler_state
-- ----------------------------

-- ----------------------------
-- Table structure for qrtz_simple_triggers
-- ----------------------------
DROP TABLE IF EXISTS `qrtz_simple_triggers`;
CREATE TABLE `qrtz_simple_triggers`  (
  `sched_name` varchar(120) CHARACTER SET utf8mb3 COLLATE utf8mb3_general_ci NOT NULL COMMENT '调度名称',
  `trigger_name` varchar(200) CHARACTER SET utf8mb3 COLLATE utf8mb3_general_ci NOT NULL COMMENT 'qrtz_triggers表trigger_name的外键',
  `trigger_group` varchar(200) CHARACTER SET utf8mb3 COLLATE utf8mb3_general_ci NOT NULL COMMENT 'qrtz_triggers表trigger_group的外键',
  `repeat_count` bigint NOT NULL COMMENT '重复的次数统计',
  `repeat_interval` bigint NOT NULL COMMENT '重复的间隔时间',
  `times_triggered` bigint NOT NULL COMMENT '已经触发的次数',
  PRIMARY KEY (`sched_name`, `trigger_name`, `trigger_group`) USING BTREE,
  CONSTRAINT `qrtz_simple_triggers_ibfk_1` FOREIGN KEY (`sched_name`, `trigger_name`, `trigger_group`) REFERENCES `qrtz_triggers` (`sched_name`, `trigger_name`, `trigger_group`) ON DELETE RESTRICT ON UPDATE RESTRICT
) ENGINE = InnoDB CHARACTER SET = utf8mb3 COLLATE = utf8mb3_general_ci COMMENT = '简单触发器的信息表' ROW_FORMAT = Dynamic;

-- ----------------------------
-- Records of qrtz_simple_triggers
-- ----------------------------

-- ----------------------------
-- Table structure for qrtz_simprop_triggers
-- ----------------------------
DROP TABLE IF EXISTS `qrtz_simprop_triggers`;
CREATE TABLE `qrtz_simprop_triggers`  (
  `sched_name` varchar(120) CHARACTER SET utf8mb3 COLLATE utf8mb3_general_ci NOT NULL COMMENT '调度名称',
  `trigger_name` varchar(200) CHARACTER SET utf8mb3 COLLATE utf8mb3_general_ci NOT NULL COMMENT 'qrtz_triggers表trigger_name的外键',
  `trigger_group` varchar(200) CHARACTER SET utf8mb3 COLLATE utf8mb3_general_ci NOT NULL COMMENT 'qrtz_triggers表trigger_group的外键',
  `str_prop_1` varchar(512) CHARACTER SET utf8mb3 COLLATE utf8mb3_general_ci NULL DEFAULT NULL COMMENT 'String类型的trigger的第一个参数',
  `str_prop_2` varchar(512) CHARACTER SET utf8mb3 COLLATE utf8mb3_general_ci NULL DEFAULT NULL COMMENT 'String类型的trigger的第二个参数',
  `str_prop_3` varchar(512) CHARACTER SET utf8mb3 COLLATE utf8mb3_general_ci NULL DEFAULT NULL COMMENT 'String类型的trigger的第三个参数',
  `int_prop_1` int NULL DEFAULT NULL COMMENT 'int类型的trigger的第一个参数',
  `int_prop_2` int NULL DEFAULT NULL COMMENT 'int类型的trigger的第二个参数',
  `long_prop_1` bigint NULL DEFAULT NULL COMMENT 'long类型的trigger的第一个参数',
  `long_prop_2` bigint NULL DEFAULT NULL COMMENT 'long类型的trigger的第二个参数',
  `dec_prop_1` decimal(13, 4) NULL DEFAULT NULL COMMENT 'decimal类型的trigger的第一个参数',
  `dec_prop_2` decimal(13, 4) NULL DEFAULT NULL COMMENT 'decimal类型的trigger的第二个参数',
  `bool_prop_1` varchar(1) CHARACTER SET utf8mb3 COLLATE utf8mb3_general_ci NULL DEFAULT NULL COMMENT 'Boolean类型的trigger的第一个参数',
  `bool_prop_2` varchar(1) CHARACTER SET utf8mb3 COLLATE utf8mb3_general_ci NULL DEFAULT NULL COMMENT 'Boolean类型的trigger的第二个参数',
  PRIMARY KEY (`sched_name`, `trigger_name`, `trigger_group`) USING BTREE,
  CONSTRAINT `qrtz_simprop_triggers_ibfk_1` FOREIGN KEY (`sched_name`, `trigger_name`, `trigger_group`) REFERENCES `qrtz_triggers` (`sched_name`, `trigger_name`, `trigger_group`) ON DELETE RESTRICT ON UPDATE RESTRICT
) ENGINE = InnoDB CHARACTER SET = utf8mb3 COLLATE = utf8mb3_general_ci COMMENT = '同步机制的行锁表' ROW_FORMAT = Dynamic;

-- ----------------------------
-- Records of qrtz_simprop_triggers
-- ----------------------------

-- ----------------------------
-- Table structure for qrtz_triggers
-- ----------------------------
DROP TABLE IF EXISTS `qrtz_triggers`;
CREATE TABLE `qrtz_triggers`  (
  `sched_name` varchar(120) CHARACTER SET utf8mb3 COLLATE utf8mb3_general_ci NOT NULL COMMENT '调度名称',
  `trigger_name` varchar(200) CHARACTER SET utf8mb3 COLLATE utf8mb3_general_ci NOT NULL COMMENT '触发器的名字',
  `trigger_group` varchar(200) CHARACTER SET utf8mb3 COLLATE utf8mb3_general_ci NOT NULL COMMENT '触发器所属组的名字',
  `job_name` varchar(200) CHARACTER SET utf8mb3 COLLATE utf8mb3_general_ci NOT NULL COMMENT 'qrtz_job_details表job_name的外键',
  `job_group` varchar(200) CHARACTER SET utf8mb3 COLLATE utf8mb3_general_ci NOT NULL COMMENT 'qrtz_job_details表job_group的外键',
  `description` varchar(250) CHARACTER SET utf8mb3 COLLATE utf8mb3_general_ci NULL DEFAULT NULL COMMENT '相关介绍',
  `next_fire_time` bigint NULL DEFAULT NULL COMMENT '上一次触发时间（毫秒）',
  `prev_fire_time` bigint NULL DEFAULT NULL COMMENT '下一次触发时间（默认为-1表示不触发）',
  `priority` int NULL DEFAULT NULL COMMENT '优先级',
  `trigger_state` varchar(16) CHARACTER SET utf8mb3 COLLATE utf8mb3_general_ci NOT NULL COMMENT '触发器状态',
  `trigger_type` varchar(8) CHARACTER SET utf8mb3 COLLATE utf8mb3_general_ci NOT NULL COMMENT '触发器的类型',
  `start_time` bigint NOT NULL COMMENT '开始时间',
  `end_time` bigint NULL DEFAULT NULL COMMENT '结束时间',
  `calendar_name` varchar(200) CHARACTER SET utf8mb3 COLLATE utf8mb3_general_ci NULL DEFAULT NULL COMMENT '日程表名称',
  `misfire_instr` smallint NULL DEFAULT NULL COMMENT '补偿执行的策略',
  `job_data` blob NULL COMMENT '存放持久化job对象',
  PRIMARY KEY (`sched_name`, `trigger_name`, `trigger_group`) USING BTREE,
  INDEX `sched_name`(`sched_name` ASC, `job_name` ASC, `job_group` ASC) USING BTREE,
  CONSTRAINT `qrtz_triggers_ibfk_1` FOREIGN KEY (`sched_name`, `job_name`, `job_group`) REFERENCES `qrtz_job_details` (`sched_name`, `job_name`, `job_group`) ON DELETE RESTRICT ON UPDATE RESTRICT
) ENGINE = InnoDB CHARACTER SET = utf8mb3 COLLATE = utf8mb3_general_ci COMMENT = '触发器详细信息表' ROW_FORMAT = Dynamic;

-- ----------------------------
-- Records of qrtz_triggers
-- ----------------------------

-- ----------------------------
-- Table structure for revenue_statistics
-- ----------------------------
DROP TABLE IF EXISTS `revenue_statistics`;
CREATE TABLE `revenue_statistics`  (
  `stat_id` varchar(36) CHARACTER SET utf8mb4 COLLATE utf8mb4_0900_ai_ci NOT NULL COMMENT '统计ID',
  `date` date NULL DEFAULT NULL COMMENT '日期',
  `total_sales` decimal(10, 2) NULL DEFAULT NULL COMMENT '总销售额',
  `total_expenses` decimal(10, 2) NULL DEFAULT NULL COMMENT '总支出',
  `net_income` decimal(10, 2) NULL DEFAULT NULL COMMENT '净收入',
  `created_at` timestamp NULL DEFAULT NULL COMMENT '创建时间',
  `updated_at` timestamp NULL DEFAULT NULL COMMENT '修改时间',
  `is_deleted` tinyint(1) NULL DEFAULT NULL COMMENT '是否删除',
  PRIMARY KEY (`stat_id`) USING BTREE
) ENGINE = InnoDB CHARACTER SET = utf8mb4 COLLATE = utf8mb4_0900_ai_ci COMMENT = '营收统计表' ROW_FORMAT = DYNAMIC;

-- ----------------------------
-- Records of revenue_statistics
-- ----------------------------
INSERT INTO `revenue_statistics` VALUES ('3127a166-c8ba-4532-b057-sdad09c1ca3e', '2023-12-12', 999.60, 0.00, 0.00, '2023-12-20 15:33:02', '2023-12-20 15:33:02', 0);
INSERT INTO `revenue_statistics` VALUES ('7187a134-c8ba-4532-b057-sd5309c1ca3e', '2023-12-10', 4536.00, 0.00, 0.00, '2023-12-20 15:33:02', '2023-12-20 15:33:02', 0);
INSERT INTO `revenue_statistics` VALUES ('7187a134-c8ba-4532-b057-sdad09c1ca3e', '2023-12-11', 1234.00, 0.00, 0.00, '2023-12-20 15:33:02', '2023-12-20 15:33:02', 0);
INSERT INTO `revenue_statistics` VALUES ('7187a134-c8ba-4532-b127-sd5309c1ca3e', '2023-12-09', 2345.00, 0.00, 0.00, '2023-12-20 15:33:02', '2023-12-20 15:33:02', 0);
INSERT INTO `revenue_statistics` VALUES ('7187a134-c8ba-4532-b127-sd54esc1ca3e', '2023-12-08', 7345.00, 0.00, 0.00, '2023-12-20 15:33:02', '2023-12-20 15:33:02', 0);
INSERT INTO `revenue_statistics` VALUES ('7187a166-c8ba-4512-b057-sbnh09c1ca3e', '2023-12-13', 2345.60, 0.00, 0.00, '2023-12-20 15:33:02', '2023-12-20 15:33:02', 0);
INSERT INTO `revenue_statistics` VALUES ('7187a166-c8ba-4512-b057-sdad09c1ca3e', '2023-12-15', 295.60, 0.00, 0.00, '2023-12-20 15:33:02', '2023-12-20 15:33:02', 0);
INSERT INTO `revenue_statistics` VALUES ('7187a166-c8ba-4512-b057-sdgh09c1ca3e', '2023-12-14', 9195.60, 0.00, 0.00, '2023-12-20 15:33:02', '2023-12-20 15:33:02', 0);
INSERT INTO `revenue_statistics` VALUES ('7187a166-c8ba-4512-br52-sdgh09c1ca3e', '2023-12-11', 235.60, 0.00, 0.00, '2023-12-20 15:33:02', '2023-12-20 15:33:02', 0);
INSERT INTO `revenue_statistics` VALUES ('7187a166-c8ba-4512-fgh7-sdgh09c1ca3e', '2023-12-12', 9125.60, 0.00, 0.00, '2023-12-20 15:33:02', '2023-12-20 15:33:02', 0);
INSERT INTO `revenue_statistics` VALUES ('7187a166-c8ba-4532-b057-cead08c0ca3e', '2023-12-20', 8195.60, 0.00, 0.00, '2023-12-20 15:33:02', '2023-12-20 15:33:02', 0);
INSERT INTO `revenue_statistics` VALUES ('7187a166-c8ba-4532-b057-cead09c0ca3e', '2023-12-19', 5195.60, 0.00, 0.00, '2023-12-20 15:33:02', '2023-12-20 15:33:02', 0);
INSERT INTO `revenue_statistics` VALUES ('7187a166-c8ba-4532-b057-cead09c1ca3e', '2023-12-18', 9345.60, 0.00, 0.00, '2023-12-20 15:33:02', '2023-12-20 15:33:02', 0);
INSERT INTO `revenue_statistics` VALUES ('7187a166-c8ba-4532-b057-sdad09asda3e', '2023-12-16', 6195.60, 0.00, 0.00, '2023-12-20 15:33:02', '2023-12-20 15:33:02', 0);
INSERT INTO `revenue_statistics` VALUES ('7187a166-c8ba-4532-b057-sdad09c1ca3e', '2023-12-17', 95.60, 0.00, 0.00, '2023-12-20 15:33:02', '2023-12-20 15:33:02', 0);
INSERT INTO `revenue_statistics` VALUES ('b2c690e4-793f-4ecb-a7af-de6f37c851ba', '2023-12-21', 9729.35, 0.00, 0.00, '2023-12-21 08:30:12', '2023-12-21 08:30:12', 0);

-- ----------------------------
-- Table structure for supplier
-- ----------------------------
DROP TABLE IF EXISTS `supplier`;
CREATE TABLE `supplier`  (
  `supplier_id` varchar(36) CHARACTER SET utf8mb4 COLLATE utf8mb4_0900_ai_ci NOT NULL COMMENT '供应商ID',
  `supplier_name` varchar(255) CHARACTER SET utf8mb4 COLLATE utf8mb4_0900_ai_ci NULL DEFAULT NULL COMMENT '供应商名称',
  `contact_info` varchar(255) CHARACTER SET utf8mb4 COLLATE utf8mb4_0900_ai_ci NULL DEFAULT NULL COMMENT '联系方式',
  `created_at` timestamp NULL DEFAULT NULL COMMENT '创建时间',
  `updated_at` timestamp NULL DEFAULT NULL COMMENT '修改时间',
  `is_deleted` tinyint(1) NULL DEFAULT NULL COMMENT '是否删除',
  PRIMARY KEY (`supplier_id`) USING BTREE
) ENGINE = InnoDB CHARACTER SET = utf8mb4 COLLATE = utf8mb4_0900_ai_ci COMMENT = '供应商表' ROW_FORMAT = DYNAMIC;

-- ----------------------------
-- Records of supplier
-- ----------------------------
INSERT INTO `supplier` VALUES ('e4e94bee-857b-4893-a264-a91379307fa9', '球团数码', '18000000000', '2023-12-15 14:40:23', '2023-12-15 14:40:23', NULL);

-- ----------------------------
-- Table structure for supply_record
-- ----------------------------
DROP TABLE IF EXISTS `supply_record`;
CREATE TABLE `supply_record`  (
  `record_id` varchar(36) CHARACTER SET utf8mb4 COLLATE utf8mb4_0900_ai_ci NOT NULL COMMENT '记录ID',
  `supplier_id` varchar(36) CHARACTER SET utf8mb4 COLLATE utf8mb4_0900_ai_ci NULL DEFAULT NULL COMMENT '供应商ID',
  `product_id` varchar(36) CHARACTER SET utf8mb4 COLLATE utf8mb4_0900_ai_ci NULL DEFAULT NULL COMMENT '商品ID',
  `supply_quantity` int NULL DEFAULT NULL COMMENT '供货数量',
  `supply_time` timestamp NULL DEFAULT NULL COMMENT '供货时间',
  `created_at` timestamp NULL DEFAULT NULL COMMENT '创建时间',
  `updated_at` timestamp NULL DEFAULT NULL COMMENT '修改时间',
  `is_deleted` tinyint(1) NULL DEFAULT NULL COMMENT '是否删除',
  PRIMARY KEY (`record_id`) USING BTREE,
  INDEX `supplier_id`(`supplier_id` ASC) USING BTREE,
  INDEX `product_id`(`product_id` ASC) USING BTREE,
  CONSTRAINT `supply_record_ibfk_1` FOREIGN KEY (`supplier_id`) REFERENCES `supplier` (`supplier_id`) ON DELETE RESTRICT ON UPDATE RESTRICT,
  CONSTRAINT `supply_record_ibfk_2` FOREIGN KEY (`product_id`) REFERENCES `product` (`product_id`) ON DELETE RESTRICT ON UPDATE RESTRICT
) ENGINE = InnoDB CHARACTER SET = utf8mb4 COLLATE = utf8mb4_0900_ai_ci COMMENT = '供货记录表' ROW_FORMAT = DYNAMIC;

-- ----------------------------
-- Records of supply_record
-- ----------------------------
INSERT INTO `supply_record` VALUES ('3193f7bc-4a21-4ba8-ad82-aef0f6f2e941', 'e4e94bee-857b-4893-a264-a91379307fa9', '559b4554-a995-49e1-b6bc-a29f24c7ca4f', 100, '2023-12-16 00:00:00', '2023-12-16 11:33:54', '2023-12-16 11:33:54', NULL);
INSERT INTO `supply_record` VALUES ('5bd2a197-ef68-480c-ab73-1f29ff93760b', 'e4e94bee-857b-4893-a264-a91379307fa9', 'b973b2f9-de4d-4fb4-b09a-bfdecbcba953', 10, '2023-12-15 00:00:00', '2023-12-15 14:54:34', '2023-12-15 14:55:59', NULL);
INSERT INTO `supply_record` VALUES ('7ef75f26-7437-4c37-9198-2b737109828d', 'e4e94bee-857b-4893-a264-a91379307fa9', '51a43610-9301-4150-9277-3a0c9fbaae17', 50, '2023-12-16 00:00:00', '2023-12-16 11:35:28', '2023-12-16 11:35:28', NULL);
INSERT INTO `supply_record` VALUES ('7f1f74b2-4eca-41b5-89f3-5e09f0fbc997', 'e4e94bee-857b-4893-a264-a91379307fa9', '9428de72-0c8e-4863-980a-e20d864d5b76', 1000, '2023-12-16 00:00:00', '2023-12-16 11:35:48', '2023-12-16 11:35:48', NULL);
INSERT INTO `supply_record` VALUES ('86684486-1941-4110-a137-becca524d54e', 'e4e94bee-857b-4893-a264-a91379307fa9', '0409d3a8-a4d5-4720-bbbc-d593b2a0da10', 11, '2023-12-28 00:00:00', '2023-12-19 16:20:44', '2023-12-19 16:20:44', NULL);
INSERT INTO `supply_record` VALUES ('a5179619-1ac8-4438-8bd3-dd2910257ad1', 'e4e94bee-857b-4893-a264-a91379307fa9', '0409d3a8-a4d5-4720-bbbc-d593b2a0da10', 11, '2023-12-20 00:00:00', '2023-12-19 15:06:20', '2023-12-19 15:06:20', NULL);
INSERT INTO `supply_record` VALUES ('bd3fc76a-d538-4d6a-beeb-028530b7f4e3', 'e4e94bee-857b-4893-a264-a91379307fa9', 'bc85ca8a-1f67-42a6-9e64-1e914673580b', 200, '2023-12-16 00:00:00', '2023-12-16 11:35:01', '2023-12-16 11:35:01', NULL);
INSERT INTO `supply_record` VALUES ('d80adeee-446c-424f-b627-98781f1698cd', 'e4e94bee-857b-4893-a264-a91379307fa9', '0409d3a8-a4d5-4720-bbbc-d593b2a0da10', 111, '2023-12-04 00:00:00', '2023-12-19 15:05:50', '2023-12-19 15:05:50', NULL);

-- ----------------------------
-- Table structure for sys_config
-- ----------------------------
DROP TABLE IF EXISTS `sys_config`;
CREATE TABLE `sys_config`  (
  `config_id` int NOT NULL AUTO_INCREMENT COMMENT '参数主键',
  `config_name` varchar(100) CHARACTER SET utf8mb3 COLLATE utf8mb3_general_ci NULL DEFAULT '' COMMENT '参数名称',
  `config_key` varchar(100) CHARACTER SET utf8mb3 COLLATE utf8mb3_general_ci NULL DEFAULT '' COMMENT '参数键名',
  `config_value` varchar(500) CHARACTER SET utf8mb3 COLLATE utf8mb3_general_ci NULL DEFAULT '' COMMENT '参数键值',
  `config_type` char(1) CHARACTER SET utf8mb3 COLLATE utf8mb3_general_ci NULL DEFAULT 'N' COMMENT '系统内置（Y是 N否）',
  `create_by` varchar(64) CHARACTER SET utf8mb3 COLLATE utf8mb3_general_ci NULL DEFAULT '' COMMENT '创建者',
  `create_time` datetime NULL DEFAULT NULL COMMENT '创建时间',
  `update_by` varchar(64) CHARACTER SET utf8mb3 COLLATE utf8mb3_general_ci NULL DEFAULT '' COMMENT '更新者',
  `update_time` datetime NULL DEFAULT NULL COMMENT '更新时间',
  `remark` varchar(500) CHARACTER SET utf8mb3 COLLATE utf8mb3_general_ci NULL DEFAULT NULL COMMENT '备注',
  PRIMARY KEY (`config_id`) USING BTREE
) ENGINE = InnoDB AUTO_INCREMENT = 100 CHARACTER SET = utf8mb3 COLLATE = utf8mb3_general_ci COMMENT = '参数配置表' ROW_FORMAT = Dynamic;

-- ----------------------------
-- Records of sys_config
-- ----------------------------
INSERT INTO `sys_config` VALUES (1, '主框架页-默认皮肤样式名称', 'sys.index.skinName', 'skin-blue', 'Y', 'admin', '2023-12-14 15:19:51', '', NULL, '蓝色 skin-blue、绿色 skin-green、紫色 skin-purple、红色 skin-red、黄色 skin-yellow');
INSERT INTO `sys_config` VALUES (2, '用户管理-账号初始密码', 'sys.user.initPassword', '123456', 'Y', 'admin', '2023-12-14 15:19:51', '', NULL, '初始化密码 123456');
INSERT INTO `sys_config` VALUES (3, '主框架页-侧边栏主题', 'sys.index.sideTheme', 'theme-dark', 'Y', 'admin', '2023-12-14 15:19:51', '', NULL, '深色主题theme-dark，浅色主题theme-light');
INSERT INTO `sys_config` VALUES (4, '账号自助-验证码开关', 'sys.account.captchaEnabled', 'true', 'Y', 'admin', '2023-12-14 15:19:51', '', NULL, '是否开启验证码功能（true开启，false关闭）');
INSERT INTO `sys_config` VALUES (5, '账号自助-是否开启用户注册功能', 'sys.account.registerUser', 'true', 'Y', 'admin', '2023-12-14 15:19:51', 'admin', '2023-12-15 15:54:05', '是否开启注册用户功能（true开启，false关闭）');
INSERT INTO `sys_config` VALUES (6, '用户登录-黑名单列表', 'sys.login.blackIPList', '', 'Y', 'admin', '2023-12-14 15:19:51', '', NULL, '设置登录IP黑名单限制，多个匹配项以;分隔，支持匹配（*通配、网段）');

-- ----------------------------
-- Table structure for sys_dept
-- ----------------------------
DROP TABLE IF EXISTS `sys_dept`;
CREATE TABLE `sys_dept`  (
  `dept_id` bigint NOT NULL AUTO_INCREMENT COMMENT '部门id',
  `parent_id` bigint NULL DEFAULT 0 COMMENT '父部门id',
  `ancestors` varchar(50) CHARACTER SET utf8mb3 COLLATE utf8mb3_general_ci NULL DEFAULT '' COMMENT '祖级列表',
  `dept_name` varchar(30) CHARACTER SET utf8mb3 COLLATE utf8mb3_general_ci NULL DEFAULT '' COMMENT '部门名称',
  `order_num` int NULL DEFAULT 0 COMMENT '显示顺序',
  `leader` varchar(20) CHARACTER SET utf8mb3 COLLATE utf8mb3_general_ci NULL DEFAULT NULL COMMENT '负责人',
  `phone` varchar(11) CHARACTER SET utf8mb3 COLLATE utf8mb3_general_ci NULL DEFAULT NULL COMMENT '联系电话',
  `email` varchar(50) CHARACTER SET utf8mb3 COLLATE utf8mb3_general_ci NULL DEFAULT NULL COMMENT '邮箱',
  `status` char(1) CHARACTER SET utf8mb3 COLLATE utf8mb3_general_ci NULL DEFAULT '0' COMMENT '部门状态（0正常 1停用）',
  `del_flag` char(1) CHARACTER SET utf8mb3 COLLATE utf8mb3_general_ci NULL DEFAULT '0' COMMENT '删除标志（0代表存在 2代表删除）',
  `create_by` varchar(64) CHARACTER SET utf8mb3 COLLATE utf8mb3_general_ci NULL DEFAULT '' COMMENT '创建者',
  `create_time` datetime NULL DEFAULT NULL COMMENT '创建时间',
  `update_by` varchar(64) CHARACTER SET utf8mb3 COLLATE utf8mb3_general_ci NULL DEFAULT '' COMMENT '更新者',
  `update_time` datetime NULL DEFAULT NULL COMMENT '更新时间',
  PRIMARY KEY (`dept_id`) USING BTREE
) ENGINE = InnoDB AUTO_INCREMENT = 205 CHARACTER SET = utf8mb3 COLLATE = utf8mb3_general_ci COMMENT = '部门表' ROW_FORMAT = Dynamic;

-- ----------------------------
-- Records of sys_dept
-- ----------------------------
INSERT INTO `sys_dept` VALUES (100, 0, '0', '若依科技', 0, '若依', '15888888888', 'ry@qq.com', '0', '0', 'admin', '2023-12-14 15:19:50', '', NULL);
INSERT INTO `sys_dept` VALUES (101, 100, '0,100', '深圳总公司', 1, '若依', '15888888888', 'ry@qq.com', '0', '0', 'admin', '2023-12-14 15:19:50', '', NULL);
INSERT INTO `sys_dept` VALUES (102, 100, '0,100', '长沙分公司', 2, '若依', '15888888888', 'ry@qq.com', '0', '2', 'admin', '2023-12-14 15:19:50', '', NULL);
INSERT INTO `sys_dept` VALUES (103, 101, '0,100,101', '研发部门', 1, '若依', '15888888888', 'ry@qq.com', '0', '0', 'admin', '2023-12-14 15:19:50', '', NULL);
INSERT INTO `sys_dept` VALUES (104, 101, '0,100,101', '市场部门', 2, '若依', '15888888888', 'ry@qq.com', '0', '2', 'admin', '2023-12-14 15:19:50', '', NULL);
INSERT INTO `sys_dept` VALUES (105, 101, '0,100,101', '测试部门', 3, '若依', '15888888888', 'ry@qq.com', '0', '2', 'admin', '2023-12-14 15:19:50', '', NULL);
INSERT INTO `sys_dept` VALUES (106, 101, '0,100,101', '财务部门', 4, '若依', '15888888888', 'ry@qq.com', '0', '2', 'admin', '2023-12-14 15:19:50', '', NULL);
INSERT INTO `sys_dept` VALUES (107, 101, '0,100,101', '运维部门', 5, '若依', '15888888888', 'ry@qq.com', '0', '2', 'admin', '2023-12-14 15:19:50', '', NULL);
INSERT INTO `sys_dept` VALUES (108, 102, '0,100,102', '市场部门', 1, '若依', '15888888888', 'ry@qq.com', '0', '2', 'admin', '2023-12-14 15:19:50', '', NULL);
INSERT INTO `sys_dept` VALUES (109, 102, '0,100,102', '财务部门', 2, '若依', '15888888888', 'ry@qq.com', '0', '2', 'admin', '2023-12-14 15:19:50', '', NULL);
INSERT INTO `sys_dept` VALUES (200, 100, '0,100', '湖南工业职业技术学院小店', 10, '球团', '18000000000', NULL, '0', '0', 'admin', '2023-12-15 15:03:13', '', NULL);
INSERT INTO `sys_dept` VALUES (201, 200, '0,100,200', '收银部', 2, NULL, NULL, NULL, '0', '0', 'admin', '2023-12-15 15:03:41', 'admin', '2023-12-15 15:08:58');
INSERT INTO `sys_dept` VALUES (202, 200, '0,100,200', '商品管理部', 2, NULL, NULL, NULL, '0', '0', 'admin', '2023-12-15 15:04:00', '', NULL);
INSERT INTO `sys_dept` VALUES (203, 200, '0,100,200', '货源管理部', 3, NULL, NULL, NULL, '0', '0', 'admin', '2023-12-15 15:04:18', '', NULL);
INSERT INTO `sys_dept` VALUES (204, 200, '0,100,200', '店铺管理员', 1, NULL, NULL, NULL, '0', '0', 'admin', '2023-12-15 15:08:47', '', NULL);

-- ----------------------------
-- Table structure for sys_dict_data
-- ----------------------------
DROP TABLE IF EXISTS `sys_dict_data`;
CREATE TABLE `sys_dict_data`  (
  `dict_code` bigint NOT NULL AUTO_INCREMENT COMMENT '字典编码',
  `dict_sort` int NULL DEFAULT 0 COMMENT '字典排序',
  `dict_label` varchar(100) CHARACTER SET utf8mb3 COLLATE utf8mb3_general_ci NULL DEFAULT '' COMMENT '字典标签',
  `dict_value` varchar(100) CHARACTER SET utf8mb3 COLLATE utf8mb3_general_ci NULL DEFAULT '' COMMENT '字典键值',
  `dict_type` varchar(100) CHARACTER SET utf8mb3 COLLATE utf8mb3_general_ci NULL DEFAULT '' COMMENT '字典类型',
  `css_class` varchar(100) CHARACTER SET utf8mb3 COLLATE utf8mb3_general_ci NULL DEFAULT NULL COMMENT '样式属性（其他样式扩展）',
  `list_class` varchar(100) CHARACTER SET utf8mb3 COLLATE utf8mb3_general_ci NULL DEFAULT NULL COMMENT '表格回显样式',
  `is_default` char(1) CHARACTER SET utf8mb3 COLLATE utf8mb3_general_ci NULL DEFAULT 'N' COMMENT '是否默认（Y是 N否）',
  `status` char(1) CHARACTER SET utf8mb3 COLLATE utf8mb3_general_ci NULL DEFAULT '0' COMMENT '状态（0正常 1停用）',
  `create_by` varchar(64) CHARACTER SET utf8mb3 COLLATE utf8mb3_general_ci NULL DEFAULT '' COMMENT '创建者',
  `create_time` datetime NULL DEFAULT NULL COMMENT '创建时间',
  `update_by` varchar(64) CHARACTER SET utf8mb3 COLLATE utf8mb3_general_ci NULL DEFAULT '' COMMENT '更新者',
  `update_time` datetime NULL DEFAULT NULL COMMENT '更新时间',
  `remark` varchar(500) CHARACTER SET utf8mb3 COLLATE utf8mb3_general_ci NULL DEFAULT NULL COMMENT '备注',
  PRIMARY KEY (`dict_code`) USING BTREE
) ENGINE = InnoDB AUTO_INCREMENT = 100 CHARACTER SET = utf8mb3 COLLATE = utf8mb3_general_ci COMMENT = '字典数据表' ROW_FORMAT = Dynamic;

-- ----------------------------
-- Records of sys_dict_data
-- ----------------------------
INSERT INTO `sys_dict_data` VALUES (1, 1, '男', '0', 'sys_user_sex', '', '', 'Y', '0', 'admin', '2023-12-14 15:19:51', '', NULL, '性别男');
INSERT INTO `sys_dict_data` VALUES (2, 2, '女', '1', 'sys_user_sex', '', '', 'N', '0', 'admin', '2023-12-14 15:19:51', '', NULL, '性别女');
INSERT INTO `sys_dict_data` VALUES (3, 3, '未知', '2', 'sys_user_sex', '', '', 'N', '0', 'admin', '2023-12-14 15:19:51', '', NULL, '性别未知');
INSERT INTO `sys_dict_data` VALUES (4, 1, '显示', '0', 'sys_show_hide', '', 'primary', 'Y', '0', 'admin', '2023-12-14 15:19:51', '', NULL, '显示菜单');
INSERT INTO `sys_dict_data` VALUES (5, 2, '隐藏', '1', 'sys_show_hide', '', 'danger', 'N', '0', 'admin', '2023-12-14 15:19:51', '', NULL, '隐藏菜单');
INSERT INTO `sys_dict_data` VALUES (6, 1, '正常', '0', 'sys_normal_disable', '', 'primary', 'Y', '0', 'admin', '2023-12-14 15:19:51', '', NULL, '正常状态');
INSERT INTO `sys_dict_data` VALUES (7, 2, '停用', '1', 'sys_normal_disable', '', 'danger', 'N', '0', 'admin', '2023-12-14 15:19:51', '', NULL, '停用状态');
INSERT INTO `sys_dict_data` VALUES (8, 1, '正常', '0', 'sys_job_status', '', 'primary', 'Y', '0', 'admin', '2023-12-14 15:19:51', '', NULL, '正常状态');
INSERT INTO `sys_dict_data` VALUES (9, 2, '暂停', '1', 'sys_job_status', '', 'danger', 'N', '0', 'admin', '2023-12-14 15:19:51', '', NULL, '停用状态');
INSERT INTO `sys_dict_data` VALUES (10, 1, '默认', 'DEFAULT', 'sys_job_group', '', '', 'Y', '0', 'admin', '2023-12-14 15:19:51', '', NULL, '默认分组');
INSERT INTO `sys_dict_data` VALUES (11, 2, '系统', 'SYSTEM', 'sys_job_group', '', '', 'N', '0', 'admin', '2023-12-14 15:19:51', '', NULL, '系统分组');
INSERT INTO `sys_dict_data` VALUES (12, 1, '是', 'Y', 'sys_yes_no', '', 'primary', 'Y', '0', 'admin', '2023-12-14 15:19:51', '', NULL, '系统默认是');
INSERT INTO `sys_dict_data` VALUES (13, 2, '否', 'N', 'sys_yes_no', '', 'danger', 'N', '0', 'admin', '2023-12-14 15:19:51', '', NULL, '系统默认否');
INSERT INTO `sys_dict_data` VALUES (14, 1, '通知', '1', 'sys_notice_type', '', 'warning', 'Y', '0', 'admin', '2023-12-14 15:19:51', '', NULL, '通知');
INSERT INTO `sys_dict_data` VALUES (15, 2, '公告', '2', 'sys_notice_type', '', 'success', 'N', '0', 'admin', '2023-12-14 15:19:51', '', NULL, '公告');
INSERT INTO `sys_dict_data` VALUES (16, 1, '正常', '0', 'sys_notice_status', '', 'primary', 'Y', '0', 'admin', '2023-12-14 15:19:51', '', NULL, '正常状态');
INSERT INTO `sys_dict_data` VALUES (17, 2, '关闭', '1', 'sys_notice_status', '', 'danger', 'N', '0', 'admin', '2023-12-14 15:19:51', '', NULL, '关闭状态');
INSERT INTO `sys_dict_data` VALUES (18, 99, '其他', '0', 'sys_oper_type', '', 'info', 'N', '0', 'admin', '2023-12-14 15:19:51', '', NULL, '其他操作');
INSERT INTO `sys_dict_data` VALUES (19, 1, '新增', '1', 'sys_oper_type', '', 'info', 'N', '0', 'admin', '2023-12-14 15:19:51', '', NULL, '新增操作');
INSERT INTO `sys_dict_data` VALUES (20, 2, '修改', '2', 'sys_oper_type', '', 'info', 'N', '0', 'admin', '2023-12-14 15:19:51', '', NULL, '修改操作');
INSERT INTO `sys_dict_data` VALUES (21, 3, '删除', '3', 'sys_oper_type', '', 'danger', 'N', '0', 'admin', '2023-12-14 15:19:51', '', NULL, '删除操作');
INSERT INTO `sys_dict_data` VALUES (22, 4, '授权', '4', 'sys_oper_type', '', 'primary', 'N', '0', 'admin', '2023-12-14 15:19:51', '', NULL, '授权操作');
INSERT INTO `sys_dict_data` VALUES (23, 5, '导出', '5', 'sys_oper_type', '', 'warning', 'N', '0', 'admin', '2023-12-14 15:19:51', '', NULL, '导出操作');
INSERT INTO `sys_dict_data` VALUES (24, 6, '导入', '6', 'sys_oper_type', '', 'warning', 'N', '0', 'admin', '2023-12-14 15:19:51', '', NULL, '导入操作');
INSERT INTO `sys_dict_data` VALUES (25, 7, '强退', '7', 'sys_oper_type', '', 'danger', 'N', '0', 'admin', '2023-12-14 15:19:51', '', NULL, '强退操作');
INSERT INTO `sys_dict_data` VALUES (26, 8, '生成代码', '8', 'sys_oper_type', '', 'warning', 'N', '0', 'admin', '2023-12-14 15:19:51', '', NULL, '生成操作');
INSERT INTO `sys_dict_data` VALUES (27, 9, '清空数据', '9', 'sys_oper_type', '', 'danger', 'N', '0', 'admin', '2023-12-14 15:19:51', '', NULL, '清空操作');
INSERT INTO `sys_dict_data` VALUES (28, 1, '成功', '0', 'sys_common_status', '', 'primary', 'N', '0', 'admin', '2023-12-14 15:19:51', '', NULL, '正常状态');
INSERT INTO `sys_dict_data` VALUES (29, 2, '失败', '1', 'sys_common_status', '', 'danger', 'N', '0', 'admin', '2023-12-14 15:19:51', '', NULL, '停用状态');

-- ----------------------------
-- Table structure for sys_dict_type
-- ----------------------------
DROP TABLE IF EXISTS `sys_dict_type`;
CREATE TABLE `sys_dict_type`  (
  `dict_id` bigint NOT NULL AUTO_INCREMENT COMMENT '字典主键',
  `dict_name` varchar(100) CHARACTER SET utf8mb3 COLLATE utf8mb3_general_ci NULL DEFAULT '' COMMENT '字典名称',
  `dict_type` varchar(100) CHARACTER SET utf8mb3 COLLATE utf8mb3_general_ci NULL DEFAULT '' COMMENT '字典类型',
  `status` char(1) CHARACTER SET utf8mb3 COLLATE utf8mb3_general_ci NULL DEFAULT '0' COMMENT '状态（0正常 1停用）',
  `create_by` varchar(64) CHARACTER SET utf8mb3 COLLATE utf8mb3_general_ci NULL DEFAULT '' COMMENT '创建者',
  `create_time` datetime NULL DEFAULT NULL COMMENT '创建时间',
  `update_by` varchar(64) CHARACTER SET utf8mb3 COLLATE utf8mb3_general_ci NULL DEFAULT '' COMMENT '更新者',
  `update_time` datetime NULL DEFAULT NULL COMMENT '更新时间',
  `remark` varchar(500) CHARACTER SET utf8mb3 COLLATE utf8mb3_general_ci NULL DEFAULT NULL COMMENT '备注',
  PRIMARY KEY (`dict_id`) USING BTREE,
  UNIQUE INDEX `dict_type`(`dict_type` ASC) USING BTREE
) ENGINE = InnoDB AUTO_INCREMENT = 100 CHARACTER SET = utf8mb3 COLLATE = utf8mb3_general_ci COMMENT = '字典类型表' ROW_FORMAT = Dynamic;

-- ----------------------------
-- Records of sys_dict_type
-- ----------------------------
INSERT INTO `sys_dict_type` VALUES (1, '用户性别', 'sys_user_sex', '0', 'admin', '2023-12-14 15:19:51', '', NULL, '用户性别列表');
INSERT INTO `sys_dict_type` VALUES (2, '菜单状态', 'sys_show_hide', '0', 'admin', '2023-12-14 15:19:51', '', NULL, '菜单状态列表');
INSERT INTO `sys_dict_type` VALUES (3, '系统开关', 'sys_normal_disable', '0', 'admin', '2023-12-14 15:19:51', '', NULL, '系统开关列表');
INSERT INTO `sys_dict_type` VALUES (4, '任务状态', 'sys_job_status', '0', 'admin', '2023-12-14 15:19:51', '', NULL, '任务状态列表');
INSERT INTO `sys_dict_type` VALUES (5, '任务分组', 'sys_job_group', '0', 'admin', '2023-12-14 15:19:51', '', NULL, '任务分组列表');
INSERT INTO `sys_dict_type` VALUES (6, '系统是否', 'sys_yes_no', '0', 'admin', '2023-12-14 15:19:51', '', NULL, '系统是否列表');
INSERT INTO `sys_dict_type` VALUES (7, '通知类型', 'sys_notice_type', '0', 'admin', '2023-12-14 15:19:51', '', NULL, '通知类型列表');
INSERT INTO `sys_dict_type` VALUES (8, '通知状态', 'sys_notice_status', '0', 'admin', '2023-12-14 15:19:51', '', NULL, '通知状态列表');
INSERT INTO `sys_dict_type` VALUES (9, '操作类型', 'sys_oper_type', '0', 'admin', '2023-12-14 15:19:51', '', NULL, '操作类型列表');
INSERT INTO `sys_dict_type` VALUES (10, '系统状态', 'sys_common_status', '0', 'admin', '2023-12-14 15:19:51', '', NULL, '登录状态列表');

-- ----------------------------
-- Table structure for sys_job
-- ----------------------------
DROP TABLE IF EXISTS `sys_job`;
CREATE TABLE `sys_job`  (
  `job_id` bigint NOT NULL AUTO_INCREMENT COMMENT '任务ID',
  `job_name` varchar(64) CHARACTER SET utf8mb3 COLLATE utf8mb3_general_ci NOT NULL DEFAULT '' COMMENT '任务名称',
  `job_group` varchar(64) CHARACTER SET utf8mb3 COLLATE utf8mb3_general_ci NOT NULL DEFAULT 'DEFAULT' COMMENT '任务组名',
  `invoke_target` varchar(500) CHARACTER SET utf8mb3 COLLATE utf8mb3_general_ci NOT NULL COMMENT '调用目标字符串',
  `cron_expression` varchar(255) CHARACTER SET utf8mb3 COLLATE utf8mb3_general_ci NULL DEFAULT '' COMMENT 'cron执行表达式',
  `misfire_policy` varchar(20) CHARACTER SET utf8mb3 COLLATE utf8mb3_general_ci NULL DEFAULT '3' COMMENT '计划执行错误策略（1立即执行 2执行一次 3放弃执行）',
  `concurrent` char(1) CHARACTER SET utf8mb3 COLLATE utf8mb3_general_ci NULL DEFAULT '1' COMMENT '是否并发执行（0允许 1禁止）',
  `status` char(1) CHARACTER SET utf8mb3 COLLATE utf8mb3_general_ci NULL DEFAULT '0' COMMENT '状态（0正常 1暂停）',
  `create_by` varchar(64) CHARACTER SET utf8mb3 COLLATE utf8mb3_general_ci NULL DEFAULT '' COMMENT '创建者',
  `create_time` datetime NULL DEFAULT NULL COMMENT '创建时间',
  `update_by` varchar(64) CHARACTER SET utf8mb3 COLLATE utf8mb3_general_ci NULL DEFAULT '' COMMENT '更新者',
  `update_time` datetime NULL DEFAULT NULL COMMENT '更新时间',
  `remark` varchar(500) CHARACTER SET utf8mb3 COLLATE utf8mb3_general_ci NULL DEFAULT '' COMMENT '备注信息',
  PRIMARY KEY (`job_id`, `job_name`, `job_group`) USING BTREE
) ENGINE = InnoDB AUTO_INCREMENT = 100 CHARACTER SET = utf8mb3 COLLATE = utf8mb3_general_ci COMMENT = '定时任务调度表' ROW_FORMAT = Dynamic;

-- ----------------------------
-- Records of sys_job
-- ----------------------------
INSERT INTO `sys_job` VALUES (1, '系统默认（无参）', 'DEFAULT', 'ryTask.ryNoParams', '0/10 * * * * ?', '3', '1', '1', 'admin', '2023-12-14 15:19:51', '', NULL, '');
INSERT INTO `sys_job` VALUES (2, '系统默认（有参）', 'DEFAULT', 'ryTask.ryParams(\'ry\')', '0/15 * * * * ?', '3', '1', '1', 'admin', '2023-12-14 15:19:51', '', NULL, '');
INSERT INTO `sys_job` VALUES (3, '系统默认（多参）', 'DEFAULT', 'ryTask.ryMultipleParams(\'ry\', true, 2000L, 316.50D, 100)', '0/20 * * * * ?', '3', '1', '1', 'admin', '2023-12-14 15:19:51', '', NULL, '');

-- ----------------------------
-- Table structure for sys_job_log
-- ----------------------------
DROP TABLE IF EXISTS `sys_job_log`;
CREATE TABLE `sys_job_log`  (
  `job_log_id` bigint NOT NULL AUTO_INCREMENT COMMENT '任务日志ID',
  `job_name` varchar(64) CHARACTER SET utf8mb3 COLLATE utf8mb3_general_ci NOT NULL COMMENT '任务名称',
  `job_group` varchar(64) CHARACTER SET utf8mb3 COLLATE utf8mb3_general_ci NOT NULL COMMENT '任务组名',
  `invoke_target` varchar(500) CHARACTER SET utf8mb3 COLLATE utf8mb3_general_ci NOT NULL COMMENT '调用目标字符串',
  `job_message` varchar(500) CHARACTER SET utf8mb3 COLLATE utf8mb3_general_ci NULL DEFAULT NULL COMMENT '日志信息',
  `status` char(1) CHARACTER SET utf8mb3 COLLATE utf8mb3_general_ci NULL DEFAULT '0' COMMENT '执行状态（0正常 1失败）',
  `exception_info` varchar(2000) CHARACTER SET utf8mb3 COLLATE utf8mb3_general_ci NULL DEFAULT '' COMMENT '异常信息',
  `create_time` datetime NULL DEFAULT NULL COMMENT '创建时间',
  PRIMARY KEY (`job_log_id`) USING BTREE
) ENGINE = InnoDB CHARACTER SET = utf8mb3 COLLATE = utf8mb3_general_ci COMMENT = '定时任务调度日志表' ROW_FORMAT = Dynamic;

-- ----------------------------
-- Records of sys_job_log
-- ----------------------------

-- ----------------------------
-- Table structure for sys_logininfor
-- ----------------------------
DROP TABLE IF EXISTS `sys_logininfor`;
CREATE TABLE `sys_logininfor`  (
  `info_id` bigint NOT NULL AUTO_INCREMENT COMMENT '访问ID',
  `user_name` varchar(50) CHARACTER SET utf8mb3 COLLATE utf8mb3_general_ci NULL DEFAULT '' COMMENT '用户账号',
  `ipaddr` varchar(128) CHARACTER SET utf8mb3 COLLATE utf8mb3_general_ci NULL DEFAULT '' COMMENT '登录IP地址',
  `login_location` varchar(255) CHARACTER SET utf8mb3 COLLATE utf8mb3_general_ci NULL DEFAULT '' COMMENT '登录地点',
  `browser` varchar(50) CHARACTER SET utf8mb3 COLLATE utf8mb3_general_ci NULL DEFAULT '' COMMENT '浏览器类型',
  `os` varchar(50) CHARACTER SET utf8mb3 COLLATE utf8mb3_general_ci NULL DEFAULT '' COMMENT '操作系统',
  `status` char(1) CHARACTER SET utf8mb3 COLLATE utf8mb3_general_ci NULL DEFAULT '0' COMMENT '登录状态（0成功 1失败）',
  `msg` varchar(255) CHARACTER SET utf8mb3 COLLATE utf8mb3_general_ci NULL DEFAULT '' COMMENT '提示消息',
  `login_time` datetime NULL DEFAULT NULL COMMENT '访问时间',
  PRIMARY KEY (`info_id`) USING BTREE,
  INDEX `idx_sys_logininfor_s`(`status` ASC) USING BTREE,
  INDEX `idx_sys_logininfor_lt`(`login_time` ASC) USING BTREE
) ENGINE = InnoDB AUTO_INCREMENT = 204 CHARACTER SET = utf8mb3 COLLATE = utf8mb3_general_ci COMMENT = '系统访问记录' ROW_FORMAT = Dynamic;

-- ----------------------------
-- Records of sys_logininfor
-- ----------------------------
INSERT INTO `sys_logininfor` VALUES (100, 'admin', '192.168.1.101', '内网IP', 'Chrome Mobile', 'Android 1.x', '0', '登录成功', '2023-12-14 15:43:48');
INSERT INTO `sys_logininfor` VALUES (101, 'admin', '192.168.1.101', '内网IP', 'Chrome 12', 'Windows 10', '0', '登录成功', '2023-12-14 15:48:38');
INSERT INTO `sys_logininfor` VALUES (102, 'admin', '127.0.0.1', '内网IP', 'Chrome 12', 'Windows 10', '0', '登录成功', '2023-12-14 15:50:04');
INSERT INTO `sys_logininfor` VALUES (103, 'admin', '127.0.0.1', '内网IP', 'Chrome 12', 'Windows 10', '1', '验证码错误', '2023-12-14 15:50:18');
INSERT INTO `sys_logininfor` VALUES (104, 'admin', '127.0.0.1', '内网IP', 'Chrome 12', 'Windows 10', '0', '登录成功', '2023-12-14 15:50:22');
INSERT INTO `sys_logininfor` VALUES (105, 'admin', '127.0.0.1', '内网IP', 'Chrome 12', 'Windows 10', '0', '登录成功', '2023-12-14 15:52:09');
INSERT INTO `sys_logininfor` VALUES (106, 'admin', '127.0.0.1', '内网IP', 'Chrome 12', 'Windows 10', '0', '登录成功', '2023-12-14 16:47:26');
INSERT INTO `sys_logininfor` VALUES (107, 'admin', '127.0.0.1', '内网IP', 'Chrome 12', 'Windows 10', '0', '登录成功', '2023-12-14 18:40:21');
INSERT INTO `sys_logininfor` VALUES (108, 'admin', '127.0.0.1', '内网IP', 'Chrome 12', 'Windows 10', '0', '登录成功', '2023-12-15 08:56:24');
INSERT INTO `sys_logininfor` VALUES (109, 'admin', '127.0.0.1', '内网IP', 'Chrome 12', 'Windows 10', '0', '登录成功', '2023-12-15 14:30:26');
INSERT INTO `sys_logininfor` VALUES (110, 'admin', '127.0.0.1', '内网IP', 'Chrome 12', 'Windows 10', '0', '退出成功', '2023-12-15 14:35:45');
INSERT INTO `sys_logininfor` VALUES (111, 'admin', '127.0.0.1', '内网IP', 'Chrome 12', 'Windows 10', '0', '登录成功', '2023-12-15 14:35:57');
INSERT INTO `sys_logininfor` VALUES (112, 'admin', '127.0.0.1', '内网IP', 'Chrome 12', 'Windows 10', '0', '退出成功', '2023-12-15 15:10:05');
INSERT INTO `sys_logininfor` VALUES (113, 'wyx666', '127.0.0.1', '内网IP', 'Chrome 12', 'Windows 10', '0', '登录成功', '2023-12-15 15:10:15');
INSERT INTO `sys_logininfor` VALUES (114, 'wyx666', '127.0.0.1', '内网IP', 'Chrome 12', 'Windows 10', '0', '退出成功', '2023-12-15 15:11:42');
INSERT INTO `sys_logininfor` VALUES (115, 'admin', '127.0.0.1', '内网IP', 'Chrome 12', 'Windows 10', '0', '登录成功', '2023-12-15 15:15:03');
INSERT INTO `sys_logininfor` VALUES (116, 'wyx666', '192.168.1.122', '内网IP', 'Chrome 12', 'Windows 10', '1', '验证码错误', '2023-12-15 15:20:33');
INSERT INTO `sys_logininfor` VALUES (117, 'wyx666', '192.168.1.122', '内网IP', 'Chrome 12', 'Windows 10', '0', '登录成功', '2023-12-15 15:20:39');
INSERT INTO `sys_logininfor` VALUES (118, 'admin', '127.0.0.1', '内网IP', 'Chrome 12', 'Windows 10', '0', '退出成功', '2023-12-15 15:35:29');
INSERT INTO `sys_logininfor` VALUES (119, 'wyx666', '127.0.0.1', '内网IP', 'Chrome 12', 'Windows 10', '0', '登录成功', '2023-12-15 15:35:47');
INSERT INTO `sys_logininfor` VALUES (120, 'wyx666', '127.0.0.1', '内网IP', 'Chrome 12', 'Windows 10', '0', '退出成功', '2023-12-15 15:38:29');
INSERT INTO `sys_logininfor` VALUES (121, 'wyx666', '127.0.0.1', '内网IP', 'Chrome 12', 'Windows 10', '0', '登录成功', '2023-12-15 15:39:29');
INSERT INTO `sys_logininfor` VALUES (122, 'wyx666', '192.168.1.120', '内网IP', 'Chrome 10', 'Windows 10', '0', '登录成功', '2023-12-15 15:42:08');
INSERT INTO `sys_logininfor` VALUES (123, 'wyx666', '127.0.0.1', '内网IP', 'Chrome 12', 'Windows 10', '0', '退出成功', '2023-12-15 15:45:15');
INSERT INTO `sys_logininfor` VALUES (124, 'admin', '127.0.0.1', '内网IP', 'Chrome 12', 'Windows 10', '0', '登录成功', '2023-12-15 15:45:23');
INSERT INTO `sys_logininfor` VALUES (125, 'admin', '127.0.0.1', '内网IP', 'Chrome 12', 'Windows 10', '0', '退出成功', '2023-12-15 15:54:08');
INSERT INTO `sys_logininfor` VALUES (126, 'test', '127.0.0.1', '内网IP', 'Chrome 12', 'Windows 10', '0', '注册成功', '2023-12-15 15:54:45');
INSERT INTO `sys_logininfor` VALUES (127, 'test', '127.0.0.1', '内网IP', 'Chrome 12', 'Windows 10', '0', '登录成功', '2023-12-15 15:54:57');
INSERT INTO `sys_logininfor` VALUES (128, 'test', '127.0.0.1', '内网IP', 'Chrome 12', 'Windows 10', '0', '退出成功', '2023-12-15 15:55:32');
INSERT INTO `sys_logininfor` VALUES (129, 'admin', '127.0.0.1', '内网IP', 'Chrome 12', 'Windows 10', '1', '验证码错误', '2023-12-15 15:55:46');
INSERT INTO `sys_logininfor` VALUES (130, 'admin', '127.0.0.1', '内网IP', 'Chrome 12', 'Windows 10', '0', '登录成功', '2023-12-15 15:55:49');
INSERT INTO `sys_logininfor` VALUES (131, 'admin', '127.0.0.1', '内网IP', 'Chrome 12', 'Windows 10', '1', '验证码已失效', '2023-12-15 16:34:51');
INSERT INTO `sys_logininfor` VALUES (132, 'admin', '127.0.0.1', '内网IP', 'Chrome 12', 'Windows 10', '0', '登录成功', '2023-12-15 16:34:55');
INSERT INTO `sys_logininfor` VALUES (133, 'admin', '127.0.0.1', '内网IP', 'Chrome 12', 'Windows 10', '0', '退出成功', '2023-12-15 16:54:29');
INSERT INTO `sys_logininfor` VALUES (134, 'admin', '127.0.0.1', '内网IP', 'Chrome 12', 'Windows 10', '0', '登录成功', '2023-12-15 16:54:45');
INSERT INTO `sys_logininfor` VALUES (135, 'admin', '127.0.0.1', '内网IP', 'Chrome 12', 'Windows 10', '0', '退出成功', '2023-12-15 16:57:46');
INSERT INTO `sys_logininfor` VALUES (136, 'wyx666', '127.0.0.1', '内网IP', 'Chrome 12', 'Windows 10', '0', '登录成功', '2023-12-15 16:57:53');
INSERT INTO `sys_logininfor` VALUES (137, 'wyx666', '127.0.0.1', '内网IP', 'Chrome 12', 'Windows 10', '0', '退出成功', '2023-12-15 16:58:01');
INSERT INTO `sys_logininfor` VALUES (138, 'admin', '127.0.0.1', '内网IP', 'Chrome 12', 'Windows 10', '0', '登录成功', '2023-12-15 16:58:09');
INSERT INTO `sys_logininfor` VALUES (139, 'admin', '127.0.0.1', '内网IP', 'Chrome 12', 'Windows 10', '0', '登录成功', '2023-12-15 18:46:36');
INSERT INTO `sys_logininfor` VALUES (140, 'admin', '127.0.0.1', '内网IP', 'Chrome 12', 'Windows 10', '0', '退出成功', '2023-12-15 18:54:10');
INSERT INTO `sys_logininfor` VALUES (141, 'wyx666', '192.168.1.120', '内网IP', 'Chrome 10', 'Windows 10', '0', '登录成功', '2023-12-15 18:54:23');
INSERT INTO `sys_logininfor` VALUES (142, 'admin', '127.0.0.1', '内网IP', 'Chrome 12', 'Windows 10', '0', '登录成功', '2023-12-15 18:54:28');
INSERT INTO `sys_logininfor` VALUES (143, 'admin', '127.0.0.1', '内网IP', 'Chrome 12', 'Windows 10', '0', '退出成功', '2023-12-15 21:58:03');
INSERT INTO `sys_logininfor` VALUES (144, 'admin', '127.0.0.1', '内网IP', 'Chrome 12', 'Windows 10', '0', '登录成功', '2023-12-16 09:48:55');
INSERT INTO `sys_logininfor` VALUES (145, 'admin', '127.0.0.1', '内网IP', 'Chrome 12', 'Windows 10', '1', '验证码错误', '2023-12-16 15:22:09');
INSERT INTO `sys_logininfor` VALUES (146, 'admin', '127.0.0.1', '内网IP', 'Chrome 12', 'Windows 10', '1', '验证码错误', '2023-12-16 15:22:14');
INSERT INTO `sys_logininfor` VALUES (147, 'admin', '127.0.0.1', '内网IP', 'Chrome 12', 'Windows 10', '0', '登录成功', '2023-12-16 15:22:17');
INSERT INTO `sys_logininfor` VALUES (148, 'admin', '127.0.0.1', '内网IP', 'Chrome 12', 'Windows 10', '0', '登录成功', '2023-12-16 17:54:53');
INSERT INTO `sys_logininfor` VALUES (149, 'admin', '127.0.0.1', '内网IP', 'Chrome 12', 'Windows 10', '1', '验证码错误', '2023-12-17 09:38:31');
INSERT INTO `sys_logininfor` VALUES (150, 'admin', '127.0.0.1', '内网IP', 'Chrome 12', 'Windows 10', '0', '登录成功', '2023-12-17 09:38:35');
INSERT INTO `sys_logininfor` VALUES (151, 'admin', '127.0.0.1', '内网IP', 'Chrome 12', 'Windows 10', '0', '登录成功', '2023-12-18 09:11:37');
INSERT INTO `sys_logininfor` VALUES (152, 'admin', '127.0.0.1', '内网IP', 'Chrome 12', 'Windows 10', '0', '退出成功', '2023-12-18 09:34:41');
INSERT INTO `sys_logininfor` VALUES (153, 'admin', '127.0.0.1', '内网IP', 'Chrome 12', 'Windows 10', '0', '登录成功', '2023-12-18 09:34:52');
INSERT INTO `sys_logininfor` VALUES (154, 'admin', '127.0.0.1', '内网IP', 'Chrome 12', 'Windows 10', '0', '登录成功', '2023-12-18 09:37:01');
INSERT INTO `sys_logininfor` VALUES (155, 'admin', '127.0.0.1', '内网IP', 'Chrome 12', 'Windows 10', '1', '验证码错误', '2023-12-18 10:26:07');
INSERT INTO `sys_logininfor` VALUES (156, 'admin', '127.0.0.1', '内网IP', 'Chrome 12', 'Windows 10', '0', '登录成功', '2023-12-18 10:26:11');
INSERT INTO `sys_logininfor` VALUES (157, 'wyx666', '192.168.1.108', '内网IP', 'Chrome 12', 'Windows 10', '0', '登录成功', '2023-12-18 11:35:35');
INSERT INTO `sys_logininfor` VALUES (158, 'wyx666', '192.168.1.115', '内网IP', 'Chrome 12', 'Windows 10', '0', '登录成功', '2023-12-18 16:50:57');
INSERT INTO `sys_logininfor` VALUES (159, 'admin', '127.0.0.1', '内网IP', 'Chrome 12', 'Windows 10', '0', '登录成功', '2023-12-18 18:40:11');
INSERT INTO `sys_logininfor` VALUES (160, 'admin', '127.0.0.1', '内网IP', 'Chrome 12', 'Windows 10', '1', '验证码错误', '2023-12-18 21:36:36');
INSERT INTO `sys_logininfor` VALUES (161, 'admin', '127.0.0.1', '内网IP', 'Chrome 12', 'Windows 10', '0', '登录成功', '2023-12-18 21:36:40');
INSERT INTO `sys_logininfor` VALUES (162, 'admin', '127.0.0.1', '内网IP', 'Chrome 12', 'Windows 10', '0', '登录成功', '2023-12-19 08:51:15');
INSERT INTO `sys_logininfor` VALUES (163, 'admin', '127.0.0.1', '内网IP', 'Chrome 12', 'Windows 10', '0', '登录成功', '2023-12-19 10:53:08');
INSERT INTO `sys_logininfor` VALUES (164, 'admin', '127.0.0.1', '内网IP', 'Chrome 12', 'Windows 10', '0', '登录成功', '2023-12-19 14:13:20');
INSERT INTO `sys_logininfor` VALUES (165, 'wyx666', '192.168.1.119', '内网IP', 'Chrome 12', 'Windows 10', '0', '登录成功', '2023-12-19 14:54:41');
INSERT INTO `sys_logininfor` VALUES (166, 'wyx666', '192.168.1.119', '内网IP', 'Chrome 12', 'Windows 10', '0', '登录成功', '2023-12-19 15:49:08');
INSERT INTO `sys_logininfor` VALUES (167, 'wyx666', '192.168.1.119', '内网IP', 'Chrome 12', 'Windows 10', '0', '登录成功', '2023-12-19 16:59:30');
INSERT INTO `sys_logininfor` VALUES (168, 'admin', '127.0.0.1', '内网IP', 'Chrome 12', 'Windows 10', '0', '登录成功', '2023-12-19 19:59:10');
INSERT INTO `sys_logininfor` VALUES (169, 'wyx666', '192.168.1.119', '内网IP', 'Chrome 12', 'Windows 10', '0', '登录成功', '2023-12-19 20:45:33');
INSERT INTO `sys_logininfor` VALUES (170, 'admin', '127.0.0.1', '内网IP', 'Chrome 12', 'Windows 10', '1', '验证码错误', '2023-12-20 08:52:42');
INSERT INTO `sys_logininfor` VALUES (171, 'admin', '127.0.0.1', '内网IP', 'Chrome 12', 'Windows 10', '0', '登录成功', '2023-12-20 08:52:45');
INSERT INTO `sys_logininfor` VALUES (172, 'admin', '127.0.0.1', '内网IP', 'Chrome 12', 'Windows 10', '0', '登录成功', '2023-12-20 11:25:50');
INSERT INTO `sys_logininfor` VALUES (173, 'admin', '127.0.0.1', '内网IP', 'Chrome 12', 'Windows 10', '0', '登录成功', '2023-12-20 12:31:07');
INSERT INTO `sys_logininfor` VALUES (174, 'admin', '127.0.0.1', '内网IP', 'Chrome 12', 'Windows 10', '0', '退出成功', '2023-12-20 13:00:21');
INSERT INTO `sys_logininfor` VALUES (175, 'wyx666', '127.0.0.1', '内网IP', 'Chrome 12', 'Windows 10', '0', '登录成功', '2023-12-20 13:00:32');
INSERT INTO `sys_logininfor` VALUES (176, 'wyx666', '127.0.0.1', '内网IP', 'Chrome 12', 'Windows 10', '0', '退出成功', '2023-12-20 13:00:42');
INSERT INTO `sys_logininfor` VALUES (177, 'admin', '127.0.0.1', '内网IP', 'Chrome 12', 'Windows 10', '1', '验证码错误', '2023-12-20 13:00:49');
INSERT INTO `sys_logininfor` VALUES (178, 'admin', '127.0.0.1', '内网IP', 'Chrome 12', 'Windows 10', '0', '登录成功', '2023-12-20 13:00:52');
INSERT INTO `sys_logininfor` VALUES (179, 'admin', '127.0.0.1', '内网IP', 'Chrome 12', 'Windows 10', '0', '退出成功', '2023-12-20 13:01:29');
INSERT INTO `sys_logininfor` VALUES (180, 'wyx666', '127.0.0.1', '内网IP', 'Chrome 12', 'Windows 10', '1', '验证码错误', '2023-12-20 13:01:44');
INSERT INTO `sys_logininfor` VALUES (181, 'wyx666', '127.0.0.1', '内网IP', 'Chrome 12', 'Windows 10', '0', '登录成功', '2023-12-20 13:01:48');
INSERT INTO `sys_logininfor` VALUES (182, 'wyx666', '192.168.1.119', '内网IP', 'Chrome 12', 'Windows 10', '0', '登录成功', '2023-12-20 13:02:17');
INSERT INTO `sys_logininfor` VALUES (183, 'wyx666', '127.0.0.1', '内网IP', 'Chrome 12', 'Windows 10', '1', '验证码已失效', '2023-12-20 14:56:33');
INSERT INTO `sys_logininfor` VALUES (184, 'wyx666', '127.0.0.1', '内网IP', 'Chrome 12', 'Windows 10', '0', '登录成功', '2023-12-20 14:56:37');
INSERT INTO `sys_logininfor` VALUES (185, 'wyx666', '192.168.1.119', '内网IP', 'Chrome 12', 'Windows 10', '0', '登录成功', '2023-12-20 15:02:10');
INSERT INTO `sys_logininfor` VALUES (186, 'wyx666', '192.168.1.119', '内网IP', 'Chrome 12', 'Windows 10', '0', '登录成功', '2023-12-20 15:37:18');
INSERT INTO `sys_logininfor` VALUES (187, 'admin', '127.0.0.1', '内网IP', 'Chrome 12', 'Windows 10', '1', '用户不存在/密码错误', '2023-12-20 19:52:00');
INSERT INTO `sys_logininfor` VALUES (188, 'admin', '127.0.0.1', '内网IP', 'Chrome 12', 'Windows 10', '1', '用户不存在/密码错误', '2023-12-20 19:52:10');
INSERT INTO `sys_logininfor` VALUES (189, 'admin', '127.0.0.1', '内网IP', 'Chrome 12', 'Windows 10', '1', '用户不存在/密码错误', '2023-12-20 19:52:20');
INSERT INTO `sys_logininfor` VALUES (190, 'admin', '127.0.0.1', '内网IP', 'Chrome 12', 'Windows 10', '0', '登录成功', '2023-12-20 19:52:25');
INSERT INTO `sys_logininfor` VALUES (191, 'admin', '127.0.0.1', '内网IP', 'Chrome 12', 'Windows 10', '0', '退出成功', '2023-12-20 21:43:41');
INSERT INTO `sys_logininfor` VALUES (192, 'wyx666', '127.0.0.1', '内网IP', 'Chrome 12', 'Windows 10', '0', '登录成功', '2023-12-20 21:43:49');
INSERT INTO `sys_logininfor` VALUES (193, 'wyx666', '192.168.1.119', '内网IP', 'Chrome 12', 'Windows 10', '0', '登录成功', '2023-12-20 21:45:59');
INSERT INTO `sys_logininfor` VALUES (194, 'wyx666', '127.0.0.1', '内网IP', 'Chrome 12', 'Windows 10', '0', '退出成功', '2023-12-20 21:48:42');
INSERT INTO `sys_logininfor` VALUES (195, 'admin', '127.0.0.1', '内网IP', 'Chrome 12', 'Windows 10', '0', '登录成功', '2023-12-20 21:48:50');
INSERT INTO `sys_logininfor` VALUES (196, 'fengchengxin', '192.168.1.117', '内网IP', 'Chrome 12', 'Windows 10', '1', '用户不存在/密码错误', '2023-12-20 21:54:08');
INSERT INTO `sys_logininfor` VALUES (197, 'fengchengxin', '192.168.1.117', '内网IP', 'Chrome 12', 'Windows 10', '1', '验证码错误', '2023-12-20 21:54:18');
INSERT INTO `sys_logininfor` VALUES (198, 'fengchengxin', '192.168.1.117', '内网IP', 'Chrome 12', 'Windows 10', '1', '用户不存在/密码错误', '2023-12-20 21:54:23');
INSERT INTO `sys_logininfor` VALUES (199, 'fengchengxing', '192.168.1.117', '内网IP', 'Chrome 12', 'Windows 10', '0', '登录成功', '2023-12-20 21:54:40');
INSERT INTO `sys_logininfor` VALUES (200, 'admin', '127.0.0.1', '内网IP', 'Chrome 12', 'Windows 10', '0', '登录成功', '2023-12-20 22:33:09');
INSERT INTO `sys_logininfor` VALUES (201, 'admin', '127.0.0.1', '内网IP', 'Chrome 12', 'Windows 10', '0', '登录成功', '2023-12-21 08:27:58');
INSERT INTO `sys_logininfor` VALUES (202, 'admin', '127.0.0.1', '内网IP', 'Chrome 12', 'Windows 10', '0', '退出成功', '2023-12-21 08:28:17');
INSERT INTO `sys_logininfor` VALUES (203, 'wyx666', '127.0.0.1', '内网IP', 'Chrome 12', 'Windows 10', '0', '登录成功', '2023-12-21 08:28:29');

-- ----------------------------
-- Table structure for sys_menu
-- ----------------------------
DROP TABLE IF EXISTS `sys_menu`;
CREATE TABLE `sys_menu`  (
  `menu_id` bigint NOT NULL AUTO_INCREMENT COMMENT '菜单ID',
  `menu_name` varchar(50) CHARACTER SET utf8mb3 COLLATE utf8mb3_general_ci NOT NULL COMMENT '菜单名称',
  `parent_id` bigint NULL DEFAULT 0 COMMENT '父菜单ID',
  `order_num` int NULL DEFAULT 0 COMMENT '显示顺序',
  `path` varchar(200) CHARACTER SET utf8mb3 COLLATE utf8mb3_general_ci NULL DEFAULT '' COMMENT '路由地址',
  `component` varchar(255) CHARACTER SET utf8mb3 COLLATE utf8mb3_general_ci NULL DEFAULT NULL COMMENT '组件路径',
  `query` varchar(255) CHARACTER SET utf8mb3 COLLATE utf8mb3_general_ci NULL DEFAULT NULL COMMENT '路由参数',
  `is_frame` int NULL DEFAULT 1 COMMENT '是否为外链（0是 1否）',
  `is_cache` int NULL DEFAULT 0 COMMENT '是否缓存（0缓存 1不缓存）',
  `menu_type` char(1) CHARACTER SET utf8mb3 COLLATE utf8mb3_general_ci NULL DEFAULT '' COMMENT '菜单类型（M目录 C菜单 F按钮）',
  `visible` char(1) CHARACTER SET utf8mb3 COLLATE utf8mb3_general_ci NULL DEFAULT '0' COMMENT '菜单状态（0显示 1隐藏）',
  `status` char(1) CHARACTER SET utf8mb3 COLLATE utf8mb3_general_ci NULL DEFAULT '0' COMMENT '菜单状态（0正常 1停用）',
  `perms` varchar(100) CHARACTER SET utf8mb3 COLLATE utf8mb3_general_ci NULL DEFAULT NULL COMMENT '权限标识',
  `icon` varchar(100) CHARACTER SET utf8mb3 COLLATE utf8mb3_general_ci NULL DEFAULT '#' COMMENT '菜单图标',
  `create_by` varchar(64) CHARACTER SET utf8mb3 COLLATE utf8mb3_general_ci NULL DEFAULT '' COMMENT '创建者',
  `create_time` datetime NULL DEFAULT NULL COMMENT '创建时间',
  `update_by` varchar(64) CHARACTER SET utf8mb3 COLLATE utf8mb3_general_ci NULL DEFAULT '' COMMENT '更新者',
  `update_time` datetime NULL DEFAULT NULL COMMENT '更新时间',
  `remark` varchar(500) CHARACTER SET utf8mb3 COLLATE utf8mb3_general_ci NULL DEFAULT '' COMMENT '备注',
  PRIMARY KEY (`menu_id`) USING BTREE
) ENGINE = InnoDB AUTO_INCREMENT = 2071 CHARACTER SET = utf8mb3 COLLATE = utf8mb3_general_ci COMMENT = '菜单权限表' ROW_FORMAT = Dynamic;

-- ----------------------------
-- Records of sys_menu
-- ----------------------------
INSERT INTO `sys_menu` VALUES (1, '系统管理', 0, 1, 'system', NULL, '', 1, 0, 'M', '0', '0', '', 'system', 'admin', '2023-12-14 15:19:50', '', NULL, '系统管理目录');
INSERT INTO `sys_menu` VALUES (2, '系统监控', 0, 2, 'monitor', NULL, '', 1, 0, 'M', '0', '0', '', 'monitor', 'admin', '2023-12-14 15:19:50', 'admin', '2023-12-18 09:36:24', '系统监控目录');
INSERT INTO `sys_menu` VALUES (3, '系统工具', 0, 3, 'tool', NULL, '', 1, 0, 'M', '0', '0', '', 'tool', 'admin', '2023-12-14 15:19:50', '', NULL, '系统工具目录');
INSERT INTO `sys_menu` VALUES (4, '若依官网', 0, 4, 'http://ruoyi.vip', NULL, '', 0, 0, 'M', '1', '1', '', 'guide', 'admin', '2023-12-14 15:19:50', 'admin', '2023-12-14 15:44:36', '若依官网地址');
INSERT INTO `sys_menu` VALUES (100, '用户管理', 1, 1, 'user', 'system/user/index', '', 1, 0, 'C', '0', '0', 'system:user:list', 'user', 'admin', '2023-12-14 15:19:50', '', NULL, '用户管理菜单');
INSERT INTO `sys_menu` VALUES (101, '角色管理', 1, 2, 'role', 'system/role/index', '', 1, 0, 'C', '0', '0', 'system:role:list', 'peoples', 'admin', '2023-12-14 15:19:50', '', NULL, '角色管理菜单');
INSERT INTO `sys_menu` VALUES (102, '菜单管理', 1, 3, 'menu', 'system/menu/index', '', 1, 0, 'C', '0', '0', 'system:menu:list', 'tree-table', 'admin', '2023-12-14 15:19:50', '', NULL, '菜单管理菜单');
INSERT INTO `sys_menu` VALUES (103, '部门管理', 1, 4, 'dept', 'system/dept/index', '', 1, 0, 'C', '0', '0', 'system:dept:list', 'tree', 'admin', '2023-12-14 15:19:50', '', NULL, '部门管理菜单');
INSERT INTO `sys_menu` VALUES (104, '岗位管理', 1, 5, 'post', 'system/post/index', '', 1, 0, 'C', '0', '0', 'system:post:list', 'post', 'admin', '2023-12-14 15:19:50', '', NULL, '岗位管理菜单');
INSERT INTO `sys_menu` VALUES (105, '字典管理', 1, 6, 'dict', 'system/dict/index', '', 1, 0, 'C', '0', '0', 'system:dict:list', 'dict', 'admin', '2023-12-14 15:19:50', '', NULL, '字典管理菜单');
INSERT INTO `sys_menu` VALUES (106, '参数设置', 1, 7, 'config', 'system/config/index', '', 1, 0, 'C', '0', '0', 'system:config:list', 'edit', 'admin', '2023-12-14 15:19:50', '', NULL, '参数设置菜单');
INSERT INTO `sys_menu` VALUES (107, '通知公告', 1, 8, 'notice', 'system/notice/index', '', 1, 0, 'C', '0', '0', 'system:notice:list', 'message', 'admin', '2023-12-14 15:19:50', '', NULL, '通知公告菜单');
INSERT INTO `sys_menu` VALUES (108, '日志管理', 1, 9, 'log', '', '', 1, 0, 'M', '0', '0', '', 'log', 'admin', '2023-12-14 15:19:50', '', NULL, '日志管理菜单');
INSERT INTO `sys_menu` VALUES (109, '在线用户', 2, 1, 'online', 'monitor/online/index', '', 1, 0, 'C', '0', '0', 'monitor:online:list', 'online', 'admin', '2023-12-14 15:19:50', '', NULL, '在线用户菜单');
INSERT INTO `sys_menu` VALUES (110, '定时任务', 2, 2, 'job', 'monitor/job/index', '', 1, 0, 'C', '0', '0', 'monitor:job:list', 'job', 'admin', '2023-12-14 15:19:50', '', NULL, '定时任务菜单');
INSERT INTO `sys_menu` VALUES (111, '数据监控', 2, 3, 'druid', 'monitor/druid/index', '', 1, 0, 'C', '0', '0', 'monitor:druid:list', 'druid', 'admin', '2023-12-14 15:19:50', '', NULL, '数据监控菜单');
INSERT INTO `sys_menu` VALUES (112, '服务监控', 2, 4, 'server', 'monitor/server/index', '', 1, 0, 'C', '0', '0', 'monitor:server:list', 'server', 'admin', '2023-12-14 15:19:50', '', NULL, '服务监控菜单');
INSERT INTO `sys_menu` VALUES (113, '缓存监控', 2, 5, 'cache', 'monitor/cache/index', '', 1, 0, 'C', '0', '0', 'monitor:cache:list', 'redis', 'admin', '2023-12-14 15:19:50', '', NULL, '缓存监控菜单');
INSERT INTO `sys_menu` VALUES (114, '缓存列表', 2, 6, 'cacheList', 'monitor/cache/list', '', 1, 0, 'C', '0', '0', 'monitor:cache:list', 'redis-list', 'admin', '2023-12-14 15:19:50', '', NULL, '缓存列表菜单');
INSERT INTO `sys_menu` VALUES (115, '表单构建', 3, 1, 'build', 'tool/build/index', '', 1, 0, 'C', '0', '0', 'tool:build:list', 'build', 'admin', '2023-12-14 15:19:50', '', NULL, '表单构建菜单');
INSERT INTO `sys_menu` VALUES (116, '代码生成', 3, 2, 'gen', 'tool/gen/index', '', 1, 0, 'C', '0', '0', 'tool:gen:list', 'code', 'admin', '2023-12-14 15:19:50', '', NULL, '代码生成菜单');
INSERT INTO `sys_menu` VALUES (117, '系统接口', 3, 3, 'swagger', 'tool/swagger/index', '', 1, 0, 'C', '0', '0', 'tool:swagger:list', 'swagger', 'admin', '2023-12-14 15:19:50', '', NULL, '系统接口菜单');
INSERT INTO `sys_menu` VALUES (500, '操作日志', 108, 1, 'operlog', 'monitor/operlog/index', '', 1, 0, 'C', '0', '0', 'monitor:operlog:list', 'form', 'admin', '2023-12-14 15:19:50', '', NULL, '操作日志菜单');
INSERT INTO `sys_menu` VALUES (501, '登录日志', 108, 2, 'logininfor', 'monitor/logininfor/index', '', 1, 0, 'C', '0', '0', 'monitor:logininfor:list', 'logininfor', 'admin', '2023-12-14 15:19:50', '', NULL, '登录日志菜单');
INSERT INTO `sys_menu` VALUES (1000, '用户查询', 100, 1, '', '', '', 1, 0, 'F', '0', '0', 'system:user:query', '#', 'admin', '2023-12-14 15:19:50', '', NULL, '');
INSERT INTO `sys_menu` VALUES (1001, '用户新增', 100, 2, '', '', '', 1, 0, 'F', '0', '0', 'system:user:add', '#', 'admin', '2023-12-14 15:19:50', '', NULL, '');
INSERT INTO `sys_menu` VALUES (1002, '用户修改', 100, 3, '', '', '', 1, 0, 'F', '0', '0', 'system:user:edit', '#', 'admin', '2023-12-14 15:19:50', '', NULL, '');
INSERT INTO `sys_menu` VALUES (1003, '用户删除', 100, 4, '', '', '', 1, 0, 'F', '0', '0', 'system:user:remove', '#', 'admin', '2023-12-14 15:19:50', '', NULL, '');
INSERT INTO `sys_menu` VALUES (1004, '用户导出', 100, 5, '', '', '', 1, 0, 'F', '0', '0', 'system:user:export', '#', 'admin', '2023-12-14 15:19:50', '', NULL, '');
INSERT INTO `sys_menu` VALUES (1005, '用户导入', 100, 6, '', '', '', 1, 0, 'F', '0', '0', 'system:user:import', '#', 'admin', '2023-12-14 15:19:50', '', NULL, '');
INSERT INTO `sys_menu` VALUES (1006, '重置密码', 100, 7, '', '', '', 1, 0, 'F', '0', '0', 'system:user:resetPwd', '#', 'admin', '2023-12-14 15:19:50', '', NULL, '');
INSERT INTO `sys_menu` VALUES (1007, '角色查询', 101, 1, '', '', '', 1, 0, 'F', '0', '0', 'system:role:query', '#', 'admin', '2023-12-14 15:19:50', '', NULL, '');
INSERT INTO `sys_menu` VALUES (1008, '角色新增', 101, 2, '', '', '', 1, 0, 'F', '0', '0', 'system:role:add', '#', 'admin', '2023-12-14 15:19:50', '', NULL, '');
INSERT INTO `sys_menu` VALUES (1009, '角色修改', 101, 3, '', '', '', 1, 0, 'F', '0', '0', 'system:role:edit', '#', 'admin', '2023-12-14 15:19:50', '', NULL, '');
INSERT INTO `sys_menu` VALUES (1010, '角色删除', 101, 4, '', '', '', 1, 0, 'F', '0', '0', 'system:role:remove', '#', 'admin', '2023-12-14 15:19:50', '', NULL, '');
INSERT INTO `sys_menu` VALUES (1011, '角色导出', 101, 5, '', '', '', 1, 0, 'F', '0', '0', 'system:role:export', '#', 'admin', '2023-12-14 15:19:50', '', NULL, '');
INSERT INTO `sys_menu` VALUES (1012, '菜单查询', 102, 1, '', '', '', 1, 0, 'F', '0', '0', 'system:menu:query', '#', 'admin', '2023-12-14 15:19:50', '', NULL, '');
INSERT INTO `sys_menu` VALUES (1013, '菜单新增', 102, 2, '', '', '', 1, 0, 'F', '0', '0', 'system:menu:add', '#', 'admin', '2023-12-14 15:19:50', '', NULL, '');
INSERT INTO `sys_menu` VALUES (1014, '菜单修改', 102, 3, '', '', '', 1, 0, 'F', '0', '0', 'system:menu:edit', '#', 'admin', '2023-12-14 15:19:50', '', NULL, '');
INSERT INTO `sys_menu` VALUES (1015, '菜单删除', 102, 4, '', '', '', 1, 0, 'F', '0', '0', 'system:menu:remove', '#', 'admin', '2023-12-14 15:19:50', '', NULL, '');
INSERT INTO `sys_menu` VALUES (1016, '部门查询', 103, 1, '', '', '', 1, 0, 'F', '0', '0', 'system:dept:query', '#', 'admin', '2023-12-14 15:19:50', '', NULL, '');
INSERT INTO `sys_menu` VALUES (1017, '部门新增', 103, 2, '', '', '', 1, 0, 'F', '0', '0', 'system:dept:add', '#', 'admin', '2023-12-14 15:19:50', '', NULL, '');
INSERT INTO `sys_menu` VALUES (1018, '部门修改', 103, 3, '', '', '', 1, 0, 'F', '0', '0', 'system:dept:edit', '#', 'admin', '2023-12-14 15:19:50', '', NULL, '');
INSERT INTO `sys_menu` VALUES (1019, '部门删除', 103, 4, '', '', '', 1, 0, 'F', '0', '0', 'system:dept:remove', '#', 'admin', '2023-12-14 15:19:50', '', NULL, '');
INSERT INTO `sys_menu` VALUES (1020, '岗位查询', 104, 1, '', '', '', 1, 0, 'F', '0', '0', 'system:post:query', '#', 'admin', '2023-12-14 15:19:50', '', NULL, '');
INSERT INTO `sys_menu` VALUES (1021, '岗位新增', 104, 2, '', '', '', 1, 0, 'F', '0', '0', 'system:post:add', '#', 'admin', '2023-12-14 15:19:50', '', NULL, '');
INSERT INTO `sys_menu` VALUES (1022, '岗位修改', 104, 3, '', '', '', 1, 0, 'F', '0', '0', 'system:post:edit', '#', 'admin', '2023-12-14 15:19:50', '', NULL, '');
INSERT INTO `sys_menu` VALUES (1023, '岗位删除', 104, 4, '', '', '', 1, 0, 'F', '0', '0', 'system:post:remove', '#', 'admin', '2023-12-14 15:19:50', '', NULL, '');
INSERT INTO `sys_menu` VALUES (1024, '岗位导出', 104, 5, '', '', '', 1, 0, 'F', '0', '0', 'system:post:export', '#', 'admin', '2023-12-14 15:19:50', '', NULL, '');
INSERT INTO `sys_menu` VALUES (1025, '字典查询', 105, 1, '#', '', '', 1, 0, 'F', '0', '0', 'system:dict:query', '#', 'admin', '2023-12-14 15:19:50', '', NULL, '');
INSERT INTO `sys_menu` VALUES (1026, '字典新增', 105, 2, '#', '', '', 1, 0, 'F', '0', '0', 'system:dict:add', '#', 'admin', '2023-12-14 15:19:50', '', NULL, '');
INSERT INTO `sys_menu` VALUES (1027, '字典修改', 105, 3, '#', '', '', 1, 0, 'F', '0', '0', 'system:dict:edit', '#', 'admin', '2023-12-14 15:19:50', '', NULL, '');
INSERT INTO `sys_menu` VALUES (1028, '字典删除', 105, 4, '#', '', '', 1, 0, 'F', '0', '0', 'system:dict:remove', '#', 'admin', '2023-12-14 15:19:50', '', NULL, '');
INSERT INTO `sys_menu` VALUES (1029, '字典导出', 105, 5, '#', '', '', 1, 0, 'F', '0', '0', 'system:dict:export', '#', 'admin', '2023-12-14 15:19:50', '', NULL, '');
INSERT INTO `sys_menu` VALUES (1030, '参数查询', 106, 1, '#', '', '', 1, 0, 'F', '0', '0', 'system:config:query', '#', 'admin', '2023-12-14 15:19:50', '', NULL, '');
INSERT INTO `sys_menu` VALUES (1031, '参数新增', 106, 2, '#', '', '', 1, 0, 'F', '0', '0', 'system:config:add', '#', 'admin', '2023-12-14 15:19:50', '', NULL, '');
INSERT INTO `sys_menu` VALUES (1032, '参数修改', 106, 3, '#', '', '', 1, 0, 'F', '0', '0', 'system:config:edit', '#', 'admin', '2023-12-14 15:19:50', '', NULL, '');
INSERT INTO `sys_menu` VALUES (1033, '参数删除', 106, 4, '#', '', '', 1, 0, 'F', '0', '0', 'system:config:remove', '#', 'admin', '2023-12-14 15:19:50', '', NULL, '');
INSERT INTO `sys_menu` VALUES (1034, '参数导出', 106, 5, '#', '', '', 1, 0, 'F', '0', '0', 'system:config:export', '#', 'admin', '2023-12-14 15:19:50', '', NULL, '');
INSERT INTO `sys_menu` VALUES (1035, '公告查询', 107, 1, '#', '', '', 1, 0, 'F', '0', '0', 'system:notice:query', '#', 'admin', '2023-12-14 15:19:50', '', NULL, '');
INSERT INTO `sys_menu` VALUES (1036, '公告新增', 107, 2, '#', '', '', 1, 0, 'F', '0', '0', 'system:notice:add', '#', 'admin', '2023-12-14 15:19:50', '', NULL, '');
INSERT INTO `sys_menu` VALUES (1037, '公告修改', 107, 3, '#', '', '', 1, 0, 'F', '0', '0', 'system:notice:edit', '#', 'admin', '2023-12-14 15:19:50', '', NULL, '');
INSERT INTO `sys_menu` VALUES (1038, '公告删除', 107, 4, '#', '', '', 1, 0, 'F', '0', '0', 'system:notice:remove', '#', 'admin', '2023-12-14 15:19:50', '', NULL, '');
INSERT INTO `sys_menu` VALUES (1039, '操作查询', 500, 1, '#', '', '', 1, 0, 'F', '0', '0', 'monitor:operlog:query', '#', 'admin', '2023-12-14 15:19:50', '', NULL, '');
INSERT INTO `sys_menu` VALUES (1040, '操作删除', 500, 2, '#', '', '', 1, 0, 'F', '0', '0', 'monitor:operlog:remove', '#', 'admin', '2023-12-14 15:19:50', '', NULL, '');
INSERT INTO `sys_menu` VALUES (1041, '日志导出', 500, 3, '#', '', '', 1, 0, 'F', '0', '0', 'monitor:operlog:export', '#', 'admin', '2023-12-14 15:19:50', '', NULL, '');
INSERT INTO `sys_menu` VALUES (1042, '登录查询', 501, 1, '#', '', '', 1, 0, 'F', '0', '0', 'monitor:logininfor:query', '#', 'admin', '2023-12-14 15:19:50', '', NULL, '');
INSERT INTO `sys_menu` VALUES (1043, '登录删除', 501, 2, '#', '', '', 1, 0, 'F', '0', '0', 'monitor:logininfor:remove', '#', 'admin', '2023-12-14 15:19:50', '', NULL, '');
INSERT INTO `sys_menu` VALUES (1044, '日志导出', 501, 3, '#', '', '', 1, 0, 'F', '0', '0', 'monitor:logininfor:export', '#', 'admin', '2023-12-14 15:19:50', '', NULL, '');
INSERT INTO `sys_menu` VALUES (1045, '账户解锁', 501, 4, '#', '', '', 1, 0, 'F', '0', '0', 'monitor:logininfor:unlock', '#', 'admin', '2023-12-14 15:19:50', '', NULL, '');
INSERT INTO `sys_menu` VALUES (1046, '在线查询', 109, 1, '#', '', '', 1, 0, 'F', '0', '0', 'monitor:online:query', '#', 'admin', '2023-12-14 15:19:50', '', NULL, '');
INSERT INTO `sys_menu` VALUES (1047, '批量强退', 109, 2, '#', '', '', 1, 0, 'F', '0', '0', 'monitor:online:batchLogout', '#', 'admin', '2023-12-14 15:19:50', '', NULL, '');
INSERT INTO `sys_menu` VALUES (1048, '单条强退', 109, 3, '#', '', '', 1, 0, 'F', '0', '0', 'monitor:online:forceLogout', '#', 'admin', '2023-12-14 15:19:50', '', NULL, '');
INSERT INTO `sys_menu` VALUES (1049, '任务查询', 110, 1, '#', '', '', 1, 0, 'F', '0', '0', 'monitor:job:query', '#', 'admin', '2023-12-14 15:19:50', '', NULL, '');
INSERT INTO `sys_menu` VALUES (1050, '任务新增', 110, 2, '#', '', '', 1, 0, 'F', '0', '0', 'monitor:job:add', '#', 'admin', '2023-12-14 15:19:50', '', NULL, '');
INSERT INTO `sys_menu` VALUES (1051, '任务修改', 110, 3, '#', '', '', 1, 0, 'F', '0', '0', 'monitor:job:edit', '#', 'admin', '2023-12-14 15:19:50', '', NULL, '');
INSERT INTO `sys_menu` VALUES (1052, '任务删除', 110, 4, '#', '', '', 1, 0, 'F', '0', '0', 'monitor:job:remove', '#', 'admin', '2023-12-14 15:19:50', '', NULL, '');
INSERT INTO `sys_menu` VALUES (1053, '状态修改', 110, 5, '#', '', '', 1, 0, 'F', '0', '0', 'monitor:job:changeStatus', '#', 'admin', '2023-12-14 15:19:50', '', NULL, '');
INSERT INTO `sys_menu` VALUES (1054, '任务导出', 110, 6, '#', '', '', 1, 0, 'F', '0', '0', 'monitor:job:export', '#', 'admin', '2023-12-14 15:19:50', '', NULL, '');
INSERT INTO `sys_menu` VALUES (1055, '生成查询', 116, 1, '#', '', '', 1, 0, 'F', '0', '0', 'tool:gen:query', '#', 'admin', '2023-12-14 15:19:50', '', NULL, '');
INSERT INTO `sys_menu` VALUES (1056, '生成修改', 116, 2, '#', '', '', 1, 0, 'F', '0', '0', 'tool:gen:edit', '#', 'admin', '2023-12-14 15:19:50', '', NULL, '');
INSERT INTO `sys_menu` VALUES (1057, '生成删除', 116, 3, '#', '', '', 1, 0, 'F', '0', '0', 'tool:gen:remove', '#', 'admin', '2023-12-14 15:19:50', '', NULL, '');
INSERT INTO `sys_menu` VALUES (1058, '导入代码', 116, 4, '#', '', '', 1, 0, 'F', '0', '0', 'tool:gen:import', '#', 'admin', '2023-12-14 15:19:50', '', NULL, '');
INSERT INTO `sys_menu` VALUES (1059, '预览代码', 116, 5, '#', '', '', 1, 0, 'F', '0', '0', 'tool:gen:preview', '#', 'admin', '2023-12-14 15:19:50', '', NULL, '');
INSERT INTO `sys_menu` VALUES (1060, '生成代码', 116, 6, '#', '', '', 1, 0, 'F', '0', '0', 'tool:gen:code', '#', 'admin', '2023-12-14 15:19:50', '', NULL, '');
INSERT INTO `sys_menu` VALUES (2000, '商品', 0, 10, 'product', NULL, NULL, 1, 0, 'M', '0', '0', NULL, 'shopping', 'admin', '2023-12-14 15:27:09', '', NULL, '');
INSERT INTO `sys_menu` VALUES (2001, '商品管理', 2000, 1, 'product', 'supermarket/product/index', NULL, 1, 0, 'C', '0', '0', 'supermarket:product:list', '#', 'admin', '2023-12-14 15:28:21', 'admin', '2023-12-14 17:11:00', '商品菜单');
INSERT INTO `sys_menu` VALUES (2002, '商品查询', 2001, 1, '#', '', NULL, 1, 0, 'F', '0', '0', 'supermarket:product:query', '#', 'admin', '2023-12-14 15:28:21', '', NULL, '');
INSERT INTO `sys_menu` VALUES (2003, '商品新增', 2001, 2, '#', '', NULL, 1, 0, 'F', '0', '0', 'supermarket:product:add', '#', 'admin', '2023-12-14 15:28:21', '', NULL, '');
INSERT INTO `sys_menu` VALUES (2004, '商品修改', 2001, 3, '#', '', NULL, 1, 0, 'F', '0', '0', 'supermarket:product:edit', '#', 'admin', '2023-12-14 15:28:21', '', NULL, '');
INSERT INTO `sys_menu` VALUES (2005, '商品删除', 2001, 4, '#', '', NULL, 1, 0, 'F', '0', '0', 'supermarket:product:remove', '#', 'admin', '2023-12-14 15:28:21', '', NULL, '');
INSERT INTO `sys_menu` VALUES (2006, '商品导出', 2001, 5, '#', '', NULL, 1, 0, 'F', '0', '0', 'supermarket:product:export', '#', 'admin', '2023-12-14 15:28:21', '', NULL, '');
INSERT INTO `sys_menu` VALUES (2007, '商品分类管理', 2000, 1, 'category', 'supermarket/category/index', NULL, 1, 0, 'C', '0', '0', 'supermarket:category:list', '#', 'admin', '2023-12-14 17:10:13', '', NULL, '商品分类管理菜单');
INSERT INTO `sys_menu` VALUES (2008, '商品分类管理查询', 2007, 1, '#', '', NULL, 1, 0, 'F', '0', '0', 'supermarket:category:query', '#', 'admin', '2023-12-14 17:10:13', '', NULL, '');
INSERT INTO `sys_menu` VALUES (2009, '商品分类管理新增', 2007, 2, '#', '', NULL, 1, 0, 'F', '0', '0', 'supermarket:category:add', '#', 'admin', '2023-12-14 17:10:13', '', NULL, '');
INSERT INTO `sys_menu` VALUES (2010, '商品分类管理修改', 2007, 3, '#', '', NULL, 1, 0, 'F', '0', '0', 'supermarket:category:edit', '#', 'admin', '2023-12-14 17:10:13', '', NULL, '');
INSERT INTO `sys_menu` VALUES (2011, '商品分类管理删除', 2007, 4, '#', '', NULL, 1, 0, 'F', '0', '0', 'supermarket:category:remove', '#', 'admin', '2023-12-14 17:10:13', '', NULL, '');
INSERT INTO `sys_menu` VALUES (2012, '商品分类管理导出', 2007, 5, '#', '', NULL, 1, 0, 'F', '0', '0', 'supermarket:category:export', '#', 'admin', '2023-12-14 17:10:13', '', NULL, '');
INSERT INTO `sys_menu` VALUES (2032, '供货', 0, 11, 'supplier', NULL, NULL, 1, 0, 'M', '0', '0', '', 'peoples', 'admin', '2023-12-14 19:46:17', 'admin', '2023-12-14 19:47:45', '');
INSERT INTO `sys_menu` VALUES (2033, '供应商管理', 2032, 1, 'supplier', 'supermarket/supplier/index', NULL, 1, 0, 'C', '0', '0', 'supermarket:supplier:list', '#', 'admin', '2023-12-14 19:48:16', '', NULL, '供应商管理菜单');
INSERT INTO `sys_menu` VALUES (2034, '供应商管理查询', 2033, 1, '#', '', NULL, 1, 0, 'F', '0', '0', 'supermarket:supplier:query', '#', 'admin', '2023-12-14 19:48:16', '', NULL, '');
INSERT INTO `sys_menu` VALUES (2035, '供应商管理新增', 2033, 2, '#', '', NULL, 1, 0, 'F', '0', '0', 'supermarket:supplier:add', '#', 'admin', '2023-12-14 19:48:16', '', NULL, '');
INSERT INTO `sys_menu` VALUES (2036, '供应商管理修改', 2033, 3, '#', '', NULL, 1, 0, 'F', '0', '0', 'supermarket:supplier:edit', '#', 'admin', '2023-12-14 19:48:16', '', NULL, '');
INSERT INTO `sys_menu` VALUES (2037, '供应商管理删除', 2033, 4, '#', '', NULL, 1, 0, 'F', '0', '0', 'supermarket:supplier:remove', '#', 'admin', '2023-12-14 19:48:16', '', NULL, '');
INSERT INTO `sys_menu` VALUES (2038, '供应商管理导出', 2033, 5, '#', '', NULL, 1, 0, 'F', '0', '0', 'supermarket:supplier:export', '#', 'admin', '2023-12-14 19:48:16', '', NULL, '');
INSERT INTO `sys_menu` VALUES (2045, '供货记录', 2032, 1, 'supplyRecord', 'supermarket/supplyRecord/index', NULL, 1, 0, 'C', '0', '0', 'supermarket:supplyRecord:list', '#', 'admin', '2023-12-15 09:03:57', '', NULL, '供货记录菜单');
INSERT INTO `sys_menu` VALUES (2046, '供货记录查询', 2045, 1, '#', '', NULL, 1, 0, 'F', '0', '0', 'supermarket:supplyRecord:query', '#', 'admin', '2023-12-15 09:03:57', '', NULL, '');
INSERT INTO `sys_menu` VALUES (2047, '供货记录新增', 2045, 2, '#', '', NULL, 1, 0, 'F', '0', '0', 'supermarket:supplyRecord:add', '#', 'admin', '2023-12-15 09:03:57', '', NULL, '');
INSERT INTO `sys_menu` VALUES (2048, '供货记录修改', 2045, 3, '#', '', NULL, 1, 0, 'F', '0', '0', 'supermarket:supplyRecord:edit', '#', 'admin', '2023-12-15 09:03:57', '', NULL, '');
INSERT INTO `sys_menu` VALUES (2049, '供货记录删除', 2045, 4, '#', '', NULL, 1, 0, 'F', '0', '0', 'supermarket:supplyRecord:remove', '#', 'admin', '2023-12-15 09:03:57', '', NULL, '');
INSERT INTO `sys_menu` VALUES (2050, '供货记录导出', 2045, 5, '#', '', NULL, 1, 0, 'F', '0', '0', 'supermarket:supplyRecord:export', '#', 'admin', '2023-12-15 09:03:57', '', NULL, '');
INSERT INTO `sys_menu` VALUES (2051, '交易', 0, 12, 'transactionRecord', NULL, NULL, 1, 0, 'M', '0', '0', '', 'money', 'admin', '2023-12-17 10:16:07', 'admin', '2023-12-17 10:16:12', '');
INSERT INTO `sys_menu` VALUES (2052, '交易记录', 2051, 1, 'transactionRecord', 'supermarket/transactionRecord/index', NULL, 1, 0, 'C', '0', '0', 'supermarket:transactionRecord:list', '#', 'admin', '2023-12-17 10:19:49', '', NULL, '交易记录菜单');
INSERT INTO `sys_menu` VALUES (2053, '交易记录查询', 2052, 1, '#', '', NULL, 1, 0, 'F', '0', '0', 'supermarket:transactionRecord:query', '#', 'admin', '2023-12-17 10:19:49', '', NULL, '');
INSERT INTO `sys_menu` VALUES (2054, '交易记录新增', 2052, 2, '#', '', NULL, 1, 0, 'F', '0', '0', 'supermarket:transactionRecord:add', '#', 'admin', '2023-12-17 10:19:49', '', NULL, '');
INSERT INTO `sys_menu` VALUES (2055, '交易记录修改', 2052, 3, '#', '', NULL, 1, 0, 'F', '0', '0', 'supermarket:transactionRecord:edit', '#', 'admin', '2023-12-17 10:19:49', '', NULL, '');
INSERT INTO `sys_menu` VALUES (2056, '交易记录删除', 2052, 4, '#', '', NULL, 1, 0, 'F', '0', '0', 'supermarket:transactionRecord:remove', '#', 'admin', '2023-12-17 10:19:49', '', NULL, '');
INSERT INTO `sys_menu` VALUES (2057, '交易记录导出', 2052, 5, '#', '', NULL, 1, 0, 'F', '0', '0', 'supermarket:transactionRecord:export', '#', 'admin', '2023-12-17 10:19:49', '', NULL, '');
INSERT INTO `sys_menu` VALUES (2058, '营收统计', 2051, 1, 'revenueStatistics', 'supermarket/revenueStatistics/index', NULL, 1, 0, 'C', '0', '0', 'supermarket:revenueStatistics:list', '#', 'admin', '2023-12-17 11:39:29', '', NULL, '营收统计菜单');
INSERT INTO `sys_menu` VALUES (2059, '营收统计查询', 2058, 1, '#', '', NULL, 1, 0, 'F', '0', '0', 'supermarket:revenueStatistics:query', '#', 'admin', '2023-12-17 11:39:29', '', NULL, '');
INSERT INTO `sys_menu` VALUES (2060, '营收统计新增', 2058, 2, '#', '', NULL, 1, 0, 'F', '0', '0', 'supermarket:revenueStatistics:add', '#', 'admin', '2023-12-17 11:39:29', '', NULL, '');
INSERT INTO `sys_menu` VALUES (2061, '营收统计修改', 2058, 3, '#', '', NULL, 1, 0, 'F', '0', '0', 'supermarket:revenueStatistics:edit', '#', 'admin', '2023-12-17 11:39:29', '', NULL, '');
INSERT INTO `sys_menu` VALUES (2062, '营收统计删除', 2058, 4, '#', '', NULL, 1, 0, 'F', '0', '0', 'supermarket:revenueStatistics:remove', '#', 'admin', '2023-12-17 11:39:29', '', NULL, '');
INSERT INTO `sys_menu` VALUES (2063, '营收统计导出', 2058, 5, '#', '', NULL, 1, 0, 'F', '0', '0', 'supermarket:revenueStatistics:export', '#', 'admin', '2023-12-17 11:39:29', '', NULL, '');
INSERT INTO `sys_menu` VALUES (2064, '收银台', 0, 13, 'checkstand', NULL, NULL, 1, 0, 'M', '0', '0', NULL, 'star', 'admin', '2023-12-19 08:57:12', '', NULL, '');
INSERT INTO `sys_menu` VALUES (2065, '收银台', 2064, 1, 'checkstand', 'supermarket/checkstand/index', NULL, 1, 0, 'C', '0', '0', 'supermarket:checkstand:list', '#', 'admin', '2023-12-19 09:00:23', '', NULL, '收银台菜单');

-- ----------------------------
-- Table structure for sys_notice
-- ----------------------------
DROP TABLE IF EXISTS `sys_notice`;
CREATE TABLE `sys_notice`  (
  `notice_id` int NOT NULL AUTO_INCREMENT COMMENT '公告ID',
  `notice_title` varchar(50) CHARACTER SET utf8mb3 COLLATE utf8mb3_general_ci NOT NULL COMMENT '公告标题',
  `notice_type` char(1) CHARACTER SET utf8mb3 COLLATE utf8mb3_general_ci NOT NULL COMMENT '公告类型（1通知 2公告）',
  `notice_content` longblob NULL COMMENT '公告内容',
  `status` char(1) CHARACTER SET utf8mb3 COLLATE utf8mb3_general_ci NULL DEFAULT '0' COMMENT '公告状态（0正常 1关闭）',
  `create_by` varchar(64) CHARACTER SET utf8mb3 COLLATE utf8mb3_general_ci NULL DEFAULT '' COMMENT '创建者',
  `create_time` datetime NULL DEFAULT NULL COMMENT '创建时间',
  `update_by` varchar(64) CHARACTER SET utf8mb3 COLLATE utf8mb3_general_ci NULL DEFAULT '' COMMENT '更新者',
  `update_time` datetime NULL DEFAULT NULL COMMENT '更新时间',
  `remark` varchar(255) CHARACTER SET utf8mb3 COLLATE utf8mb3_general_ci NULL DEFAULT NULL COMMENT '备注',
  PRIMARY KEY (`notice_id`) USING BTREE
) ENGINE = InnoDB AUTO_INCREMENT = 2 CHARACTER SET = utf8mb3 COLLATE = utf8mb3_general_ci COMMENT = '通知公告表' ROW_FORMAT = Dynamic;

-- ----------------------------
-- Records of sys_notice
-- ----------------------------
INSERT INTO `sys_notice` VALUES (1, '温馨提醒：2018-07-01 若依新版本发布啦', '2', 0xE696B0E78988E69CACE58685E5AEB9, '0', 'admin', '2023-12-14 15:19:51', '', NULL, '管理员');
INSERT INTO `sys_notice` VALUES (2, '维护通知：2018-07-01 若依系统凌晨维护', '1', 0xE7BBB4E68AA4E58685E5AEB9, '0', 'admin', '2023-12-14 15:19:51', '', NULL, '管理员');

-- ----------------------------
-- Table structure for sys_oper_log
-- ----------------------------
DROP TABLE IF EXISTS `sys_oper_log`;
CREATE TABLE `sys_oper_log`  (
  `oper_id` bigint NOT NULL AUTO_INCREMENT COMMENT '日志主键',
  `title` varchar(50) CHARACTER SET utf8mb3 COLLATE utf8mb3_general_ci NULL DEFAULT '' COMMENT '模块标题',
  `business_type` int NULL DEFAULT 0 COMMENT '业务类型（0其它 1新增 2修改 3删除）',
  `method` varchar(100) CHARACTER SET utf8mb3 COLLATE utf8mb3_general_ci NULL DEFAULT '' COMMENT '方法名称',
  `request_method` varchar(10) CHARACTER SET utf8mb3 COLLATE utf8mb3_general_ci NULL DEFAULT '' COMMENT '请求方式',
  `operator_type` int NULL DEFAULT 0 COMMENT '操作类别（0其它 1后台用户 2手机端用户）',
  `oper_name` varchar(50) CHARACTER SET utf8mb3 COLLATE utf8mb3_general_ci NULL DEFAULT '' COMMENT '操作人员',
  `dept_name` varchar(50) CHARACTER SET utf8mb3 COLLATE utf8mb3_general_ci NULL DEFAULT '' COMMENT '部门名称',
  `oper_url` varchar(255) CHARACTER SET utf8mb3 COLLATE utf8mb3_general_ci NULL DEFAULT '' COMMENT '请求URL',
  `oper_ip` varchar(128) CHARACTER SET utf8mb3 COLLATE utf8mb3_general_ci NULL DEFAULT '' COMMENT '主机地址',
  `oper_location` varchar(255) CHARACTER SET utf8mb3 COLLATE utf8mb3_general_ci NULL DEFAULT '' COMMENT '操作地点',
  `oper_param` varchar(2000) CHARACTER SET utf8mb3 COLLATE utf8mb3_general_ci NULL DEFAULT '' COMMENT '请求参数',
  `json_result` varchar(2000) CHARACTER SET utf8mb3 COLLATE utf8mb3_general_ci NULL DEFAULT '' COMMENT '返回参数',
  `status` int NULL DEFAULT 0 COMMENT '操作状态（0正常 1异常）',
  `error_msg` varchar(2000) CHARACTER SET utf8mb3 COLLATE utf8mb3_general_ci NULL DEFAULT '' COMMENT '错误消息',
  `oper_time` datetime NULL DEFAULT NULL COMMENT '操作时间',
  `cost_time` bigint NULL DEFAULT 0 COMMENT '消耗时间',
  PRIMARY KEY (`oper_id`) USING BTREE,
  INDEX `idx_sys_oper_log_bt`(`business_type` ASC) USING BTREE,
  INDEX `idx_sys_oper_log_s`(`status` ASC) USING BTREE,
  INDEX `idx_sys_oper_log_ot`(`oper_time` ASC) USING BTREE
) ENGINE = InnoDB AUTO_INCREMENT = 443 CHARACTER SET = utf8mb3 COLLATE = utf8mb3_general_ci COMMENT = '操作日志记录' ROW_FORMAT = Dynamic;

-- ----------------------------
-- Records of sys_oper_log
-- ----------------------------
INSERT INTO `sys_oper_log` VALUES (100, '代码生成', 6, 'com.ruoyi.generator.controller.GenController.importTableSave()', 'POST', 1, 'admin', '管理部', '/tool/gen/importTable', '127.0.0.1', '内网IP', '{\"tables\":\"product,category\"}', '{\"msg\":\"操作成功\",\"code\":200}', 0, NULL, '2023-12-14 15:23:47', 124);
INSERT INTO `sys_oper_log` VALUES (101, '代码生成', 2, 'com.ruoyi.generator.controller.GenController.editSave()', 'PUT', 1, 'admin', '管理部', '/tool/gen', '127.0.0.1', '内网IP', '{\"businessName\":\"product\",\"className\":\"Product\",\"columns\":[{\"capJavaField\":\"ProductId\",\"columnComment\":\"商品ID\",\"columnId\":6,\"columnName\":\"product_id\",\"columnType\":\"varchar(36)\",\"createBy\":\"admin\",\"createTime\":\"2023-12-14 15:23:47\",\"dictType\":\"\",\"edit\":false,\"htmlType\":\"input\",\"increment\":false,\"insert\":true,\"isIncrement\":\"0\",\"isInsert\":\"1\",\"isPk\":\"1\",\"isRequired\":\"0\",\"javaField\":\"productId\",\"javaType\":\"String\",\"list\":false,\"params\":{},\"pk\":true,\"query\":false,\"queryType\":\"EQ\",\"required\":false,\"sort\":1,\"superColumn\":false,\"tableId\":2,\"updateBy\":\"\",\"usableColumn\":false},{\"capJavaField\":\"ProductName\",\"columnComment\":\"商品名称\",\"columnId\":7,\"columnName\":\"product_name\",\"columnType\":\"varchar(255)\",\"createBy\":\"admin\",\"createTime\":\"2023-12-14 15:23:47\",\"dictType\":\"\",\"edit\":true,\"htmlType\":\"input\",\"increment\":false,\"insert\":true,\"isEdit\":\"1\",\"isIncrement\":\"0\",\"isInsert\":\"1\",\"isList\":\"1\",\"isPk\":\"0\",\"isQuery\":\"1\",\"isRequired\":\"0\",\"javaField\":\"productName\",\"javaType\":\"String\",\"list\":true,\"params\":{},\"pk\":false,\"query\":true,\"queryType\":\"LIKE\",\"required\":false,\"sort\":2,\"superColumn\":false,\"tableId\":2,\"updateBy\":\"\",\"usableColumn\":false},{\"capJavaField\":\"CategoryId\",\"columnComment\":\"商品分类ID\",\"columnId\":8,\"columnName\":\"category_id\",\"columnType\":\"varchar(36)\",\"createBy\":\"admin\",\"createTime\":\"2023-12-14 15:23:47\",\"dictType\":\"\",\"edit\":true,\"htmlType\":\"select\",\"increment\":false,\"insert\":true,\"isEdit\":\"1\",\"isIncrement\":\"0\",\"isInsert\":\"1\",\"isList\":\"1\",\"isPk\":\"0\",\"isQuery\":\"1\",\"isRequired\":\"0\",\"javaField\":\"categoryId\",\"javaType\":\"String\",\"list\":true,\"params\":{},\"pk\":false,\"query\":true,\"queryType\":\"EQ\",\"required\":false,\"sort\":3,\"superColumn\":false,\"tableId\":2,\"updateBy\":\"\",\"usableColumn\":false},{\"capJavaField\":\"Price\",\"columnComment\":\"商品价格\",\"columnId\":9,\"columnName\":\"price\",\"columnType\":\"decimal(10,2)\",\"createBy\":\"admin\",\"createTime\":\"2023-12-14 15:23:47\",\"dictType\":\"\",\"edit\":true,\"htmlType\":\"input\",\"increment\":false,\"insert\":true,\"isEdit\":\"1\",\"isIncrement\":\"0\",\"isInsert\":\"1\",\"isList\":\"1\",\"isPk\":\"', '{\"msg\":\"操作成功\",\"code\":200}', 0, NULL, '2023-12-14 15:26:31', 54);
INSERT INTO `sys_oper_log` VALUES (102, '菜单管理', 1, 'com.ruoyi.web.controller.system.SysMenuController.add()', 'POST', 1, 'admin', '管理部', '/system/menu', '127.0.0.1', '内网IP', '{\"children\":[],\"createBy\":\"admin\",\"icon\":\"shopping\",\"isCache\":\"0\",\"isFrame\":\"1\",\"menuName\":\"商品\",\"menuType\":\"M\",\"orderNum\":10,\"params\":{},\"parentId\":0,\"path\":\"product\",\"status\":\"0\",\"visible\":\"0\"}', '{\"msg\":\"操作成功\",\"code\":200}', 0, NULL, '2023-12-14 15:27:09', 11);
INSERT INTO `sys_oper_log` VALUES (103, '代码生成', 2, 'com.ruoyi.generator.controller.GenController.editSave()', 'PUT', 1, 'admin', '管理部', '/tool/gen', '127.0.0.1', '内网IP', '{\"businessName\":\"product\",\"className\":\"Product\",\"columns\":[{\"capJavaField\":\"ProductId\",\"columnComment\":\"商品ID\",\"columnId\":6,\"columnName\":\"product_id\",\"columnType\":\"varchar(36)\",\"createBy\":\"admin\",\"createTime\":\"2023-12-14 15:23:47\",\"dictType\":\"\",\"edit\":false,\"htmlType\":\"input\",\"increment\":false,\"insert\":true,\"isIncrement\":\"0\",\"isInsert\":\"1\",\"isPk\":\"1\",\"isRequired\":\"0\",\"javaField\":\"productId\",\"javaType\":\"String\",\"list\":false,\"params\":{},\"pk\":true,\"query\":false,\"queryType\":\"EQ\",\"required\":false,\"sort\":1,\"superColumn\":false,\"tableId\":2,\"updateBy\":\"\",\"updateTime\":\"2023-12-14 15:26:31\",\"usableColumn\":false},{\"capJavaField\":\"ProductName\",\"columnComment\":\"商品名称\",\"columnId\":7,\"columnName\":\"product_name\",\"columnType\":\"varchar(255)\",\"createBy\":\"admin\",\"createTime\":\"2023-12-14 15:23:47\",\"dictType\":\"\",\"edit\":true,\"htmlType\":\"input\",\"increment\":false,\"insert\":true,\"isEdit\":\"1\",\"isIncrement\":\"0\",\"isInsert\":\"1\",\"isList\":\"1\",\"isPk\":\"0\",\"isQuery\":\"1\",\"isRequired\":\"0\",\"javaField\":\"productName\",\"javaType\":\"String\",\"list\":true,\"params\":{},\"pk\":false,\"query\":true,\"queryType\":\"LIKE\",\"required\":false,\"sort\":2,\"superColumn\":false,\"tableId\":2,\"updateBy\":\"\",\"updateTime\":\"2023-12-14 15:26:31\",\"usableColumn\":false},{\"capJavaField\":\"CategoryId\",\"columnComment\":\"商品分类ID\",\"columnId\":8,\"columnName\":\"category_id\",\"columnType\":\"varchar(36)\",\"createBy\":\"admin\",\"createTime\":\"2023-12-14 15:23:47\",\"dictType\":\"\",\"edit\":true,\"htmlType\":\"select\",\"increment\":false,\"insert\":true,\"isEdit\":\"1\",\"isIncrement\":\"0\",\"isInsert\":\"1\",\"isList\":\"1\",\"isPk\":\"0\",\"isQuery\":\"1\",\"isRequired\":\"0\",\"javaField\":\"categoryId\",\"javaType\":\"String\",\"list\":true,\"params\":{},\"pk\":false,\"query\":true,\"queryType\":\"EQ\",\"required\":false,\"sort\":3,\"superColumn\":false,\"tableId\":2,\"updateBy\":\"\",\"updateTime\":\"2023-12-14 15:26:31\",\"usableColumn\":false},{\"capJavaField\":\"Price\",\"columnComment\":\"商品价格\",\"columnId\":9,\"columnName\":\"price\",\"columnType\":\"decimal(10,2)\",\"createBy\":\"admin\",\"createTime\":\"2023-12-14 15:23:47\",\"dictType\":\"\",\"edit\":true,\"htmlType\":\"i', '{\"msg\":\"操作成功\",\"code\":200}', 0, NULL, '2023-12-14 15:27:18', 23);
INSERT INTO `sys_oper_log` VALUES (104, '代码生成', 8, 'com.ruoyi.generator.controller.GenController.batchGenCode()', 'GET', 1, 'admin', '管理部', '/tool/gen/batchGenCode', '127.0.0.1', '内网IP', '{\"tables\":\"product\"}', NULL, 0, NULL, '2023-12-14 15:27:22', 143);
INSERT INTO `sys_oper_log` VALUES (105, '商品', 2, 'com.ruoyi.controller.ProductController.edit()', 'PUT', 1, 'admin', '管理部', '/supermarket/product', '127.0.0.1', '内网IP', '{\"categoryId\":\"4f3db182-e04c-8f8b-17dd-7d76a8c627f3\",\"createdAt\":\"2020-10-23 07:35:11\",\"imagePath\":\"/profile/upload/2023/12/14/00016-2372822254_20231214152905A001.png\",\"isDeleted\":0,\"params\":{},\"price\":39.96,\"productId\":\"00012282-9b6d-78c2-04e4-e634fd2dcba2\",\"productName\":\"Pluots air\",\"stock\":370,\"updatedAt\":\"2003-10-09 07:52:30\"}', '{\"msg\":\"操作成功\",\"code\":200}', 0, NULL, '2023-12-14 15:29:07', 23);
INSERT INTO `sys_oper_log` VALUES (106, '商品', 2, 'com.ruoyi.controller.ProductController.edit()', 'PUT', 1, 'admin', '管理部', '/supermarket/product', '127.0.0.1', '内网IP', '{\"categoryId\":\"7e7668c8-4df4-1612-c534-aa1e51de3a75\",\"createdAt\":\"2013-08-23 06:23:54\",\"imagePath\":\"/profile/upload/2023/12/14/psc_20231214152911A002.jpg\",\"isDeleted\":0,\"params\":{},\"price\":771.68,\"productId\":\"0002489e-b805-3ea5-55d8-bed76ce8715b\",\"productName\":\"Apple\",\"stock\":643,\"updatedAt\":\"2010-04-07 09:45:46\"}', '{\"msg\":\"操作成功\",\"code\":200}', 0, NULL, '2023-12-14 15:29:12', 5);
INSERT INTO `sys_oper_log` VALUES (107, '代码生成', 2, 'com.ruoyi.generator.controller.GenController.editSave()', 'PUT', 1, 'admin', '管理部', '/tool/gen', '127.0.0.1', '内网IP', '{\"businessName\":\"product\",\"className\":\"Product\",\"columns\":[{\"capJavaField\":\"ProductId\",\"columnComment\":\"商品ID\",\"columnId\":6,\"columnName\":\"product_id\",\"columnType\":\"varchar(36)\",\"createBy\":\"admin\",\"createTime\":\"2023-12-14 15:23:47\",\"dictType\":\"\",\"edit\":false,\"htmlType\":\"input\",\"increment\":false,\"insert\":true,\"isIncrement\":\"0\",\"isInsert\":\"1\",\"isPk\":\"1\",\"isRequired\":\"0\",\"javaField\":\"productId\",\"javaType\":\"String\",\"list\":false,\"params\":{},\"pk\":true,\"query\":false,\"queryType\":\"EQ\",\"required\":false,\"sort\":1,\"superColumn\":false,\"tableId\":2,\"updateBy\":\"\",\"updateTime\":\"2023-12-14 15:27:18\",\"usableColumn\":false},{\"capJavaField\":\"ProductName\",\"columnComment\":\"商品名称\",\"columnId\":7,\"columnName\":\"product_name\",\"columnType\":\"varchar(255)\",\"createBy\":\"admin\",\"createTime\":\"2023-12-14 15:23:47\",\"dictType\":\"\",\"edit\":true,\"htmlType\":\"input\",\"increment\":false,\"insert\":true,\"isEdit\":\"1\",\"isIncrement\":\"0\",\"isInsert\":\"1\",\"isList\":\"1\",\"isPk\":\"0\",\"isQuery\":\"1\",\"isRequired\":\"0\",\"javaField\":\"productName\",\"javaType\":\"String\",\"list\":true,\"params\":{},\"pk\":false,\"query\":true,\"queryType\":\"LIKE\",\"required\":false,\"sort\":2,\"superColumn\":false,\"tableId\":2,\"updateBy\":\"\",\"updateTime\":\"2023-12-14 15:27:18\",\"usableColumn\":false},{\"capJavaField\":\"CategoryId\",\"columnComment\":\"商品分类ID\",\"columnId\":8,\"columnName\":\"category_id\",\"columnType\":\"varchar(36)\",\"createBy\":\"admin\",\"createTime\":\"2023-12-14 15:23:47\",\"dictType\":\"\",\"edit\":true,\"htmlType\":\"select\",\"increment\":false,\"insert\":true,\"isEdit\":\"1\",\"isIncrement\":\"0\",\"isInsert\":\"1\",\"isList\":\"1\",\"isPk\":\"0\",\"isQuery\":\"1\",\"isRequired\":\"0\",\"javaField\":\"categoryId\",\"javaType\":\"String\",\"list\":true,\"params\":{},\"pk\":false,\"query\":true,\"queryType\":\"EQ\",\"required\":false,\"sort\":3,\"superColumn\":false,\"tableId\":2,\"updateBy\":\"\",\"updateTime\":\"2023-12-14 15:27:18\",\"usableColumn\":false},{\"capJavaField\":\"Price\",\"columnComment\":\"商品价格\",\"columnId\":9,\"columnName\":\"price\",\"columnType\":\"decimal(10,2)\",\"createBy\":\"admin\",\"createTime\":\"2023-12-14 15:23:47\",\"dictType\":\"\",\"edit\":true,\"htmlType\":\"i', '{\"msg\":\"操作成功\",\"code\":200}', 0, NULL, '2023-12-14 15:30:26', 60);
INSERT INTO `sys_oper_log` VALUES (108, '商品', 1, 'com.ruoyi.controller.ProductController.add()', 'POST', 1, 'admin', '管理部', '/supermarket/product', '127.0.0.1', '内网IP', '{\"imagePath\":\"/profile/upload/2023/12/14/00016-2372822254_20231214153106A003.png\",\"params\":{},\"price\":100,\"productName\":\"test\"}', NULL, 1, '\r\n### Error updating database.  Cause: java.sql.SQLException: Field \'product_id\' doesn\'t have a default value\r\n### The error may exist in file [C:\\Users\\qiutu\\Desktop\\RuoYi-Vue-master\\RuoYi-Vue-master\\supermarket\\target\\classes\\mapper\\supermarket\\ProductMapper.xml]\r\n### The error may involve com.ruoyi.mapper.ProductMapper.insertProduct-Inline\r\n### The error occurred while setting parameters\r\n### SQL: insert into product          ( product_name,                          price,                          image_path )           values ( ?,                          ?,                          ? )\r\n### Cause: java.sql.SQLException: Field \'product_id\' doesn\'t have a default value\n; Field \'product_id\' doesn\'t have a default value; nested exception is java.sql.SQLException: Field \'product_id\' doesn\'t have a default value', '2023-12-14 15:31:06', 51);
INSERT INTO `sys_oper_log` VALUES (109, '代码生成', 2, 'com.ruoyi.generator.controller.GenController.editSave()', 'PUT', 1, 'admin', '管理部', '/tool/gen', '127.0.0.1', '内网IP', '{\"businessName\":\"product\",\"className\":\"Product\",\"columns\":[{\"capJavaField\":\"ProductId\",\"columnComment\":\"商品ID\",\"columnId\":6,\"columnName\":\"product_id\",\"columnType\":\"varchar(36)\",\"createBy\":\"admin\",\"createTime\":\"2023-12-14 15:23:47\",\"dictType\":\"\",\"edit\":false,\"htmlType\":\"input\",\"increment\":false,\"insert\":true,\"isIncrement\":\"0\",\"isInsert\":\"1\",\"isPk\":\"1\",\"isRequired\":\"0\",\"javaField\":\"productId\",\"javaType\":\"String\",\"list\":false,\"params\":{},\"pk\":true,\"query\":false,\"queryType\":\"EQ\",\"required\":false,\"sort\":1,\"superColumn\":false,\"tableId\":2,\"updateBy\":\"\",\"updateTime\":\"2023-12-14 15:30:26\",\"usableColumn\":false},{\"capJavaField\":\"ProductName\",\"columnComment\":\"商品名称\",\"columnId\":7,\"columnName\":\"product_name\",\"columnType\":\"varchar(255)\",\"createBy\":\"admin\",\"createTime\":\"2023-12-14 15:23:47\",\"dictType\":\"\",\"edit\":true,\"htmlType\":\"input\",\"increment\":false,\"insert\":true,\"isEdit\":\"1\",\"isIncrement\":\"0\",\"isInsert\":\"1\",\"isList\":\"1\",\"isPk\":\"0\",\"isQuery\":\"1\",\"isRequired\":\"1\",\"javaField\":\"productName\",\"javaType\":\"String\",\"list\":true,\"params\":{},\"pk\":false,\"query\":true,\"queryType\":\"LIKE\",\"required\":true,\"sort\":2,\"superColumn\":false,\"tableId\":2,\"updateBy\":\"\",\"updateTime\":\"2023-12-14 15:30:26\",\"usableColumn\":false},{\"capJavaField\":\"CategoryId\",\"columnComment\":\"商品分类ID\",\"columnId\":8,\"columnName\":\"category_id\",\"columnType\":\"varchar(36)\",\"createBy\":\"admin\",\"createTime\":\"2023-12-14 15:23:47\",\"dictType\":\"\",\"edit\":true,\"htmlType\":\"select\",\"increment\":false,\"insert\":true,\"isEdit\":\"1\",\"isIncrement\":\"0\",\"isInsert\":\"1\",\"isList\":\"1\",\"isPk\":\"0\",\"isQuery\":\"1\",\"isRequired\":\"1\",\"javaField\":\"categoryId\",\"javaType\":\"String\",\"list\":true,\"params\":{},\"pk\":false,\"query\":true,\"queryType\":\"EQ\",\"required\":true,\"sort\":3,\"superColumn\":false,\"tableId\":2,\"updateBy\":\"\",\"updateTime\":\"2023-12-14 15:30:26\",\"usableColumn\":false},{\"capJavaField\":\"Price\",\"columnComment\":\"商品价格\",\"columnId\":9,\"columnName\":\"price\",\"columnType\":\"decimal(10,2)\",\"createBy\":\"admin\",\"createTime\":\"2023-12-14 15:23:47\",\"dictType\":\"\",\"edit\":true,\"htmlType\":\"inp', '{\"msg\":\"操作成功\",\"code\":200}', 0, NULL, '2023-12-14 15:35:48', 39);
INSERT INTO `sys_oper_log` VALUES (110, '商品', 1, 'com.ruoyi.controller.ProductController.add()', 'POST', 1, 'admin', '管理部', '/supermarket/product', '127.0.0.1', '内网IP', '{\"imagePath\":\"/profile/upload/2023/12/14/00016-2372822254_20231214153619A001.png\",\"params\":{},\"price\":100,\"productId\":\"653323b0-6db3-4094-ac6d-5b82537eac32\",\"productName\":\"test\"}', '{\"msg\":\"操作成功\",\"code\":200}', 0, NULL, '2023-12-14 15:36:25', 26);
INSERT INTO `sys_oper_log` VALUES (111, '商品', 2, 'com.ruoyi.controller.ProductController.edit()', 'PUT', 1, 'admin', '管理部', '/supermarket/product', '127.0.0.1', '内网IP', '{\"categoryId\":\"1a648bba-e6c2-f54f-405d-8fa259487ea2\",\"createdAt\":\"2009-07-09 17:45:54\",\"imagePath\":\"/profile/upload/2023/12/14/微信图片_20230615102351_20231214153803A003.jpg\",\"isDeleted\":0,\"params\":{},\"price\":900.12,\"productId\":\"00034d40-49ae-9a2b-a7aa-1a68df4f5ab1\",\"productName\":\"ultra-Anple\",\"stock\":385,\"updatedAt\":\"2006-09-29 06:50:23\"}', '{\"msg\":\"操作成功\",\"code\":200}', 0, NULL, '2023-12-14 15:38:04', 13);
INSERT INTO `sys_oper_log` VALUES (112, '商品', 2, 'com.ruoyi.controller.ProductController.edit()', 'PUT', 1, 'admin', '管理部', '/supermarket/product', '127.0.0.1', '内网IP', '{\"categoryId\":\"f54c034f-ca2e-ab78-7cf5-a6b427dce207\",\"createdAt\":\"2012-06-08 11:00:26\",\"imagePath\":\"/profile/upload/2023/12/14/微信图片_20230615102413_20231214153813A004.jpg\",\"isDeleted\":0,\"params\":{},\"price\":52.01,\"productId\":\"00035391-0ef0-7749-dc2a-0f0036b1be02\",\"productName\":\"Cherfy air\",\"stock\":540,\"updatedAt\":\"2008-06-08 00:23:04\"}', '{\"msg\":\"操作成功\",\"code\":200}', 0, NULL, '2023-12-14 15:38:14', 12);
INSERT INTO `sys_oper_log` VALUES (113, '商品', 2, 'com.ruoyi.controller.ProductController.edit()', 'PUT', 1, 'admin', '管理部', '/supermarket/product', '127.0.0.1', '内网IP', '{\"categoryId\":\"bd9d2ab6-a400-f0eb-eb70-89035bc73c00\",\"createdAt\":\"2006-07-03 22:29:58\",\"imagePath\":\"/profile/upload/2023/12/14/微信图片_20230720223146_20231214154057A005.png\",\"isDeleted\":0,\"params\":{},\"price\":334.73,\"productId\":\"0003c271-b9c3-0adc-3640-4169ae4d2bd3\",\"productName\":\"xjrape\",\"stock\":359,\"updatedAt\":\"2011-07-08 20:53:55\"}', '{\"msg\":\"操作成功\",\"code\":200}', 0, NULL, '2023-12-14 15:40:57', 5);
INSERT INTO `sys_oper_log` VALUES (114, '商品', 2, 'com.ruoyi.controller.ProductController.edit()', 'PUT', 1, 'admin', '管理部', '/supermarket/product', '127.0.0.1', '内网IP', '{\"categoryId\":\"d19479e5-e5ca-631d-4443-1e0ecd20acc4\",\"createdAt\":\"2006-04-01 14:34:45\",\"imagePath\":\"/profile/upload/2023/12/14/-1713126112_20231214154115A006.jpg\",\"isDeleted\":0,\"params\":{},\"price\":721.64,\"productId\":\"0004234e-7bf1-ab4a-6c7a-ba294dafbd83\",\"productName\":\"grange\",\"stock\":773,\"updatedAt\":\"2001-01-09 21:20:40\"}', '{\"msg\":\"操作成功\",\"code\":200}', 0, NULL, '2023-12-14 15:41:15', 6);
INSERT INTO `sys_oper_log` VALUES (115, '商品', 2, 'com.ruoyi.controller.ProductController.edit()', 'PUT', 1, 'admin', '管理部', '/supermarket/product', '127.0.0.1', '内网IP', '{\"categoryId\":\"8922afd3-4ecf-35b1-d1fc-95640870c287\",\"createdAt\":\"2017-09-09 16:52:03\",\"imagePath\":\"/profile/upload/2023/12/14/8f5b4417b06fae8569daaee2ad6bafe_20231214154125A007.jpg\",\"isDeleted\":0,\"params\":{},\"price\":936.91,\"productId\":\"00042843-d02b-3130-5f23-7f009dab96c1\",\"productName\":\"cango pi\",\"stock\":954,\"updatedAt\":\"2005-10-26 06:31:56\"}', '{\"msg\":\"操作成功\",\"code\":200}', 0, NULL, '2023-12-14 15:41:26', 7);
INSERT INTO `sys_oper_log` VALUES (116, '菜单管理', 3, 'com.ruoyi.web.controller.system.SysMenuController.remove()', 'DELETE', 1, 'admin', '管理部', '/system/menu/4', '127.0.0.1', '内网IP', '{}', '{\"msg\":\"菜单已分配,不允许删除\",\"code\":601}', 0, NULL, '2023-12-14 15:44:16', 5);
INSERT INTO `sys_oper_log` VALUES (117, '菜单管理', 2, 'com.ruoyi.web.controller.system.SysMenuController.edit()', 'PUT', 1, 'admin', '管理部', '/system/menu', '127.0.0.1', '内网IP', '{\"children\":[],\"createTime\":\"2023-12-14 15:19:50\",\"icon\":\"guide\",\"isCache\":\"0\",\"isFrame\":\"0\",\"menuId\":4,\"menuName\":\"若依官网\",\"menuType\":\"M\",\"orderNum\":4,\"params\":{},\"parentId\":0,\"path\":\"http://ruoyi.vip\",\"perms\":\"\",\"query\":\"\",\"status\":\"1\",\"updateBy\":\"admin\",\"visible\":\"1\"}', '{\"msg\":\"操作成功\",\"code\":200}', 0, NULL, '2023-12-14 15:44:36', 16);
INSERT INTO `sys_oper_log` VALUES (118, '商品', 2, 'com.ruoyi.controller.ProductController.edit()', 'PUT', 1, 'admin', '管理部', '/supermarket/product', '127.0.0.1', '内网IP', '{\"categoryId\":\"8922afd3-4ecf-35b1-d1fc-95640870c287\",\"createdAt\":\"2017-09-09 16:52:03\",\"imagePath\":\"\",\"isDeleted\":0,\"params\":{},\"price\":936.91,\"productId\":\"00042843-d02b-3130-5f23-7f009dab96c1\",\"productName\":\"cango pi\",\"stock\":954,\"updatedAt\":\"2005-10-26 06:31:56\"}', '{\"msg\":\"操作成功\",\"code\":200}', 0, NULL, '2023-12-14 15:45:04', 4);
INSERT INTO `sys_oper_log` VALUES (119, '商品', 2, 'com.ruoyi.controller.ProductController.edit()', 'PUT', 1, 'admin', '管理部', '/supermarket/product', '127.0.0.1', '内网IP', '{\"categoryId\":\"8922afd3-4ecf-35b1-d1fc-95640870c287\",\"createdAt\":\"2017-09-09 16:52:03\",\"imagePath\":\"/profile/upload/2023/12/14/QQ图片20231214154619_20231214154630A008.jpg\",\"isDeleted\":0,\"params\":{},\"price\":936.91,\"productId\":\"00042843-d02b-3130-5f23-7f009dab96c1\",\"productName\":\"cango pi\",\"stock\":954,\"updatedAt\":\"2005-10-26 06:31:56\"}', '{\"msg\":\"操作成功\",\"code\":200}', 0, NULL, '2023-12-14 15:46:31', 7);
INSERT INTO `sys_oper_log` VALUES (120, '商品', 2, 'com.ruoyi.controller.ProductController.edit()', 'PUT', 1, 'admin', '研发部门', '/supermarket/product', '192.168.1.101', '内网IP', '{\"categoryId\":\"67d3782d-6a8d-2ceb-0804-ac56281d3314\",\"createdAt\":\"2011-12-23 04:37:29\",\"imagePath\":\"/profile/upload/2023/12/14/Screenshot_2023-11-16-21-45-34-006_com.ss.android.ugc.aweme_20231214154643A009.png\",\"isDeleted\":0,\"params\":{},\"price\":290.46,\"productId\":\"00053923-777f-8c3e-ae94-a62734fcd15d\",\"productName\":\"omni-Mango\",\"stock\":970,\"updatedAt\":\"2021-12-29 11:02:25\"}', '{\"msg\":\"操作成功\",\"code\":200}', 0, NULL, '2023-12-14 15:46:50', 4);
INSERT INTO `sys_oper_log` VALUES (121, '商品', 2, 'com.ruoyi.controller.ProductController.edit()', 'PUT', 1, 'admin', '管理部', '/supermarket/product', '127.0.0.1', '内网IP', '{\"categoryId\":\"8922afd3-4ecf-35b1-d1fc-95640870c287\",\"createdAt\":\"2017-09-09 16:52:03\",\"imagePath\":\"/profile/upload/2023/12/14/QQ图片20231214154619_20231214154630A008.jpg\",\"isDeleted\":0,\"params\":{},\"price\":99999,\"productId\":\"00042843-d02b-3130-5f23-7f009dab96c1\",\"productName\":\"毒鑫\",\"stock\":954,\"updatedAt\":\"2005-10-26 06:31:56\"}', '{\"msg\":\"操作成功\",\"code\":200}', 0, NULL, '2023-12-14 15:46:55', 4);
INSERT INTO `sys_oper_log` VALUES (122, '商品', 2, 'com.ruoyi.controller.ProductController.edit()', 'PUT', 1, 'admin', '研发部门', '/supermarket/product', '192.168.1.101', '内网IP', '{\"categoryId\":\"67d3782d-6a8d-2ceb-0804-ac56281d3314\",\"createdAt\":\"2011-12-23 04:37:29\",\"imagePath\":\"/profile/upload/2023/12/14/Screenshot_2023-11-16-21-45-34-006_com.ss.android.ugc.aweme_20231214154643A009.png\",\"isDeleted\":0,\"params\":{},\"price\":290.46,\"productId\":\"00053923-777f-8c3e-ae94-a62734fcd15d\",\"productName\":\"精彩精彩\",\"stock\":970,\"updatedAt\":\"2021-12-29 11:02:25\"}', '{\"msg\":\"操作成功\",\"code\":200}', 0, NULL, '2023-12-14 15:47:09', 5);
INSERT INTO `sys_oper_log` VALUES (123, '商品', 3, 'com.ruoyi.controller.ProductController.remove()', 'DELETE', 1, 'admin', '研发部门', '/supermarket/product/00042843-d02b-3130-5f23-7f009dab96c1', '192.168.1.101', '内网IP', '{}', '{\"msg\":\"操作成功\",\"code\":200}', 0, NULL, '2023-12-14 15:47:19', 8);
INSERT INTO `sys_oper_log` VALUES (124, '商品', 2, 'com.ruoyi.controller.ProductController.edit()', 'PUT', 1, 'admin', '管理部', '/supermarket/product', '127.0.0.1', '内网IP', '{\"categoryId\":\"bceb8aa7-fced-0e98-5466-f1123f87c5d3\",\"createdAt\":\"2004-04-16 17:14:45\",\"imagePath\":\"/profile/upload/2023/12/14/QQ图片20231214154619_20231214154820A010.jpg\",\"isDeleted\":0,\"params\":{},\"price\":519.8,\"productId\":\"00056870-d559-a3fb-25f3-951a87a19331\",\"productName\":\"Kiwi\",\"stock\":749,\"updatedAt\":\"2009-10-04 05:27:53\"}', '{\"msg\":\"操作成功\",\"code\":200}', 0, NULL, '2023-12-14 15:48:21', 5);
INSERT INTO `sys_oper_log` VALUES (125, '在线用户', 7, 'com.ruoyi.web.controller.monitor.SysUserOnlineController.forceLogout()', 'DELETE', 1, 'admin', '研发部门', '/monitor/online/bc3bf579-cc16-4fdd-ba44-9ebf5109f72f', '192.168.1.101', '内网IP', '{}', '{\"msg\":\"操作成功\",\"code\":200}', 0, NULL, '2023-12-14 15:49:56', 1);
INSERT INTO `sys_oper_log` VALUES (126, '在线用户', 7, 'com.ruoyi.web.controller.monitor.SysUserOnlineController.forceLogout()', 'DELETE', 1, 'admin', '研发部门', '/monitor/online/79c75079-9a45-4dbb-87e9-951fb8ac59b7', '192.168.1.101', '内网IP', '{}', '{\"msg\":\"操作成功\",\"code\":200}', 0, NULL, '2023-12-14 15:50:08', 1);
INSERT INTO `sys_oper_log` VALUES (127, '菜单管理', 2, 'com.ruoyi.web.controller.system.SysMenuController.edit()', 'PUT', 1, 'admin', '研发部门', '/system/menu', '127.0.0.1', '内网IP', '{\"children\":[],\"createTime\":\"2023-12-14 15:19:50\",\"icon\":\"monitor\",\"isCache\":\"0\",\"isFrame\":\"1\",\"menuId\":2,\"menuName\":\"系统监控\",\"menuType\":\"M\",\"orderNum\":2,\"params\":{},\"parentId\":0,\"path\":\"monitor\",\"perms\":\"\",\"query\":\"\",\"status\":\"0\",\"updateBy\":\"admin\",\"visible\":\"1\"}', '{\"msg\":\"操作成功\",\"code\":200}', 0, NULL, '2023-12-14 15:51:16', 11);
INSERT INTO `sys_oper_log` VALUES (128, '菜单管理', 2, 'com.ruoyi.web.controller.system.SysMenuController.edit()', 'PUT', 1, 'admin', '研发部门', '/system/menu', '127.0.0.1', '内网IP', '{\"children\":[],\"createTime\":\"2023-12-14 15:19:50\",\"icon\":\"monitor\",\"isCache\":\"0\",\"isFrame\":\"1\",\"menuId\":2,\"menuName\":\"系统监控\",\"menuType\":\"M\",\"orderNum\":2,\"params\":{},\"parentId\":0,\"path\":\"monitor\",\"perms\":\"\",\"query\":\"\",\"status\":\"1\",\"updateBy\":\"admin\",\"visible\":\"1\"}', '{\"msg\":\"操作成功\",\"code\":200}', 0, NULL, '2023-12-14 15:51:52', 8);
INSERT INTO `sys_oper_log` VALUES (129, '在线用户', 7, 'com.ruoyi.web.controller.monitor.SysUserOnlineController.forceLogout()', 'DELETE', 1, 'admin', '研发部门', '/monitor/online/10375998-9d6d-4d3a-afd2-167eefc7305d', '192.168.1.101', '内网IP', '{}', '{\"msg\":\"操作成功\",\"code\":200}', 0, NULL, '2023-12-14 15:52:03', 0);
INSERT INTO `sys_oper_log` VALUES (130, '商品', 2, 'com.ruoyi.controller.ProductController.edit()', 'PUT', 1, 'admin', '研发部门', '/supermarket/product', '127.0.0.1', '内网IP', '{\"categoryId\":\"4f3db182-e04c-8f8b-17dd-7d76a8c627f3\",\"createdAt\":\"2020-10-23 07:35:11\",\"imagePath\":\"/profile/upload/2023/12/14/00016-2372822254_20231214152905A001.png\",\"isDeleted\":0,\"params\":{},\"price\":39.96,\"productId\":\"00012282-9b6d-78c2-04e4-e634fd2dcba2\",\"productName\":\"Pluots air\",\"stock\":370,\"updatedAt\":\"2003-10-09 07:52:30\"}', '{\"msg\":\"操作成功\",\"code\":200}', 0, NULL, '2023-12-14 16:02:41', 4);
INSERT INTO `sys_oper_log` VALUES (131, '商品', 2, 'com.ruoyi.controller.ProductController.edit()', 'PUT', 1, 'admin', '研发部门', '/supermarket/product', '127.0.0.1', '内网IP', '{\"categoryId\":\"adb2c0e0-64f3-b910-00f6-00a3609b159e\",\"createdAt\":\"2004-01-23 23:40:59\",\"imagePath\":\"/profile/upload/2023/12/14/1_20231214160317A011.jpg\",\"isDeleted\":0,\"params\":{},\"price\":14.97,\"productId\":\"00062536-292a-3071-d27f-0d50bf30188c\",\"productName\":\"ambi-Kiwi\",\"stock\":613,\"updatedAt\":\"2003-07-04 10:14:51\"}', '{\"msg\":\"操作成功\",\"code\":200}', 0, NULL, '2023-12-14 16:03:19', 5);
INSERT INTO `sys_oper_log` VALUES (132, '代码生成', 2, 'com.ruoyi.generator.controller.GenController.editSave()', 'PUT', 1, 'admin', '研发部门', '/tool/gen', '127.0.0.1', '内网IP', '{\"businessName\":\"category\",\"className\":\"Category\",\"columns\":[{\"capJavaField\":\"CategoryId\",\"columnComment\":\"分类ID\",\"columnId\":1,\"columnName\":\"category_id\",\"columnType\":\"varchar(36)\",\"createBy\":\"admin\",\"createTime\":\"2023-12-14 15:23:46\",\"dictType\":\"\",\"edit\":false,\"htmlType\":\"input\",\"increment\":false,\"insert\":false,\"isIncrement\":\"0\",\"isInsert\":\"0\",\"isPk\":\"1\",\"isRequired\":\"0\",\"javaField\":\"categoryId\",\"javaType\":\"String\",\"list\":false,\"params\":{},\"pk\":true,\"query\":false,\"queryType\":\"EQ\",\"required\":false,\"sort\":1,\"superColumn\":false,\"tableId\":1,\"updateBy\":\"\",\"usableColumn\":false},{\"capJavaField\":\"CategoryName\",\"columnComment\":\"分类名称\",\"columnId\":2,\"columnName\":\"category_name\",\"columnType\":\"varchar(255)\",\"createBy\":\"admin\",\"createTime\":\"2023-12-14 15:23:46\",\"dictType\":\"\",\"edit\":true,\"htmlType\":\"input\",\"increment\":false,\"insert\":true,\"isEdit\":\"1\",\"isIncrement\":\"0\",\"isInsert\":\"1\",\"isList\":\"1\",\"isPk\":\"0\",\"isQuery\":\"1\",\"isRequired\":\"0\",\"javaField\":\"categoryName\",\"javaType\":\"String\",\"list\":true,\"params\":{},\"pk\":false,\"query\":true,\"queryType\":\"LIKE\",\"required\":false,\"sort\":2,\"superColumn\":false,\"tableId\":1,\"updateBy\":\"\",\"usableColumn\":false},{\"capJavaField\":\"CreatedAt\",\"columnComment\":\"创建时间\",\"columnId\":3,\"columnName\":\"created_at\",\"columnType\":\"timestamp\",\"createBy\":\"admin\",\"createTime\":\"2023-12-14 15:23:46\",\"dictType\":\"\",\"edit\":false,\"htmlType\":\"datetime\",\"increment\":false,\"insert\":false,\"isEdit\":\"0\",\"isIncrement\":\"0\",\"isInsert\":\"0\",\"isList\":\"0\",\"isPk\":\"0\",\"isQuery\":\"0\",\"isRequired\":\"0\",\"javaField\":\"createdAt\",\"javaType\":\"Date\",\"list\":false,\"params\":{},\"pk\":false,\"query\":false,\"queryType\":\"EQ\",\"required\":false,\"sort\":3,\"superColumn\":false,\"tableId\":1,\"updateBy\":\"\",\"usableColumn\":false},{\"capJavaField\":\"UpdatedAt\",\"columnComment\":\"修改时间\",\"columnId\":4,\"columnName\":\"updated_at\",\"columnType\":\"timestamp\",\"createBy\":\"admin\",\"createTime\":\"2023-12-14 15:23:46\",\"dictType\":\"\",\"edit\":false,\"htmlType\":\"datetime\",\"increment\":false,\"insert\":false,\"isEdit\":\"0\",\"isIncrement\":\"0\",\"isInsert\":\"0\",\"isLi', '{\"msg\":\"操作成功\",\"code\":200}', 0, NULL, '2023-12-14 16:04:07', 45);
INSERT INTO `sys_oper_log` VALUES (133, '代码生成', 2, 'com.ruoyi.generator.controller.GenController.editSave()', 'PUT', 1, 'admin', '研发部门', '/tool/gen', '127.0.0.1', '内网IP', '{\"businessName\":\"product\",\"className\":\"Product\",\"columns\":[{\"capJavaField\":\"ProductId\",\"columnComment\":\"商品ID\",\"columnId\":6,\"columnName\":\"product_id\",\"columnType\":\"varchar(36)\",\"createBy\":\"admin\",\"createTime\":\"2023-12-14 15:23:47\",\"dictType\":\"\",\"edit\":false,\"htmlType\":\"input\",\"increment\":false,\"insert\":true,\"isIncrement\":\"0\",\"isInsert\":\"1\",\"isPk\":\"1\",\"isRequired\":\"0\",\"javaField\":\"productId\",\"javaType\":\"String\",\"list\":false,\"params\":{},\"pk\":true,\"query\":false,\"queryType\":\"EQ\",\"required\":false,\"sort\":1,\"superColumn\":false,\"tableId\":2,\"updateBy\":\"\",\"updateTime\":\"2023-12-14 15:35:48\",\"usableColumn\":false},{\"capJavaField\":\"ProductName\",\"columnComment\":\"商品名称\",\"columnId\":7,\"columnName\":\"product_name\",\"columnType\":\"varchar(255)\",\"createBy\":\"admin\",\"createTime\":\"2023-12-14 15:23:47\",\"dictType\":\"\",\"edit\":true,\"htmlType\":\"input\",\"increment\":false,\"insert\":true,\"isEdit\":\"1\",\"isIncrement\":\"0\",\"isInsert\":\"1\",\"isList\":\"1\",\"isPk\":\"0\",\"isQuery\":\"1\",\"isRequired\":\"1\",\"javaField\":\"productName\",\"javaType\":\"String\",\"list\":true,\"params\":{},\"pk\":false,\"query\":true,\"queryType\":\"LIKE\",\"required\":true,\"sort\":2,\"superColumn\":false,\"tableId\":2,\"updateBy\":\"\",\"updateTime\":\"2023-12-14 15:35:48\",\"usableColumn\":false},{\"capJavaField\":\"CategoryId\",\"columnComment\":\"商品分类ID\",\"columnId\":8,\"columnName\":\"category_id\",\"columnType\":\"varchar(36)\",\"createBy\":\"admin\",\"createTime\":\"2023-12-14 15:23:47\",\"dictType\":\"\",\"edit\":true,\"htmlType\":\"select\",\"increment\":false,\"insert\":true,\"isEdit\":\"1\",\"isIncrement\":\"0\",\"isInsert\":\"1\",\"isList\":\"1\",\"isPk\":\"0\",\"isQuery\":\"1\",\"isRequired\":\"1\",\"javaField\":\"categoryId\",\"javaType\":\"String\",\"list\":true,\"params\":{},\"pk\":false,\"query\":true,\"queryType\":\"EQ\",\"required\":true,\"sort\":3,\"superColumn\":false,\"tableId\":2,\"updateBy\":\"\",\"updateTime\":\"2023-12-14 15:35:48\",\"usableColumn\":false},{\"capJavaField\":\"Price\",\"columnComment\":\"商品价格\",\"columnId\":9,\"columnName\":\"price\",\"columnType\":\"decimal(10,2)\",\"createBy\":\"admin\",\"createTime\":\"2023-12-14 15:23:47\",\"dictType\":\"\",\"edit\":true,\"htmlType\":\"inp', '{\"msg\":\"操作成功\",\"code\":200}', 0, NULL, '2023-12-14 16:04:27', 77);
INSERT INTO `sys_oper_log` VALUES (134, '代码生成', 8, 'com.ruoyi.generator.controller.GenController.batchGenCode()', 'GET', 1, 'admin', '研发部门', '/tool/gen/batchGenCode', '127.0.0.1', '内网IP', '{\"tables\":\"product\"}', NULL, 0, NULL, '2023-12-14 16:04:31', 159);
INSERT INTO `sys_oper_log` VALUES (135, '代码生成', 2, 'com.ruoyi.generator.controller.GenController.editSave()', 'PUT', 1, 'admin', '研发部门', '/tool/gen', '127.0.0.1', '内网IP', '{\"businessName\":\"product\",\"className\":\"Product\",\"columns\":[{\"capJavaField\":\"ProductId\",\"columnComment\":\"商品ID\",\"columnId\":6,\"columnName\":\"product_id\",\"columnType\":\"varchar(36)\",\"createBy\":\"admin\",\"createTime\":\"2023-12-14 15:23:47\",\"dictType\":\"\",\"edit\":false,\"htmlType\":\"input\",\"increment\":false,\"insert\":true,\"isIncrement\":\"0\",\"isInsert\":\"1\",\"isPk\":\"1\",\"isRequired\":\"0\",\"javaField\":\"productId\",\"javaType\":\"String\",\"list\":false,\"params\":{},\"pk\":true,\"query\":false,\"queryType\":\"EQ\",\"required\":false,\"sort\":1,\"superColumn\":false,\"tableId\":2,\"updateBy\":\"\",\"updateTime\":\"2023-12-14 16:04:27\",\"usableColumn\":false},{\"capJavaField\":\"ProductName\",\"columnComment\":\"商品名称\",\"columnId\":7,\"columnName\":\"product_name\",\"columnType\":\"varchar(255)\",\"createBy\":\"admin\",\"createTime\":\"2023-12-14 15:23:47\",\"dictType\":\"\",\"edit\":true,\"htmlType\":\"input\",\"increment\":false,\"insert\":true,\"isEdit\":\"1\",\"isIncrement\":\"0\",\"isInsert\":\"1\",\"isList\":\"1\",\"isPk\":\"0\",\"isQuery\":\"1\",\"isRequired\":\"1\",\"javaField\":\"productName\",\"javaType\":\"String\",\"list\":true,\"params\":{},\"pk\":false,\"query\":true,\"queryType\":\"LIKE\",\"required\":true,\"sort\":2,\"superColumn\":false,\"tableId\":2,\"updateBy\":\"\",\"updateTime\":\"2023-12-14 16:04:27\",\"usableColumn\":false},{\"capJavaField\":\"CategoryId\",\"columnComment\":\"商品分类ID\",\"columnId\":8,\"columnName\":\"category_id\",\"columnType\":\"varchar(36)\",\"createBy\":\"admin\",\"createTime\":\"2023-12-14 15:23:47\",\"dictType\":\"\",\"edit\":true,\"htmlType\":\"select\",\"increment\":false,\"insert\":true,\"isEdit\":\"1\",\"isIncrement\":\"0\",\"isInsert\":\"1\",\"isList\":\"1\",\"isPk\":\"0\",\"isQuery\":\"1\",\"isRequired\":\"1\",\"javaField\":\"categoryId\",\"javaType\":\"String\",\"list\":true,\"params\":{},\"pk\":false,\"query\":true,\"queryType\":\"EQ\",\"required\":true,\"sort\":3,\"superColumn\":false,\"tableId\":2,\"updateBy\":\"\",\"updateTime\":\"2023-12-14 16:04:27\",\"usableColumn\":false},{\"capJavaField\":\"Price\",\"columnComment\":\"商品价格\",\"columnId\":9,\"columnName\":\"price\",\"columnType\":\"decimal(10,2)\",\"createBy\":\"admin\",\"createTime\":\"2023-12-14 15:23:47\",\"dictType\":\"\",\"edit\":true,\"htmlType\":\"inp', '{\"msg\":\"操作成功\",\"code\":200}', 0, NULL, '2023-12-14 16:10:22', 59);
INSERT INTO `sys_oper_log` VALUES (136, '商品', 2, 'com.ruoyi.controller.ProductController.edit()', 'PUT', 1, 'admin', '研发部门', '/supermarket/product', '127.0.0.1', '内网IP', '{\"categoryId\":\"08bf88ae-8f7c-bccd-6c3b-122ad4a302bc\",\"categoryList\":[],\"createdAt\":\"2014-01-10 01:20:42\",\"imagePath\":\"/profile/upload/2023/12/14/7_20231214161122A001.jpg\",\"isDeleted\":0,\"params\":{},\"price\":287.2,\"productId\":\"00075c5b-24ff-04c3-860b-9119a56b8cff\",\"productName\":\"Strawberry mini\",\"stock\":274,\"updatedAt\":\"2005-07-23 07:20:44\"}', '{\"msg\":\"操作成功\",\"code\":200}', 0, NULL, '2023-12-14 16:11:23', 21);
INSERT INTO `sys_oper_log` VALUES (137, '商品', 2, 'com.ruoyi.controller.ProductController.edit()', 'PUT', 1, 'admin', '研发部门', '/supermarket/product', '127.0.0.1', '内网IP', '{\"categoryId\":\"99387af0-2df5-4cb0-a64b-5e4471e4f01d\",\"categoryList\":[],\"createdAt\":\"2009-09-02 12:35:45\",\"imagePath\":\"/profile/upload/2023/12/14/5_20231214161137A002.jpg\",\"isDeleted\":0,\"params\":{},\"price\":815.16,\"productId\":\"00078780-c12c-239d-71a4-276e292c4775\",\"productName\":\"Cherry\",\"stock\":923,\"updatedAt\":\"2011-12-22 20:21:20\"}', '{\"msg\":\"操作成功\",\"code\":200}', 0, NULL, '2023-12-14 16:11:38', 12);
INSERT INTO `sys_oper_log` VALUES (138, '商品', 2, 'com.ruoyi.controller.ProductController.edit()', 'PUT', 1, 'admin', '研发部门', '/supermarket/product', '127.0.0.1', '内网IP', '{\"categoryId\":\"c11c6cb8-4904-5e96-5105-20c290d3bfbf\",\"categoryList\":[],\"createdAt\":\"2014-01-19 19:06:52\",\"imagePath\":\"/profile/upload/2023/12/14/6_20231214161149A003.jpg\",\"isDeleted\":0,\"params\":{},\"price\":812.53,\"productId\":\"0007ad7a-22ce-d8c7-81ee-7286da2a29c4\",\"productName\":\"Cherry\",\"stock\":776,\"updatedAt\":\"2018-12-16 17:52:43\"}', '{\"msg\":\"操作成功\",\"code\":200}', 0, NULL, '2023-12-14 16:11:50', 9);
INSERT INTO `sys_oper_log` VALUES (139, '商品', 2, 'com.ruoyi.controller.ProductController.edit()', 'PUT', 1, 'admin', '研发部门', '/supermarket/product', '127.0.0.1', '内网IP', '{\"categoryId\":\"98c33260-1f8f-954b-b4cb-09e7b14504bb\",\"categoryList\":[],\"createdAt\":\"2003-05-16 04:52:15\",\"imagePath\":\"/profile/upload/2023/12/14/2_20231214161156A004.jpg\",\"isDeleted\":0,\"params\":{},\"price\":367.9,\"productId\":\"0007d314-a654-756d-cab6-3674ebf8fc0c\",\"productName\":\"Rambutan\",\"stock\":436,\"updatedAt\":\"2014-02-13 02:59:42\"}', '{\"msg\":\"操作成功\",\"code\":200}', 0, NULL, '2023-12-14 16:11:57', 10);
INSERT INTO `sys_oper_log` VALUES (140, '商品', 2, 'com.ruoyi.controller.ProductController.edit()', 'PUT', 1, 'admin', '研发部门', '/supermarket/product', '127.0.0.1', '内网IP', '{\"categoryId\":\"7e7668c8-4df4-1612-c534-aa1e51de3a75\",\"categoryList\":[],\"createdAt\":\"2005-11-01 00:14:45\",\"imagePath\":\"/profile/upload/2023/12/14/2_20231214161221A005.jpg\",\"isDeleted\":0,\"params\":{},\"price\":885.83,\"productId\":\"00088fb0-c99e-23d6-f21c-2aa0f89c1824\",\"productName\":\"Orvnge elite\",\"stock\":565,\"updatedAt\":\"2003-05-23 01:24:14\"}', '{\"msg\":\"操作成功\",\"code\":200}', 0, NULL, '2023-12-14 16:12:22', 9);
INSERT INTO `sys_oper_log` VALUES (141, '商品', 2, 'com.ruoyi.controller.ProductController.edit()', 'PUT', 1, 'admin', '研发部门', '/supermarket/product', '127.0.0.1', '内网IP', '{\"categoryId\":\"7e7668c8-4df4-1612-c534-aa1e51de3a75\",\"categoryList\":[],\"createdAt\":\"2005-11-01 00:14:45\",\"imagePath\":\"/profile/upload/2023/12/14/3_20231214161236A006.jpg\",\"isDeleted\":0,\"params\":{},\"price\":885.83,\"productId\":\"00088fb0-c99e-23d6-f21c-2aa0f89c1824\",\"productName\":\"Orvnge elite\",\"stock\":565,\"updatedAt\":\"2003-05-23 01:24:14\"}', '{\"msg\":\"操作成功\",\"code\":200}', 0, NULL, '2023-12-14 16:12:37', 9);
INSERT INTO `sys_oper_log` VALUES (142, '代码生成', 8, 'com.ruoyi.generator.controller.GenController.batchGenCode()', 'GET', 1, 'admin', '研发部门', '/tool/gen/batchGenCode', '127.0.0.1', '内网IP', '{\"tables\":\"product\"}', NULL, 0, NULL, '2023-12-14 16:14:11', 37);
INSERT INTO `sys_oper_log` VALUES (143, '代码生成', 8, 'com.ruoyi.generator.controller.GenController.batchGenCode()', 'GET', 1, 'admin', '研发部门', '/tool/gen/batchGenCode', '127.0.0.1', '内网IP', '{\"tables\":\"category\"}', NULL, 0, NULL, '2023-12-14 16:15:21', 25);
INSERT INTO `sys_oper_log` VALUES (144, '代码生成', 8, 'com.ruoyi.generator.controller.GenController.batchGenCode()', 'GET', 1, 'admin', '研发部门', '/tool/gen/batchGenCode', '127.0.0.1', '内网IP', '{\"tables\":\"category\"}', NULL, 0, NULL, '2023-12-14 16:15:49', 22);
INSERT INTO `sys_oper_log` VALUES (145, '代码生成', 2, 'com.ruoyi.generator.controller.GenController.editSave()', 'PUT', 1, 'admin', '研发部门', '/tool/gen', '127.0.0.1', '内网IP', '{\"businessName\":\"category\",\"className\":\"Category\",\"columns\":[{\"capJavaField\":\"CategoryId\",\"columnComment\":\"分类ID\",\"columnId\":1,\"columnName\":\"category_id\",\"columnType\":\"varchar(36)\",\"createBy\":\"admin\",\"createTime\":\"2023-12-14 15:23:46\",\"dictType\":\"\",\"edit\":false,\"htmlType\":\"input\",\"increment\":false,\"insert\":false,\"isIncrement\":\"0\",\"isInsert\":\"0\",\"isPk\":\"1\",\"isRequired\":\"0\",\"javaField\":\"categoryId\",\"javaType\":\"String\",\"list\":false,\"params\":{},\"pk\":true,\"query\":false,\"queryType\":\"EQ\",\"required\":false,\"sort\":1,\"superColumn\":false,\"tableId\":1,\"updateBy\":\"\",\"updateTime\":\"2023-12-14 16:04:07\",\"usableColumn\":false},{\"capJavaField\":\"CategoryName\",\"columnComment\":\"分类名称\",\"columnId\":2,\"columnName\":\"category_name\",\"columnType\":\"varchar(255)\",\"createBy\":\"admin\",\"createTime\":\"2023-12-14 15:23:46\",\"dictType\":\"\",\"edit\":true,\"htmlType\":\"input\",\"increment\":false,\"insert\":true,\"isEdit\":\"1\",\"isIncrement\":\"0\",\"isInsert\":\"1\",\"isList\":\"1\",\"isPk\":\"0\",\"isQuery\":\"1\",\"isRequired\":\"0\",\"javaField\":\"categoryName\",\"javaType\":\"String\",\"list\":true,\"params\":{},\"pk\":false,\"query\":true,\"queryType\":\"LIKE\",\"required\":false,\"sort\":2,\"superColumn\":false,\"tableId\":1,\"updateBy\":\"\",\"updateTime\":\"2023-12-14 16:04:07\",\"usableColumn\":false},{\"capJavaField\":\"CreatedAt\",\"columnComment\":\"创建时间\",\"columnId\":3,\"columnName\":\"created_at\",\"columnType\":\"timestamp\",\"createBy\":\"admin\",\"createTime\":\"2023-12-14 15:23:46\",\"dictType\":\"\",\"edit\":false,\"htmlType\":\"datetime\",\"increment\":false,\"insert\":false,\"isEdit\":\"0\",\"isIncrement\":\"0\",\"isInsert\":\"0\",\"isList\":\"0\",\"isPk\":\"0\",\"isQuery\":\"0\",\"isRequired\":\"0\",\"javaField\":\"createdAt\",\"javaType\":\"Date\",\"list\":false,\"params\":{},\"pk\":false,\"query\":false,\"queryType\":\"EQ\",\"required\":false,\"sort\":3,\"superColumn\":false,\"tableId\":1,\"updateBy\":\"\",\"updateTime\":\"2023-12-14 16:04:07\",\"usableColumn\":false},{\"capJavaField\":\"UpdatedAt\",\"columnComment\":\"修改时间\",\"columnId\":4,\"columnName\":\"updated_at\",\"columnType\":\"timestamp\",\"createBy\":\"admin\",\"createTime\":\"2023-12-14 15:23:46\",\"dictType\":\"\",\"edit\":false,\"', '{\"msg\":\"操作成功\",\"code\":200}', 0, NULL, '2023-12-14 16:21:09', 36);
INSERT INTO `sys_oper_log` VALUES (146, '代码生成', 8, 'com.ruoyi.generator.controller.GenController.batchGenCode()', 'GET', 1, 'admin', '研发部门', '/tool/gen/batchGenCode', '127.0.0.1', '内网IP', '{\"tables\":\"category\"}', NULL, 0, NULL, '2023-12-14 16:21:14', 108);
INSERT INTO `sys_oper_log` VALUES (147, '商品', 2, 'com.ruoyi.controller.ProductController.edit()', 'PUT', 1, 'admin', '研发部门', '/supermarket/product', '127.0.0.1', '内网IP', '{\"categoryId\":\"74079b38-4298-51e6-eb62-ea188955602e\",\"categoryName\":\"00030c1d-8651-16d9-6419-99408bc210e4\",\"createdAt\":\"2006-12-18 03:47:21\",\"imagePath\":\"/profile/upload/2023/12/14/微信图片_20231017191201_20231214165202A002.jpg\",\"isDeleted\":0,\"params\":{},\"price\":39.33,\"productId\":\"0008e550-d814-640e-4314-3a747362de29\",\"productName\":\"Kiwi\",\"stock\":770,\"updatedAt\":\"2010-07-10 06:36:55\"}', '{\"msg\":\"操作成功\",\"code\":200}', 0, NULL, '2023-12-14 16:52:05', 11);
INSERT INTO `sys_oper_log` VALUES (148, '商品', 2, 'com.ruoyi.controller.ProductController.edit()', 'PUT', 1, 'admin', '研发部门', '/supermarket/product', '127.0.0.1', '内网IP', '{\"categoryId\":\"74079b38-4298-51e6-eb62-ea188955602e\",\"categoryName\":\"00030c1d-8651-16d9-6419-99408bc210e4\",\"createdAt\":\"2006-12-18 03:47:21\",\"imagePath\":\"/profile/upload/2023/12/14/微信图片_20231017191201_20231214165202A002.jpg\",\"isDeleted\":0,\"params\":{},\"price\":39.33,\"productId\":\"0008e550-d814-640e-4314-3a747362de29\",\"productName\":\"Kiwi\",\"stock\":770,\"updatedAt\":\"2010-07-10 06:36:55\"}', '{\"msg\":\"操作成功\",\"code\":200}', 0, NULL, '2023-12-14 16:52:13', 3);
INSERT INTO `sys_oper_log` VALUES (149, '商品', 2, 'com.ruoyi.controller.ProductController.edit()', 'PUT', 1, 'admin', '研发部门', '/supermarket/product', '127.0.0.1', '内网IP', '{\"categoryId\":\"4d462324-dbc6-14a0-fb54-717516cc93a0\",\"createdAt\":\"2020-10-23 07:35:11\",\"imagePath\":\"/profile/upload/2023/12/14/00016-2372822254_20231214152905A001.png\",\"isDeleted\":0,\"params\":{},\"price\":39.96,\"productId\":\"00012282-9b6d-78c2-04e4-e634fd2dcba2\",\"productName\":\"Pluots air\",\"stock\":370,\"updatedAt\":\"2003-10-09 07:52:30\"}', '{\"msg\":\"操作成功\",\"code\":200}', 0, NULL, '2023-12-14 16:53:40', 5);
INSERT INTO `sys_oper_log` VALUES (150, '商品', 2, 'com.ruoyi.controller.ProductController.edit()', 'PUT', 1, 'admin', '研发部门', '/supermarket/product', '127.0.0.1', '内网IP', '{\"categoryId\":\"4c405228-1b8a-66bd-a283-3e7157bb55fe\",\"createdAt\":\"2020-10-23 07:35:11\",\"imagePath\":\"/profile/upload/2023/12/14/00016-2372822254_20231214152905A001.png\",\"isDeleted\":0,\"params\":{},\"price\":39.96,\"productId\":\"00012282-9b6d-78c2-04e4-e634fd2dcba2\",\"productName\":\"Pluots air\",\"stock\":370,\"updatedAt\":\"2003-10-09 07:52:30\"}', '{\"msg\":\"操作成功\",\"code\":200}', 0, NULL, '2023-12-14 16:53:46', 4);
INSERT INTO `sys_oper_log` VALUES (151, '商品', 2, 'com.ruoyi.controller.ProductController.edit()', 'PUT', 1, 'admin', '研发部门', '/supermarket/product', '127.0.0.1', '内网IP', '{\"categoryId\":\"45899b55-2647-5888-e3c5-05c5c0fa9666\",\"createdAt\":\"2020-10-23 07:35:11\",\"imagePath\":\"/profile/upload/2023/12/14/00016-2372822254_20231214152905A001.png\",\"isDeleted\":0,\"params\":{},\"price\":39.96,\"productId\":\"00012282-9b6d-78c2-04e4-e634fd2dcba2\",\"productName\":\"Pluots air\",\"stock\":370,\"updatedAt\":\"2003-10-09 07:52:30\"}', '{\"msg\":\"操作成功\",\"code\":200}', 0, NULL, '2023-12-14 16:54:43', 5);
INSERT INTO `sys_oper_log` VALUES (152, '商品', 2, 'com.ruoyi.controller.ProductController.edit()', 'PUT', 1, 'admin', '研发部门', '/supermarket/product', '127.0.0.1', '内网IP', '{\"categoryId\":\"2\",\"createdAt\":\"2022-01-01 12:00:00\",\"imagePath\":\"/profile/upload/2023/12/14/cc0656b80e3aab38239ed94ebd94f5f_20231214170649A003.jpg\",\"isDeleted\":0,\"params\":{},\"price\":80,\"productId\":\"2\",\"productName\":\"休闲鞋\",\"stock\":50,\"updatedAt\":\"2022-01-01 12:00:00\"}', '{\"msg\":\"操作成功\",\"code\":200}', 0, NULL, '2023-12-14 17:06:50', 4);
INSERT INTO `sys_oper_log` VALUES (153, '代码生成', 2, 'com.ruoyi.generator.controller.GenController.editSave()', 'PUT', 1, 'admin', '研发部门', '/tool/gen', '127.0.0.1', '内网IP', '{\"businessName\":\"category\",\"className\":\"Category\",\"columns\":[{\"capJavaField\":\"CategoryId\",\"columnComment\":\"分类ID\",\"columnId\":1,\"columnName\":\"category_id\",\"columnType\":\"varchar(36)\",\"createBy\":\"admin\",\"createTime\":\"2023-12-14 15:23:46\",\"dictType\":\"\",\"edit\":false,\"htmlType\":\"input\",\"increment\":false,\"insert\":false,\"isIncrement\":\"0\",\"isInsert\":\"0\",\"isPk\":\"1\",\"isRequired\":\"0\",\"javaField\":\"categoryId\",\"javaType\":\"String\",\"list\":false,\"params\":{},\"pk\":true,\"query\":false,\"queryType\":\"EQ\",\"required\":false,\"sort\":1,\"superColumn\":false,\"tableId\":1,\"updateBy\":\"\",\"updateTime\":\"2023-12-14 16:21:09\",\"usableColumn\":false},{\"capJavaField\":\"CategoryName\",\"columnComment\":\"分类名称\",\"columnId\":2,\"columnName\":\"category_name\",\"columnType\":\"varchar(255)\",\"createBy\":\"admin\",\"createTime\":\"2023-12-14 15:23:46\",\"dictType\":\"\",\"edit\":true,\"htmlType\":\"input\",\"increment\":false,\"insert\":true,\"isEdit\":\"1\",\"isIncrement\":\"0\",\"isInsert\":\"1\",\"isList\":\"1\",\"isPk\":\"0\",\"isQuery\":\"1\",\"isRequired\":\"0\",\"javaField\":\"categoryName\",\"javaType\":\"String\",\"list\":true,\"params\":{},\"pk\":false,\"query\":true,\"queryType\":\"LIKE\",\"required\":false,\"sort\":2,\"superColumn\":false,\"tableId\":1,\"updateBy\":\"\",\"updateTime\":\"2023-12-14 16:21:09\",\"usableColumn\":false},{\"capJavaField\":\"CreatedAt\",\"columnComment\":\"创建时间\",\"columnId\":3,\"columnName\":\"created_at\",\"columnType\":\"timestamp\",\"createBy\":\"admin\",\"createTime\":\"2023-12-14 15:23:46\",\"dictType\":\"\",\"edit\":false,\"htmlType\":\"datetime\",\"increment\":false,\"insert\":false,\"isEdit\":\"0\",\"isIncrement\":\"0\",\"isInsert\":\"0\",\"isList\":\"1\",\"isPk\":\"0\",\"isQuery\":\"1\",\"isRequired\":\"0\",\"javaField\":\"createdAt\",\"javaType\":\"Date\",\"list\":true,\"params\":{},\"pk\":false,\"query\":true,\"queryType\":\"BETWEEN\",\"required\":false,\"sort\":3,\"superColumn\":false,\"tableId\":1,\"updateBy\":\"\",\"updateTime\":\"2023-12-14 16:21:09\",\"usableColumn\":false},{\"capJavaField\":\"UpdatedAt\",\"columnComment\":\"修改时间\",\"columnId\":4,\"columnName\":\"updated_at\",\"columnType\":\"timestamp\",\"createBy\":\"admin\",\"createTime\":\"2023-12-14 15:23:46\",\"dictType\":\"\",\"edit\":fals', '{\"msg\":\"操作成功\",\"code\":200}', 0, NULL, '2023-12-14 17:08:02', 25);
INSERT INTO `sys_oper_log` VALUES (154, '代码生成', 8, 'com.ruoyi.generator.controller.GenController.batchGenCode()', 'GET', 1, 'admin', '研发部门', '/tool/gen/batchGenCode', '127.0.0.1', '内网IP', '{\"tables\":\"category\"}', NULL, 0, NULL, '2023-12-14 17:08:12', 27);
INSERT INTO `sys_oper_log` VALUES (155, '菜单管理', 2, 'com.ruoyi.web.controller.system.SysMenuController.edit()', 'PUT', 1, 'admin', '研发部门', '/system/menu', '127.0.0.1', '内网IP', '{\"children\":[],\"component\":\"supermarket/product/index\",\"createTime\":\"2023-12-14 15:28:21\",\"icon\":\"#\",\"isCache\":\"0\",\"isFrame\":\"1\",\"menuId\":2001,\"menuName\":\"商品管理\",\"menuType\":\"C\",\"orderNum\":1,\"params\":{},\"parentId\":2000,\"path\":\"product\",\"perms\":\"supermarket:product:list\",\"status\":\"0\",\"updateBy\":\"admin\",\"visible\":\"0\"}', '{\"msg\":\"操作成功\",\"code\":200}', 0, NULL, '2023-12-14 17:11:00', 38);
INSERT INTO `sys_oper_log` VALUES (156, '商品分类管理', 1, 'com.ruoyi.controller.CategoryController.add()', 'POST', 1, 'admin', '研发部门', '/supermarket/category', '127.0.0.1', '内网IP', '{\"categoryName\":\"test\",\"params\":{}}', NULL, 1, '\r\n### Error updating database.  Cause: java.sql.SQLException: Field \'category_id\' doesn\'t have a default value\r\n### The error may exist in file [C:\\Users\\qiutu\\Desktop\\RuoYi-Vue-master\\RuoYi-Vue-master\\supermarket\\target\\classes\\mapper\\supermarket\\CategoryMapper.xml]\r\n### The error may involve com.ruoyi.mapper.CategoryMapper.insertCategory-Inline\r\n### The error occurred while setting parameters\r\n### SQL: insert into category          ( category_name )           values ( ? )\r\n### Cause: java.sql.SQLException: Field \'category_id\' doesn\'t have a default value\n; Field \'category_id\' doesn\'t have a default value; nested exception is java.sql.SQLException: Field \'category_id\' doesn\'t have a default value', '2023-12-14 17:11:23', 57);
INSERT INTO `sys_oper_log` VALUES (157, '商品分类管理', 1, 'com.ruoyi.controller.CategoryController.add()', 'POST', 1, 'admin', '研发部门', '/supermarket/category', '127.0.0.1', '内网IP', '{\"categoryName\":\"test\",\"params\":{}}', NULL, 1, '\r\n### Error updating database.  Cause: java.sql.SQLException: Field \'category_id\' doesn\'t have a default value\r\n### The error may exist in file [C:\\Users\\qiutu\\Desktop\\RuoYi-Vue-master\\RuoYi-Vue-master\\supermarket\\target\\classes\\mapper\\supermarket\\CategoryMapper.xml]\r\n### The error may involve com.ruoyi.mapper.CategoryMapper.insertCategory-Inline\r\n### The error occurred while setting parameters\r\n### SQL: insert into category          ( category_name )           values ( ? )\r\n### Cause: java.sql.SQLException: Field \'category_id\' doesn\'t have a default value\n; Field \'category_id\' doesn\'t have a default value; nested exception is java.sql.SQLException: Field \'category_id\' doesn\'t have a default value', '2023-12-14 17:11:30', 4);
INSERT INTO `sys_oper_log` VALUES (158, '商品分类管理', 1, 'com.ruoyi.controller.CategoryController.add()', 'POST', 1, 'admin', '研发部门', '/supermarket/category', '127.0.0.1', '内网IP', '{\"categoryId\":\"faea58ad-4ca8-4aea-8733-7f165c4969b2\",\"categoryName\":\"test\",\"createTime\":\"2023-12-14 17:16:13\",\"params\":{},\"updateTime\":\"2023-12-14 17:16:13\"}', '{\"msg\":\"操作成功\",\"code\":200}', 0, NULL, '2023-12-14 17:16:13', 28);
INSERT INTO `sys_oper_log` VALUES (159, '商品分类管理', 1, 'com.ruoyi.controller.CategoryController.add()', 'POST', 1, 'admin', '研发部门', '/supermarket/category', '127.0.0.1', '内网IP', '{\"categoryId\":\"39426c99-914b-4227-a1e6-3fc848e1a7d2\",\"categoryName\":\"test\",\"createTime\":\"2023-12-14 18:51:01\",\"params\":{},\"updateTime\":\"2023-12-14 18:51:01\"}', '{\"msg\":\"操作成功\",\"code\":200}', 0, NULL, '2023-12-14 18:51:01', 19);
INSERT INTO `sys_oper_log` VALUES (160, '商品分类管理', 3, 'com.ruoyi.controller.CategoryController.remove()', 'DELETE', 1, 'admin', '研发部门', '/supermarket/category/39426c99-914b-4227-a1e6-3fc848e1a7d2', '127.0.0.1', '内网IP', '{}', '{\"msg\":\"操作成功\",\"code\":200}', 0, NULL, '2023-12-14 18:51:06', 12);
INSERT INTO `sys_oper_log` VALUES (161, '商品分类管理', 3, 'com.ruoyi.controller.CategoryController.remove()', 'DELETE', 1, 'admin', '研发部门', '/supermarket/category/faea58ad-4ca8-4aea-8733-7f165c4969b2', '127.0.0.1', '内网IP', '{}', '{\"msg\":\"操作成功\",\"code\":200}', 0, NULL, '2023-12-14 18:51:16', 6);
INSERT INTO `sys_oper_log` VALUES (162, '商品分类管理', 1, 'com.ruoyi.controller.CategoryController.add()', 'POST', 1, 'admin', '研发部门', '/supermarket/category', '127.0.0.1', '内网IP', '{\"categoryId\":\"402c3054-6607-4256-921b-6c557633d64d\",\"categoryName\":\"test\",\"createdAt\":\"2023-12-14 18:57:38.436\",\"params\":{},\"updatedAt\":\"2023-12-14 18:57:38.436\"}', '{\"msg\":\"操作成功\",\"code\":200}', 0, NULL, '2023-12-14 18:57:38', 25);
INSERT INTO `sys_oper_log` VALUES (163, '代码生成', 6, 'com.ruoyi.generator.controller.GenController.importTableSave()', 'POST', 1, 'admin', '研发部门', '/tool/gen/importTable', '127.0.0.1', '内网IP', '{\"tables\":\"supply_record,supplier\"}', '{\"msg\":\"操作成功\",\"code\":200}', 0, NULL, '2023-12-14 19:08:49', 83);
INSERT INTO `sys_oper_log` VALUES (164, '菜单管理', 1, 'com.ruoyi.web.controller.system.SysMenuController.add()', 'POST', 1, 'admin', '研发部门', '/system/menu', '127.0.0.1', '内网IP', '{\"children\":[],\"createBy\":\"admin\",\"icon\":\"peoples\",\"isCache\":\"0\",\"isFrame\":\"1\",\"menuName\":\"供货\",\"menuType\":\"M\",\"orderNum\":11,\"params\":{},\"parentId\":0,\"path\":\"supplier\",\"status\":\"0\",\"visible\":\"0\"}', '{\"msg\":\"操作成功\",\"code\":200}', 0, NULL, '2023-12-14 19:12:29', 14);
INSERT INTO `sys_oper_log` VALUES (165, '代码生成', 2, 'com.ruoyi.generator.controller.GenController.editSave()', 'PUT', 1, 'admin', '研发部门', '/tool/gen', '127.0.0.1', '内网IP', '{\"businessName\":\"supplier\",\"className\":\"Supplier\",\"columns\":[{\"capJavaField\":\"SupplierId\",\"columnComment\":\"供应商ID\",\"columnId\":15,\"columnName\":\"supplier_id\",\"columnType\":\"varchar(36)\",\"createBy\":\"admin\",\"createTime\":\"2023-12-14 19:08:49\",\"dictType\":\"\",\"edit\":false,\"htmlType\":\"input\",\"increment\":false,\"insert\":false,\"isIncrement\":\"0\",\"isInsert\":\"0\",\"isPk\":\"1\",\"isRequired\":\"0\",\"javaField\":\"supplierId\",\"javaType\":\"String\",\"list\":false,\"params\":{},\"pk\":true,\"query\":false,\"queryType\":\"EQ\",\"required\":false,\"sort\":1,\"superColumn\":false,\"tableId\":3,\"updateBy\":\"\",\"usableColumn\":false},{\"capJavaField\":\"SupplierName\",\"columnComment\":\"供应商名称\",\"columnId\":16,\"columnName\":\"supplier_name\",\"columnType\":\"varchar(255)\",\"createBy\":\"admin\",\"createTime\":\"2023-12-14 19:08:49\",\"dictType\":\"\",\"edit\":true,\"htmlType\":\"input\",\"increment\":false,\"insert\":true,\"isEdit\":\"1\",\"isIncrement\":\"0\",\"isInsert\":\"1\",\"isList\":\"1\",\"isPk\":\"0\",\"isQuery\":\"1\",\"isRequired\":\"0\",\"javaField\":\"supplierName\",\"javaType\":\"String\",\"list\":true,\"params\":{},\"pk\":false,\"query\":true,\"queryType\":\"LIKE\",\"required\":false,\"sort\":2,\"superColumn\":false,\"tableId\":3,\"updateBy\":\"\",\"usableColumn\":false},{\"capJavaField\":\"ContactInfo\",\"columnComment\":\"联系方式\",\"columnId\":17,\"columnName\":\"contact_info\",\"columnType\":\"varchar(255)\",\"createBy\":\"admin\",\"createTime\":\"2023-12-14 19:08:49\",\"dictType\":\"\",\"edit\":true,\"htmlType\":\"input\",\"increment\":false,\"insert\":true,\"isEdit\":\"1\",\"isIncrement\":\"0\",\"isInsert\":\"1\",\"isList\":\"1\",\"isPk\":\"0\",\"isQuery\":\"1\",\"isRequired\":\"0\",\"javaField\":\"contactInfo\",\"javaType\":\"String\",\"list\":true,\"params\":{},\"pk\":false,\"query\":true,\"queryType\":\"EQ\",\"required\":false,\"sort\":3,\"superColumn\":false,\"tableId\":3,\"updateBy\":\"\",\"usableColumn\":false},{\"capJavaField\":\"CreatedAt\",\"columnComment\":\"创建时间\",\"columnId\":18,\"columnName\":\"created_at\",\"columnType\":\"timestamp\",\"createBy\":\"admin\",\"createTime\":\"2023-12-14 19:08:49\",\"dictType\":\"\",\"edit\":false,\"htmlType\":\"datetime\",\"increment\":false,\"insert\":true,\"isEdit\":\"0\",\"isIncrement\":\"0\",\"isInsert\":', '{\"msg\":\"操作成功\",\"code\":200}', 0, NULL, '2023-12-14 19:12:34', 36);
INSERT INTO `sys_oper_log` VALUES (166, '代码生成', 2, 'com.ruoyi.generator.controller.GenController.editSave()', 'PUT', 1, 'admin', '研发部门', '/tool/gen', '127.0.0.1', '内网IP', '{\"businessName\":\"supplier\",\"className\":\"Supplier\",\"columns\":[{\"capJavaField\":\"SupplierId\",\"columnComment\":\"供应商ID\",\"columnId\":15,\"columnName\":\"supplier_id\",\"columnType\":\"varchar(36)\",\"createBy\":\"admin\",\"createTime\":\"2023-12-14 19:08:49\",\"dictType\":\"\",\"edit\":false,\"htmlType\":\"input\",\"increment\":false,\"insert\":false,\"isIncrement\":\"0\",\"isInsert\":\"0\",\"isPk\":\"1\",\"isRequired\":\"0\",\"javaField\":\"supplierId\",\"javaType\":\"String\",\"list\":false,\"params\":{},\"pk\":true,\"query\":false,\"queryType\":\"EQ\",\"required\":false,\"sort\":1,\"superColumn\":false,\"tableId\":3,\"updateBy\":\"\",\"updateTime\":\"2023-12-14 19:12:34\",\"usableColumn\":false},{\"capJavaField\":\"SupplierName\",\"columnComment\":\"供应商名称\",\"columnId\":16,\"columnName\":\"supplier_name\",\"columnType\":\"varchar(255)\",\"createBy\":\"admin\",\"createTime\":\"2023-12-14 19:08:49\",\"dictType\":\"\",\"edit\":true,\"htmlType\":\"input\",\"increment\":false,\"insert\":true,\"isEdit\":\"1\",\"isIncrement\":\"0\",\"isInsert\":\"1\",\"isList\":\"1\",\"isPk\":\"0\",\"isQuery\":\"1\",\"isRequired\":\"0\",\"javaField\":\"supplierName\",\"javaType\":\"String\",\"list\":true,\"params\":{},\"pk\":false,\"query\":true,\"queryType\":\"LIKE\",\"required\":false,\"sort\":2,\"superColumn\":false,\"tableId\":3,\"updateBy\":\"\",\"updateTime\":\"2023-12-14 19:12:34\",\"usableColumn\":false},{\"capJavaField\":\"ContactInfo\",\"columnComment\":\"联系方式\",\"columnId\":17,\"columnName\":\"contact_info\",\"columnType\":\"varchar(255)\",\"createBy\":\"admin\",\"createTime\":\"2023-12-14 19:08:49\",\"dictType\":\"\",\"edit\":true,\"htmlType\":\"input\",\"increment\":false,\"insert\":true,\"isEdit\":\"1\",\"isIncrement\":\"0\",\"isInsert\":\"1\",\"isList\":\"1\",\"isPk\":\"0\",\"isQuery\":\"1\",\"isRequired\":\"0\",\"javaField\":\"contactInfo\",\"javaType\":\"String\",\"list\":true,\"params\":{},\"pk\":false,\"query\":true,\"queryType\":\"EQ\",\"required\":false,\"sort\":3,\"superColumn\":false,\"tableId\":3,\"updateBy\":\"\",\"updateTime\":\"2023-12-14 19:12:34\",\"usableColumn\":false},{\"capJavaField\":\"CreatedAt\",\"columnComment\":\"创建时间\",\"columnId\":18,\"columnName\":\"created_at\",\"columnType\":\"timestamp\",\"createBy\":\"admin\",\"createTime\":\"2023-12-14 19:08:49\",\"dictType\":\"\",\"edi', '{\"msg\":\"操作成功\",\"code\":200}', 0, NULL, '2023-12-14 19:13:26', 20);
INSERT INTO `sys_oper_log` VALUES (167, '代码生成', 8, 'com.ruoyi.generator.controller.GenController.batchGenCode()', 'GET', 1, 'admin', '研发部门', '/tool/gen/batchGenCode', '127.0.0.1', '内网IP', '{\"tables\":\"supplier\"}', NULL, 0, NULL, '2023-12-14 19:13:32', 144);
INSERT INTO `sys_oper_log` VALUES (168, '商品', 3, 'com.ruoyi.controller.ProductController.remove()', 'DELETE', 1, 'admin', '研发部门', '/supermarket/product/00173841-0a2d-dfc4-0980-b0803c16682e,00178c86-abfb-6961-55cd-c730b78e479d,0017f3b9-8008-9b63-d01b-10467c983b27,001999ce-b796-289d-339c-af9614e40361,0019f338-2f8f-d6b2-a406-58b78b61d431,001b6b9a-50ed-3446-bcb7-7706020543d6,001c7a5c-31b', '127.0.0.1', '内网IP', '{}', '{\"msg\":\"操作成功\",\"code\":200}', 0, NULL, '2023-12-14 19:24:38', 27);
INSERT INTO `sys_oper_log` VALUES (169, '代码生成', 2, 'com.ruoyi.generator.controller.GenController.editSave()', 'PUT', 1, 'admin', '研发部门', '/tool/gen', '127.0.0.1', '内网IP', '{\"businessName\":\"supplier\",\"className\":\"Supplier\",\"columns\":[{\"capJavaField\":\"SupplierId\",\"columnComment\":\"供应商ID\",\"columnId\":15,\"columnName\":\"supplier_id\",\"columnType\":\"varchar(36)\",\"createBy\":\"admin\",\"createTime\":\"2023-12-14 19:08:49\",\"dictType\":\"\",\"edit\":false,\"htmlType\":\"input\",\"increment\":false,\"insert\":false,\"isIncrement\":\"0\",\"isInsert\":\"0\",\"isPk\":\"1\",\"isRequired\":\"0\",\"javaField\":\"supplierId\",\"javaType\":\"String\",\"list\":false,\"params\":{},\"pk\":true,\"query\":false,\"queryType\":\"EQ\",\"required\":false,\"sort\":1,\"superColumn\":false,\"tableId\":3,\"updateBy\":\"\",\"updateTime\":\"2023-12-14 19:13:26\",\"usableColumn\":false},{\"capJavaField\":\"SupplierName\",\"columnComment\":\"供应商名称\",\"columnId\":16,\"columnName\":\"supplier_name\",\"columnType\":\"varchar(255)\",\"createBy\":\"admin\",\"createTime\":\"2023-12-14 19:08:49\",\"dictType\":\"\",\"edit\":true,\"htmlType\":\"input\",\"increment\":false,\"insert\":true,\"isEdit\":\"1\",\"isIncrement\":\"0\",\"isInsert\":\"1\",\"isList\":\"1\",\"isPk\":\"0\",\"isQuery\":\"1\",\"isRequired\":\"1\",\"javaField\":\"supplierName\",\"javaType\":\"String\",\"list\":true,\"params\":{},\"pk\":false,\"query\":true,\"queryType\":\"LIKE\",\"required\":true,\"sort\":2,\"superColumn\":false,\"tableId\":3,\"updateBy\":\"\",\"updateTime\":\"2023-12-14 19:13:26\",\"usableColumn\":false},{\"capJavaField\":\"ContactInfo\",\"columnComment\":\"联系方式\",\"columnId\":17,\"columnName\":\"contact_info\",\"columnType\":\"varchar(255)\",\"createBy\":\"admin\",\"createTime\":\"2023-12-14 19:08:49\",\"dictType\":\"\",\"edit\":true,\"htmlType\":\"input\",\"increment\":false,\"insert\":true,\"isEdit\":\"1\",\"isIncrement\":\"0\",\"isInsert\":\"1\",\"isList\":\"1\",\"isPk\":\"0\",\"isQuery\":\"0\",\"isRequired\":\"1\",\"javaField\":\"contactInfo\",\"javaType\":\"String\",\"list\":true,\"params\":{},\"pk\":false,\"query\":false,\"queryType\":\"EQ\",\"required\":true,\"sort\":3,\"superColumn\":false,\"tableId\":3,\"updateBy\":\"\",\"updateTime\":\"2023-12-14 19:13:26\",\"usableColumn\":false},{\"capJavaField\":\"CreatedAt\",\"columnComment\":\"创建时间\",\"columnId\":18,\"columnName\":\"created_at\",\"columnType\":\"timestamp\",\"createBy\":\"admin\",\"createTime\":\"2023-12-14 19:08:49\",\"dictType\":\"\",\"edit', '{\"msg\":\"操作成功\",\"code\":200}', 0, NULL, '2023-12-14 19:30:05', 42);
INSERT INTO `sys_oper_log` VALUES (170, '代码生成', 2, 'com.ruoyi.generator.controller.GenController.editSave()', 'PUT', 1, 'admin', '研发部门', '/tool/gen', '127.0.0.1', '内网IP', '{\"businessName\":\"supplier\",\"className\":\"Supplier\",\"columns\":[{\"capJavaField\":\"SupplierId\",\"columnComment\":\"供应商ID\",\"columnId\":15,\"columnName\":\"supplier_id\",\"columnType\":\"varchar(36)\",\"createBy\":\"admin\",\"createTime\":\"2023-12-14 19:08:49\",\"dictType\":\"\",\"edit\":false,\"htmlType\":\"input\",\"increment\":false,\"insert\":false,\"isIncrement\":\"0\",\"isInsert\":\"0\",\"isPk\":\"1\",\"isRequired\":\"0\",\"javaField\":\"supplierId\",\"javaType\":\"String\",\"list\":false,\"params\":{},\"pk\":true,\"query\":false,\"queryType\":\"EQ\",\"required\":false,\"sort\":1,\"superColumn\":false,\"tableId\":3,\"updateBy\":\"\",\"updateTime\":\"2023-12-14 19:30:05\",\"usableColumn\":false},{\"capJavaField\":\"SupplierName\",\"columnComment\":\"供应商名称\",\"columnId\":16,\"columnName\":\"supplier_name\",\"columnType\":\"varchar(255)\",\"createBy\":\"admin\",\"createTime\":\"2023-12-14 19:08:49\",\"dictType\":\"\",\"edit\":true,\"htmlType\":\"input\",\"increment\":false,\"insert\":true,\"isEdit\":\"1\",\"isIncrement\":\"0\",\"isInsert\":\"1\",\"isList\":\"1\",\"isPk\":\"0\",\"isQuery\":\"1\",\"isRequired\":\"1\",\"javaField\":\"supplierName\",\"javaType\":\"String\",\"list\":true,\"params\":{},\"pk\":false,\"query\":true,\"queryType\":\"LIKE\",\"required\":true,\"sort\":2,\"superColumn\":false,\"tableId\":3,\"updateBy\":\"\",\"updateTime\":\"2023-12-14 19:30:05\",\"usableColumn\":false},{\"capJavaField\":\"ContactInfo\",\"columnComment\":\"联系方式\",\"columnId\":17,\"columnName\":\"contact_info\",\"columnType\":\"varchar(255)\",\"createBy\":\"admin\",\"createTime\":\"2023-12-14 19:08:49\",\"dictType\":\"\",\"edit\":true,\"htmlType\":\"input\",\"increment\":false,\"insert\":true,\"isEdit\":\"1\",\"isIncrement\":\"0\",\"isInsert\":\"1\",\"isList\":\"1\",\"isPk\":\"0\",\"isQuery\":\"0\",\"isRequired\":\"1\",\"javaField\":\"contactInfo\",\"javaType\":\"String\",\"list\":true,\"params\":{},\"pk\":false,\"query\":false,\"queryType\":\"EQ\",\"required\":true,\"sort\":3,\"superColumn\":false,\"tableId\":3,\"updateBy\":\"\",\"updateTime\":\"2023-12-14 19:30:05\",\"usableColumn\":false},{\"capJavaField\":\"CreatedAt\",\"columnComment\":\"创建时间\",\"columnId\":18,\"columnName\":\"created_at\",\"columnType\":\"timestamp\",\"createBy\":\"admin\",\"createTime\":\"2023-12-14 19:08:49\",\"dictType\":\"\",\"edit', '{\"msg\":\"操作成功\",\"code\":200}', 0, NULL, '2023-12-14 19:32:34', 19);
INSERT INTO `sys_oper_log` VALUES (171, '代码生成', 8, 'com.ruoyi.generator.controller.GenController.batchGenCode()', 'GET', 1, 'admin', '研发部门', '/tool/gen/batchGenCode', '127.0.0.1', '内网IP', '{\"tables\":\"supplier\"}', NULL, 0, NULL, '2023-12-14 19:32:43', 42);
INSERT INTO `sys_oper_log` VALUES (172, '菜单管理', 2, 'com.ruoyi.web.controller.system.SysMenuController.edit()', 'PUT', 1, 'admin', '研发部门', '/system/menu', '127.0.0.1', '内网IP', '{\"children\":[],\"component\":\"supermarket/supplier/index\",\"createTime\":\"2023-12-14 19:15:47\",\"icon\":\"#\",\"isCache\":\"0\",\"isFrame\":\"1\",\"menuId\":2014,\"menuName\":\"供应商管理\",\"menuType\":\"C\",\"orderNum\":1,\"params\":{},\"parentId\":2013,\"path\":\"supermarket\",\"perms\":\"supermarket:supplier:list\",\"status\":\"0\",\"updateBy\":\"admin\",\"visible\":\"0\"}', '{\"msg\":\"操作成功\",\"code\":200}', 0, NULL, '2023-12-14 19:35:46', 9);
INSERT INTO `sys_oper_log` VALUES (173, '菜单管理', 3, 'com.ruoyi.web.controller.system.SysMenuController.remove()', 'DELETE', 1, 'admin', '研发部门', '/system/menu/2014', '127.0.0.1', '内网IP', '{}', '{\"msg\":\"存在子菜单,不允许删除\",\"code\":601}', 0, NULL, '2023-12-14 19:36:00', 3);
INSERT INTO `sys_oper_log` VALUES (174, '菜单管理', 3, 'com.ruoyi.web.controller.system.SysMenuController.remove()', 'DELETE', 1, 'admin', '研发部门', '/system/menu/2019', '127.0.0.1', '内网IP', '{}', '{\"msg\":\"操作成功\",\"code\":200}', 0, NULL, '2023-12-14 19:36:08', 9);
INSERT INTO `sys_oper_log` VALUES (175, '菜单管理', 3, 'com.ruoyi.web.controller.system.SysMenuController.remove()', 'DELETE', 1, 'admin', '研发部门', '/system/menu/2018', '127.0.0.1', '内网IP', '{}', '{\"msg\":\"操作成功\",\"code\":200}', 0, NULL, '2023-12-14 19:36:09', 8);
INSERT INTO `sys_oper_log` VALUES (176, '菜单管理', 3, 'com.ruoyi.web.controller.system.SysMenuController.remove()', 'DELETE', 1, 'admin', '研发部门', '/system/menu/2017', '127.0.0.1', '内网IP', '{}', '{\"msg\":\"操作成功\",\"code\":200}', 0, NULL, '2023-12-14 19:36:11', 7);
INSERT INTO `sys_oper_log` VALUES (177, '菜单管理', 3, 'com.ruoyi.web.controller.system.SysMenuController.remove()', 'DELETE', 1, 'admin', '研发部门', '/system/menu/2016', '127.0.0.1', '内网IP', '{}', '{\"msg\":\"操作成功\",\"code\":200}', 0, NULL, '2023-12-14 19:36:13', 7);
INSERT INTO `sys_oper_log` VALUES (178, '菜单管理', 3, 'com.ruoyi.web.controller.system.SysMenuController.remove()', 'DELETE', 1, 'admin', '研发部门', '/system/menu/2015', '127.0.0.1', '内网IP', '{}', '{\"msg\":\"操作成功\",\"code\":200}', 0, NULL, '2023-12-14 19:36:14', 7);
INSERT INTO `sys_oper_log` VALUES (179, '菜单管理', 3, 'com.ruoyi.web.controller.system.SysMenuController.remove()', 'DELETE', 1, 'admin', '研发部门', '/system/menu/2014', '127.0.0.1', '内网IP', '{}', '{\"msg\":\"操作成功\",\"code\":200}', 0, NULL, '2023-12-14 19:36:17', 6);
INSERT INTO `sys_oper_log` VALUES (180, '菜单管理', 3, 'com.ruoyi.web.controller.system.SysMenuController.remove()', 'DELETE', 1, 'admin', '研发部门', '/system/menu/2013', '127.0.0.1', '内网IP', '{}', '{\"msg\":\"操作成功\",\"code\":200}', 0, NULL, '2023-12-14 19:36:19', 6);
INSERT INTO `sys_oper_log` VALUES (181, '菜单管理', 1, 'com.ruoyi.web.controller.system.SysMenuController.add()', 'POST', 1, 'admin', '研发部门', '/system/menu', '127.0.0.1', '内网IP', '{\"children\":[],\"createBy\":\"admin\",\"isCache\":\"0\",\"isFrame\":\"1\",\"menuName\":\"供货\",\"menuType\":\"M\",\"orderNum\":11,\"params\":{},\"parentId\":0,\"path\":\"product\",\"status\":\"0\",\"visible\":\"0\"}', '{\"msg\":\"操作成功\",\"code\":200}', 0, NULL, '2023-12-14 19:46:17', 9);
INSERT INTO `sys_oper_log` VALUES (182, '代码生成', 2, 'com.ruoyi.generator.controller.GenController.editSave()', 'PUT', 1, 'admin', '研发部门', '/tool/gen', '127.0.0.1', '内网IP', '{\"businessName\":\"supplier\",\"className\":\"Supplier\",\"columns\":[{\"capJavaField\":\"SupplierId\",\"columnComment\":\"供应商ID\",\"columnId\":15,\"columnName\":\"supplier_id\",\"columnType\":\"varchar(36)\",\"createBy\":\"admin\",\"createTime\":\"2023-12-14 19:08:49\",\"dictType\":\"\",\"edit\":false,\"htmlType\":\"input\",\"increment\":false,\"insert\":false,\"isIncrement\":\"0\",\"isInsert\":\"0\",\"isPk\":\"1\",\"isRequired\":\"0\",\"javaField\":\"supplierId\",\"javaType\":\"String\",\"list\":false,\"params\":{},\"pk\":true,\"query\":false,\"queryType\":\"EQ\",\"required\":false,\"sort\":1,\"superColumn\":false,\"tableId\":3,\"updateBy\":\"\",\"updateTime\":\"2023-12-14 19:32:34\",\"usableColumn\":false},{\"capJavaField\":\"SupplierName\",\"columnComment\":\"供应商名称\",\"columnId\":16,\"columnName\":\"supplier_name\",\"columnType\":\"varchar(255)\",\"createBy\":\"admin\",\"createTime\":\"2023-12-14 19:08:49\",\"dictType\":\"\",\"edit\":true,\"htmlType\":\"input\",\"increment\":false,\"insert\":true,\"isEdit\":\"1\",\"isIncrement\":\"0\",\"isInsert\":\"1\",\"isList\":\"1\",\"isPk\":\"0\",\"isQuery\":\"1\",\"isRequired\":\"1\",\"javaField\":\"supplierName\",\"javaType\":\"String\",\"list\":true,\"params\":{},\"pk\":false,\"query\":true,\"queryType\":\"LIKE\",\"required\":true,\"sort\":2,\"superColumn\":false,\"tableId\":3,\"updateBy\":\"\",\"updateTime\":\"2023-12-14 19:32:34\",\"usableColumn\":false},{\"capJavaField\":\"ContactInfo\",\"columnComment\":\"联系方式\",\"columnId\":17,\"columnName\":\"contact_info\",\"columnType\":\"varchar(255)\",\"createBy\":\"admin\",\"createTime\":\"2023-12-14 19:08:49\",\"dictType\":\"\",\"edit\":true,\"htmlType\":\"input\",\"increment\":false,\"insert\":true,\"isEdit\":\"1\",\"isIncrement\":\"0\",\"isInsert\":\"1\",\"isList\":\"1\",\"isPk\":\"0\",\"isQuery\":\"0\",\"isRequired\":\"1\",\"javaField\":\"contactInfo\",\"javaType\":\"String\",\"list\":true,\"params\":{},\"pk\":false,\"query\":false,\"queryType\":\"EQ\",\"required\":true,\"sort\":3,\"superColumn\":false,\"tableId\":3,\"updateBy\":\"\",\"updateTime\":\"2023-12-14 19:32:34\",\"usableColumn\":false},{\"capJavaField\":\"CreatedAt\",\"columnComment\":\"创建时间\",\"columnId\":18,\"columnName\":\"created_at\",\"columnType\":\"timestamp\",\"createBy\":\"admin\",\"createTime\":\"2023-12-14 19:08:49\",\"dictType\":\"\",\"edit', '{\"msg\":\"操作成功\",\"code\":200}', 0, NULL, '2023-12-14 19:46:44', 22);
INSERT INTO `sys_oper_log` VALUES (183, '菜单管理', 3, 'com.ruoyi.web.controller.system.SysMenuController.remove()', 'DELETE', 1, 'admin', '研发部门', '/system/menu/2026', '127.0.0.1', '内网IP', '{}', '{\"msg\":\"存在子菜单,不允许删除\",\"code\":601}', 0, NULL, '2023-12-14 19:46:58', 3);
INSERT INTO `sys_oper_log` VALUES (184, '菜单管理', 3, 'com.ruoyi.web.controller.system.SysMenuController.remove()', 'DELETE', 1, 'admin', '研发部门', '/system/menu/2027', '127.0.0.1', '内网IP', '{}', '{\"msg\":\"操作成功\",\"code\":200}', 0, NULL, '2023-12-14 19:47:03', 8);
INSERT INTO `sys_oper_log` VALUES (185, '菜单管理', 3, 'com.ruoyi.web.controller.system.SysMenuController.remove()', 'DELETE', 1, 'admin', '研发部门', '/system/menu/2028', '127.0.0.1', '内网IP', '{}', '{\"msg\":\"操作成功\",\"code\":200}', 0, NULL, '2023-12-14 19:47:05', 8);
INSERT INTO `sys_oper_log` VALUES (186, '菜单管理', 3, 'com.ruoyi.web.controller.system.SysMenuController.remove()', 'DELETE', 1, 'admin', '研发部门', '/system/menu/2029', '127.0.0.1', '内网IP', '{}', '{\"msg\":\"操作成功\",\"code\":200}', 0, NULL, '2023-12-14 19:47:06', 7);
INSERT INTO `sys_oper_log` VALUES (187, '菜单管理', 3, 'com.ruoyi.web.controller.system.SysMenuController.remove()', 'DELETE', 1, 'admin', '研发部门', '/system/menu/2030', '127.0.0.1', '内网IP', '{}', '{\"msg\":\"操作成功\",\"code\":200}', 0, NULL, '2023-12-14 19:47:07', 8);
INSERT INTO `sys_oper_log` VALUES (188, '菜单管理', 3, 'com.ruoyi.web.controller.system.SysMenuController.remove()', 'DELETE', 1, 'admin', '研发部门', '/system/menu/2031', '127.0.0.1', '内网IP', '{}', '{\"msg\":\"操作成功\",\"code\":200}', 0, NULL, '2023-12-14 19:47:09', 8);
INSERT INTO `sys_oper_log` VALUES (189, '菜单管理', 3, 'com.ruoyi.web.controller.system.SysMenuController.remove()', 'DELETE', 1, 'admin', '研发部门', '/system/menu/2026', '127.0.0.1', '内网IP', '{}', '{\"msg\":\"操作成功\",\"code\":200}', 0, NULL, '2023-12-14 19:47:10', 10);
INSERT INTO `sys_oper_log` VALUES (190, '菜单管理', 3, 'com.ruoyi.web.controller.system.SysMenuController.remove()', 'DELETE', 1, 'admin', '研发部门', '/system/menu/2021', '127.0.0.1', '内网IP', '{}', '{\"msg\":\"操作成功\",\"code\":200}', 0, NULL, '2023-12-14 19:47:15', 8);
INSERT INTO `sys_oper_log` VALUES (191, '菜单管理', 3, 'com.ruoyi.web.controller.system.SysMenuController.remove()', 'DELETE', 1, 'admin', '研发部门', '/system/menu/2022', '127.0.0.1', '内网IP', '{}', '{\"msg\":\"操作成功\",\"code\":200}', 0, NULL, '2023-12-14 19:47:16', 9);
INSERT INTO `sys_oper_log` VALUES (192, '菜单管理', 3, 'com.ruoyi.web.controller.system.SysMenuController.remove()', 'DELETE', 1, 'admin', '研发部门', '/system/menu/2023', '127.0.0.1', '内网IP', '{}', '{\"msg\":\"操作成功\",\"code\":200}', 0, NULL, '2023-12-14 19:47:17', 7);
INSERT INTO `sys_oper_log` VALUES (193, '菜单管理', 3, 'com.ruoyi.web.controller.system.SysMenuController.remove()', 'DELETE', 1, 'admin', '研发部门', '/system/menu/2024', '127.0.0.1', '内网IP', '{}', '{\"msg\":\"操作成功\",\"code\":200}', 0, NULL, '2023-12-14 19:47:18', 8);
INSERT INTO `sys_oper_log` VALUES (194, '菜单管理', 3, 'com.ruoyi.web.controller.system.SysMenuController.remove()', 'DELETE', 1, 'admin', '研发部门', '/system/menu/2025', '127.0.0.1', '内网IP', '{}', '{\"msg\":\"操作成功\",\"code\":200}', 0, NULL, '2023-12-14 19:47:20', 9);
INSERT INTO `sys_oper_log` VALUES (195, '菜单管理', 3, 'com.ruoyi.web.controller.system.SysMenuController.remove()', 'DELETE', 1, 'admin', '研发部门', '/system/menu/2020', '127.0.0.1', '内网IP', '{}', '{\"msg\":\"操作成功\",\"code\":200}', 0, NULL, '2023-12-14 19:47:21', 9);
INSERT INTO `sys_oper_log` VALUES (196, '菜单管理', 2, 'com.ruoyi.web.controller.system.SysMenuController.edit()', 'PUT', 1, 'admin', '研发部门', '/system/menu', '127.0.0.1', '内网IP', '{\"children\":[],\"createTime\":\"2023-12-14 19:46:17\",\"icon\":\"peoples\",\"isCache\":\"0\",\"isFrame\":\"1\",\"menuId\":2032,\"menuName\":\"供货\",\"menuType\":\"M\",\"orderNum\":11,\"params\":{},\"parentId\":0,\"path\":\"supplier\",\"perms\":\"\",\"status\":\"0\",\"updateBy\":\"admin\",\"visible\":\"0\"}', '{\"msg\":\"操作成功\",\"code\":200}', 0, NULL, '2023-12-14 19:47:45', 8);
INSERT INTO `sys_oper_log` VALUES (197, '代码生成', 2, 'com.ruoyi.generator.controller.GenController.editSave()', 'PUT', 1, 'admin', '研发部门', '/tool/gen', '127.0.0.1', '内网IP', '{\"businessName\":\"supplier\",\"className\":\"Supplier\",\"columns\":[{\"capJavaField\":\"SupplierId\",\"columnComment\":\"供应商ID\",\"columnId\":15,\"columnName\":\"supplier_id\",\"columnType\":\"varchar(36)\",\"createBy\":\"admin\",\"createTime\":\"2023-12-14 19:08:49\",\"dictType\":\"\",\"edit\":false,\"htmlType\":\"input\",\"increment\":false,\"insert\":false,\"isIncrement\":\"0\",\"isInsert\":\"0\",\"isPk\":\"1\",\"isRequired\":\"0\",\"javaField\":\"supplierId\",\"javaType\":\"String\",\"list\":false,\"params\":{},\"pk\":true,\"query\":false,\"queryType\":\"EQ\",\"required\":false,\"sort\":1,\"superColumn\":false,\"tableId\":3,\"updateBy\":\"\",\"updateTime\":\"2023-12-14 19:46:44\",\"usableColumn\":false},{\"capJavaField\":\"SupplierName\",\"columnComment\":\"供应商名称\",\"columnId\":16,\"columnName\":\"supplier_name\",\"columnType\":\"varchar(255)\",\"createBy\":\"admin\",\"createTime\":\"2023-12-14 19:08:49\",\"dictType\":\"\",\"edit\":true,\"htmlType\":\"input\",\"increment\":false,\"insert\":true,\"isEdit\":\"1\",\"isIncrement\":\"0\",\"isInsert\":\"1\",\"isList\":\"1\",\"isPk\":\"0\",\"isQuery\":\"1\",\"isRequired\":\"1\",\"javaField\":\"supplierName\",\"javaType\":\"String\",\"list\":true,\"params\":{},\"pk\":false,\"query\":true,\"queryType\":\"LIKE\",\"required\":true,\"sort\":2,\"superColumn\":false,\"tableId\":3,\"updateBy\":\"\",\"updateTime\":\"2023-12-14 19:46:44\",\"usableColumn\":false},{\"capJavaField\":\"ContactInfo\",\"columnComment\":\"联系方式\",\"columnId\":17,\"columnName\":\"contact_info\",\"columnType\":\"varchar(255)\",\"createBy\":\"admin\",\"createTime\":\"2023-12-14 19:08:49\",\"dictType\":\"\",\"edit\":true,\"htmlType\":\"input\",\"increment\":false,\"insert\":true,\"isEdit\":\"1\",\"isIncrement\":\"0\",\"isInsert\":\"1\",\"isList\":\"1\",\"isPk\":\"0\",\"isQuery\":\"0\",\"isRequired\":\"1\",\"javaField\":\"contactInfo\",\"javaType\":\"String\",\"list\":true,\"params\":{},\"pk\":false,\"query\":false,\"queryType\":\"EQ\",\"required\":true,\"sort\":3,\"superColumn\":false,\"tableId\":3,\"updateBy\":\"\",\"updateTime\":\"2023-12-14 19:46:44\",\"usableColumn\":false},{\"capJavaField\":\"CreatedAt\",\"columnComment\":\"创建时间\",\"columnId\":18,\"columnName\":\"created_at\",\"columnType\":\"timestamp\",\"createBy\":\"admin\",\"createTime\":\"2023-12-14 19:08:49\",\"dictType\":\"\",\"edit', '{\"msg\":\"操作成功\",\"code\":200}', 0, NULL, '2023-12-14 19:48:00', 19);
INSERT INTO `sys_oper_log` VALUES (198, '供应商管理', 1, 'com.ruoyi.controller.SupplierController.add()', 'POST', 1, 'admin', '研发部门', '/supermarket/supplier', '127.0.0.1', '内网IP', '{\"contactInfo\":\"123\",\"params\":{},\"supplierName\":\"123\"}', NULL, 1, '\r\n### Error updating database.  Cause: java.sql.SQLException: Field \'supplier_id\' doesn\'t have a default value\r\n### The error may exist in file [C:\\Users\\qiutu\\Desktop\\RuoYi-Vue-master\\RuoYi-Vue-master\\supermarket\\target\\classes\\mapper\\supermarket\\SupplierMapper.xml]\r\n### The error may involve com.ruoyi.mapper.SupplierMapper.insertSupplier-Inline\r\n### The error occurred while setting parameters\r\n### SQL: insert into supplier          ( supplier_name,             contact_info )           values ( ?,             ? )\r\n### Cause: java.sql.SQLException: Field \'supplier_id\' doesn\'t have a default value\n; Field \'supplier_id\' doesn\'t have a default value; nested exception is java.sql.SQLException: Field \'supplier_id\' doesn\'t have a default value', '2023-12-14 19:56:00', 64);
INSERT INTO `sys_oper_log` VALUES (199, '供应商管理', 2, 'com.ruoyi.controller.SupplierController.edit()', 'PUT', 1, 'admin', '研发部门', '/supermarket/supplier', '127.0.0.1', '内网IP', '{\"contactInfo\":\"15367666688\",\"createdAt\":\"2018-12-29 07:18:27\",\"isDeleted\":0,\"params\":{},\"supplierId\":\"0014de6b-20ea-9c52-e0da-71aae6a88d7b\",\"supplierName\":\"Daniel Daniels\",\"updatedAt\":\"2019-04-08 04:58:25\"}', '{\"msg\":\"操作成功\",\"code\":200}', 0, NULL, '2023-12-14 20:16:46', 19);
INSERT INTO `sys_oper_log` VALUES (200, '供应商管理', 2, 'com.ruoyi.controller.SupplierController.edit()', 'PUT', 1, 'admin', '研发部门', '/supermarket/supplier', '127.0.0.1', '内网IP', '{\"contactInfo\":\"15367666688\",\"createdAt\":\"2018-12-29 07:18:27\",\"isDeleted\":0,\"params\":{},\"supplierId\":\"0014de6b-20ea-9c52-e0da-71aae6a88d7b\",\"supplierName\":\"Daniel Daniels\",\"updatedAt\":\"2023-12-14 20:18:13.473\"}', '{\"msg\":\"操作成功\",\"code\":200}', 0, NULL, '2023-12-14 20:18:13', 17);
INSERT INTO `sys_oper_log` VALUES (201, '商品分类管理', 2, 'com.ruoyi.controller.CategoryController.edit()', 'PUT', 1, 'admin', '研发部门', '/supermarket/category', '127.0.0.1', '内网IP', '{\"categoryId\":\"00030c1d-8651-16d9-6419-99408bc210e4\",\"categoryName\":\"孟子韬\",\"createdAt\":\"2013-10-23 02:33:08\",\"isDeleted\":0,\"params\":{},\"updatedAt\":\"2023-12-14 20:19:51.795\"}', '{\"msg\":\"操作成功\",\"code\":200}', 0, NULL, '2023-12-14 20:19:51', 8);
INSERT INTO `sys_oper_log` VALUES (202, '商品分类管理', 2, 'com.ruoyi.controller.CategoryController.edit()', 'PUT', 1, 'admin', '研发部门', '/supermarket/category', '127.0.0.1', '内网IP', '{\"categoryId\":\"00030c1d-8651-16d9-6419-99408bc210e4\",\"categoryName\":\"孟子韬\",\"createdAt\":\"2013-10-23 02:33:08\",\"isDeleted\":0,\"params\":{},\"updatedAt\":\"2023-12-14 20:20:58.500\"}', '{\"msg\":\"操作成功\",\"code\":200}', 0, NULL, '2023-12-14 20:20:58', 7);
INSERT INTO `sys_oper_log` VALUES (203, '供应商管理', 1, 'com.ruoyi.controller.SupplierController.add()', 'POST', 1, 'admin', '研发部门', '/supermarket/supplier', '127.0.0.1', '内网IP', '{\"contactInfo\":\"13000000000\",\"createdAt\":\"2023-12-14 20:23:03.232\",\"params\":{},\"supplierId\":\"e028b11b-858e-4ca8-86f1-9fcfc5e30183\",\"supplierName\":\"张三\",\"updatedAt\":\"2023-12-14 20:23:03.232\"}', '{\"msg\":\"操作成功\",\"code\":200}', 0, NULL, '2023-12-14 20:23:03', 9);
INSERT INTO `sys_oper_log` VALUES (204, '商品', 1, 'com.ruoyi.controller.ProductController.add()', 'POST', 1, 'admin', '研发部门', '/supermarket/product', '127.0.0.1', '内网IP', '{\"categoryId\":\"1c737abd-b315-bd0d-6333-c884670f6928\",\"imagePath\":\"/profile/upload/2023/12/14/微信图片_20231017191201_20231214202422A001.jpg\",\"params\":{},\"price\":999999999999999999999999,\"productName\":\"帅哥\"}', NULL, 1, '\r\n### Error updating database.  Cause: com.mysql.cj.jdbc.exceptions.MysqlDataTruncation: Data truncation: Out of range value for column \'price\' at row 1\r\n### The error may exist in file [C:\\Users\\qiutu\\Desktop\\RuoYi-Vue-master\\RuoYi-Vue-master\\supermarket\\target\\classes\\mapper\\supermarket\\ProductMapper.xml]\r\n### The error may involve com.ruoyi.mapper.ProductMapper.insertProduct-Inline\r\n### The error occurred while setting parameters\r\n### SQL: insert into product          ( product_name,             category_id,             price,                          image_path )           values ( ?,             ?,             ?,                          ? )\r\n### Cause: com.mysql.cj.jdbc.exceptions.MysqlDataTruncation: Data truncation: Out of range value for column \'price\' at row 1\n; Data truncation: Out of range value for column \'price\' at row 1; nested exception is com.mysql.cj.jdbc.exceptions.MysqlDataTruncation: Data truncation: Out of range value for column \'price\' at row 1', '2023-12-14 20:24:33', 53);
INSERT INTO `sys_oper_log` VALUES (205, '商品', 1, 'com.ruoyi.controller.ProductController.add()', 'POST', 1, 'admin', '研发部门', '/supermarket/product', '127.0.0.1', '内网IP', '{\"categoryId\":\"1c737abd-b315-bd0d-6333-c884670f6928\",\"imagePath\":\"/profile/upload/2023/12/14/微信图片_20231017191201_20231214202422A001.jpg\",\"params\":{},\"price\":999999999,\"productName\":\"帅哥\"}', NULL, 1, '\r\n### Error updating database.  Cause: com.mysql.cj.jdbc.exceptions.MysqlDataTruncation: Data truncation: Out of range value for column \'price\' at row 1\r\n### The error may exist in file [C:\\Users\\qiutu\\Desktop\\RuoYi-Vue-master\\RuoYi-Vue-master\\supermarket\\target\\classes\\mapper\\supermarket\\ProductMapper.xml]\r\n### The error may involve com.ruoyi.mapper.ProductMapper.insertProduct-Inline\r\n### The error occurred while setting parameters\r\n### SQL: insert into product          ( product_name,             category_id,             price,                          image_path )           values ( ?,             ?,             ?,                          ? )\r\n### Cause: com.mysql.cj.jdbc.exceptions.MysqlDataTruncation: Data truncation: Out of range value for column \'price\' at row 1\n; Data truncation: Out of range value for column \'price\' at row 1; nested exception is com.mysql.cj.jdbc.exceptions.MysqlDataTruncation: Data truncation: Out of range value for column \'price\' at row 1', '2023-12-14 20:24:37', 3);
INSERT INTO `sys_oper_log` VALUES (206, '商品', 1, 'com.ruoyi.controller.ProductController.add()', 'POST', 1, 'admin', '研发部门', '/supermarket/product', '127.0.0.1', '内网IP', '{\"categoryId\":\"1c737abd-b315-bd0d-6333-c884670f6928\",\"imagePath\":\"/profile/upload/2023/12/14/微信图片_20231017191201_20231214202422A001.jpg\",\"params\":{},\"price\":99999,\"productName\":\"帅哥\"}', NULL, 1, '\r\n### Error updating database.  Cause: java.sql.SQLException: Field \'product_id\' doesn\'t have a default value\r\n### The error may exist in file [C:\\Users\\qiutu\\Desktop\\RuoYi-Vue-master\\RuoYi-Vue-master\\supermarket\\target\\classes\\mapper\\supermarket\\ProductMapper.xml]\r\n### The error may involve com.ruoyi.mapper.ProductMapper.insertProduct-Inline\r\n### The error occurred while setting parameters\r\n### SQL: insert into product          ( product_name,             category_id,             price,                          image_path )           values ( ?,             ?,             ?,                          ? )\r\n### Cause: java.sql.SQLException: Field \'product_id\' doesn\'t have a default value\n; Field \'product_id\' doesn\'t have a default value; nested exception is java.sql.SQLException: Field \'product_id\' doesn\'t have a default value', '2023-12-14 20:24:40', 6);
INSERT INTO `sys_oper_log` VALUES (207, '商品', 1, 'com.ruoyi.controller.ProductController.add()', 'POST', 1, 'admin', '研发部门', '/supermarket/product', '127.0.0.1', '内网IP', '{\"categoryId\":\"1c737abd-b315-bd0d-6333-c884670f6928\",\"imagePath\":\"/profile/upload/2023/12/14/微信图片_20231017191201_20231214202422A001.jpg\",\"params\":{},\"price\":99999,\"productName\":\"帅哥\"}', NULL, 1, '\r\n### Error updating database.  Cause: java.sql.SQLException: Field \'product_id\' doesn\'t have a default value\r\n### The error may exist in file [C:\\Users\\qiutu\\Desktop\\RuoYi-Vue-master\\RuoYi-Vue-master\\supermarket\\target\\classes\\mapper\\supermarket\\ProductMapper.xml]\r\n### The error may involve com.ruoyi.mapper.ProductMapper.insertProduct-Inline\r\n### The error occurred while setting parameters\r\n### SQL: insert into product          ( product_name,             category_id,             price,                          image_path )           values ( ?,             ?,             ?,                          ? )\r\n### Cause: java.sql.SQLException: Field \'product_id\' doesn\'t have a default value\n; Field \'product_id\' doesn\'t have a default value; nested exception is java.sql.SQLException: Field \'product_id\' doesn\'t have a default value', '2023-12-14 20:24:42', 0);
INSERT INTO `sys_oper_log` VALUES (208, '商品', 1, 'com.ruoyi.controller.ProductController.add()', 'POST', 1, 'admin', '研发部门', '/supermarket/product', '127.0.0.1', '内网IP', '{\"categoryId\":\"1c737abd-b315-bd0d-6333-c884670f6928\",\"imagePath\":\"/profile/upload/2023/12/14/微信图片_20231017191201_20231214202422A001.jpg\",\"params\":{},\"price\":99999,\"productId\":\"f2e6f425-b258-4607-a734-e9b952d09fef\",\"productName\":\"帅哥\"}', '{\"msg\":\"操作成功\",\"code\":200}', 0, NULL, '2023-12-14 20:25:59', 20);
INSERT INTO `sys_oper_log` VALUES (209, '代码生成', 2, 'com.ruoyi.generator.controller.GenController.editSave()', 'PUT', 1, 'admin', '研发部门', '/tool/gen', '127.0.0.1', '内网IP', '{\"businessName\":\"supplyRecord\",\"className\":\"SupplyRecord\",\"columns\":[{\"capJavaField\":\"RecordId\",\"columnComment\":\"记录ID\",\"columnId\":21,\"columnName\":\"record_id\",\"columnType\":\"varchar(36)\",\"createBy\":\"admin\",\"createTime\":\"2023-12-14 19:08:49\",\"dictType\":\"\",\"edit\":false,\"htmlType\":\"input\",\"increment\":false,\"insert\":true,\"isIncrement\":\"0\",\"isInsert\":\"1\",\"isPk\":\"1\",\"isRequired\":\"0\",\"javaField\":\"recordId\",\"javaType\":\"String\",\"list\":false,\"params\":{},\"pk\":true,\"query\":false,\"queryType\":\"EQ\",\"required\":false,\"sort\":1,\"superColumn\":false,\"tableId\":4,\"updateBy\":\"\",\"usableColumn\":false},{\"capJavaField\":\"SupplierId\",\"columnComment\":\"供应商\",\"columnId\":22,\"columnName\":\"supplier_id\",\"columnType\":\"varchar(36)\",\"createBy\":\"admin\",\"createTime\":\"2023-12-14 19:08:49\",\"dictType\":\"\",\"edit\":true,\"htmlType\":\"select\",\"increment\":false,\"insert\":true,\"isEdit\":\"1\",\"isIncrement\":\"0\",\"isInsert\":\"1\",\"isList\":\"1\",\"isPk\":\"0\",\"isQuery\":\"1\",\"isRequired\":\"1\",\"javaField\":\"supplierId\",\"javaType\":\"String\",\"list\":true,\"params\":{},\"pk\":false,\"query\":true,\"queryType\":\"LIKE\",\"required\":true,\"sort\":2,\"superColumn\":false,\"tableId\":4,\"updateBy\":\"\",\"usableColumn\":false},{\"capJavaField\":\"ProductId\",\"columnComment\":\"商品\",\"columnId\":23,\"columnName\":\"product_id\",\"columnType\":\"varchar(36)\",\"createBy\":\"admin\",\"createTime\":\"2023-12-14 19:08:49\",\"dictType\":\"\",\"edit\":true,\"htmlType\":\"select\",\"increment\":false,\"insert\":true,\"isEdit\":\"1\",\"isIncrement\":\"0\",\"isInsert\":\"1\",\"isList\":\"1\",\"isPk\":\"0\",\"isQuery\":\"1\",\"isRequired\":\"1\",\"javaField\":\"productId\",\"javaType\":\"String\",\"list\":true,\"params\":{},\"pk\":false,\"query\":true,\"queryType\":\"LIKE\",\"required\":true,\"sort\":3,\"superColumn\":false,\"tableId\":4,\"updateBy\":\"\",\"usableColumn\":false},{\"capJavaField\":\"SupplyQuantity\",\"columnComment\":\"供货数量\",\"columnId\":24,\"columnName\":\"supply_quantity\",\"columnType\":\"int\",\"createBy\":\"admin\",\"createTime\":\"2023-12-14 19:08:49\",\"dictType\":\"\",\"edit\":true,\"htmlType\":\"input\",\"increment\":false,\"insert\":true,\"isEdit\":\"1\",\"isIncrement\":\"0\",\"isInsert\":\"1\",\"isList\":\"1\"', '{\"msg\":\"操作成功\",\"code\":200}', 0, NULL, '2023-12-14 20:31:08', 47);
INSERT INTO `sys_oper_log` VALUES (210, '代码生成', 8, 'com.ruoyi.generator.controller.GenController.batchGenCode()', 'GET', 1, 'admin', '研发部门', '/tool/gen/batchGenCode', '127.0.0.1', '内网IP', '{\"tables\":\"supply_record\"}', NULL, 0, NULL, '2023-12-14 20:31:30', 26);
INSERT INTO `sys_oper_log` VALUES (211, '代码生成', 2, 'com.ruoyi.generator.controller.GenController.editSave()', 'PUT', 1, 'admin', '研发部门', '/tool/gen', '127.0.0.1', '内网IP', '{\"businessName\":\"supplyRecord\",\"className\":\"SupplyRecord\",\"columns\":[{\"capJavaField\":\"RecordId\",\"columnComment\":\"记录ID\",\"columnId\":21,\"columnName\":\"record_id\",\"columnType\":\"varchar(36)\",\"createBy\":\"admin\",\"createTime\":\"2023-12-14 19:08:49\",\"dictType\":\"\",\"edit\":false,\"htmlType\":\"input\",\"increment\":false,\"insert\":true,\"isIncrement\":\"0\",\"isInsert\":\"1\",\"isPk\":\"1\",\"isRequired\":\"0\",\"javaField\":\"recordId\",\"javaType\":\"String\",\"list\":false,\"params\":{},\"pk\":true,\"query\":false,\"queryType\":\"EQ\",\"required\":false,\"sort\":1,\"superColumn\":false,\"tableId\":4,\"updateBy\":\"\",\"updateTime\":\"2023-12-14 20:31:08\",\"usableColumn\":false},{\"capJavaField\":\"SupplierId\",\"columnComment\":\"供应商\",\"columnId\":22,\"columnName\":\"supplier_id\",\"columnType\":\"varchar(36)\",\"createBy\":\"admin\",\"createTime\":\"2023-12-14 19:08:49\",\"dictType\":\"\",\"edit\":true,\"htmlType\":\"select\",\"increment\":false,\"insert\":true,\"isEdit\":\"1\",\"isIncrement\":\"0\",\"isInsert\":\"1\",\"isList\":\"1\",\"isPk\":\"0\",\"isQuery\":\"1\",\"isRequired\":\"1\",\"javaField\":\"supplierId\",\"javaType\":\"String\",\"list\":true,\"params\":{},\"pk\":false,\"query\":true,\"queryType\":\"EQ\",\"required\":true,\"sort\":2,\"superColumn\":false,\"tableId\":4,\"updateBy\":\"\",\"updateTime\":\"2023-12-14 20:31:08\",\"usableColumn\":false},{\"capJavaField\":\"ProductId\",\"columnComment\":\"商品\",\"columnId\":23,\"columnName\":\"product_id\",\"columnType\":\"varchar(36)\",\"createBy\":\"admin\",\"createTime\":\"2023-12-14 19:08:49\",\"dictType\":\"\",\"edit\":true,\"htmlType\":\"select\",\"increment\":false,\"insert\":true,\"isEdit\":\"1\",\"isIncrement\":\"0\",\"isInsert\":\"1\",\"isList\":\"1\",\"isPk\":\"0\",\"isQuery\":\"1\",\"isRequired\":\"1\",\"javaField\":\"productId\",\"javaType\":\"String\",\"list\":true,\"params\":{},\"pk\":false,\"query\":true,\"queryType\":\"EQ\",\"required\":true,\"sort\":3,\"superColumn\":false,\"tableId\":4,\"updateBy\":\"\",\"updateTime\":\"2023-12-14 20:31:08\",\"usableColumn\":false},{\"capJavaField\":\"SupplyQuantity\",\"columnComment\":\"供货数量\",\"columnId\":24,\"columnName\":\"supply_quantity\",\"columnType\":\"int\",\"createBy\":\"admin\",\"createTime\":\"2023-12-14 19:08:49\",\"dictType\":\"\",\"edit\":true,\"htmlTyp', '{\"msg\":\"操作成功\",\"code\":200}', 0, NULL, '2023-12-14 20:38:09', 45);
INSERT INTO `sys_oper_log` VALUES (212, '代码生成', 2, 'com.ruoyi.generator.controller.GenController.editSave()', 'PUT', 1, 'admin', '研发部门', '/tool/gen', '127.0.0.1', '内网IP', '{\"businessName\":\"supplyRecord\",\"className\":\"SupplyRecord\",\"columns\":[{\"capJavaField\":\"RecordId\",\"columnComment\":\"记录ID\",\"columnId\":21,\"columnName\":\"record_id\",\"columnType\":\"varchar(36)\",\"createBy\":\"admin\",\"createTime\":\"2023-12-14 19:08:49\",\"dictType\":\"\",\"edit\":false,\"htmlType\":\"input\",\"increment\":false,\"insert\":true,\"isIncrement\":\"0\",\"isInsert\":\"1\",\"isPk\":\"1\",\"isRequired\":\"0\",\"javaField\":\"recordId\",\"javaType\":\"String\",\"list\":false,\"params\":{},\"pk\":true,\"query\":false,\"queryType\":\"EQ\",\"required\":false,\"sort\":1,\"superColumn\":false,\"tableId\":4,\"updateBy\":\"\",\"updateTime\":\"2023-12-14 20:38:09\",\"usableColumn\":false},{\"capJavaField\":\"SupplierId\",\"columnComment\":\"供应商\",\"columnId\":22,\"columnName\":\"supplier_id\",\"columnType\":\"varchar(36)\",\"createBy\":\"admin\",\"createTime\":\"2023-12-14 19:08:49\",\"dictType\":\"\",\"edit\":true,\"htmlType\":\"select\",\"increment\":false,\"insert\":true,\"isEdit\":\"1\",\"isIncrement\":\"0\",\"isInsert\":\"1\",\"isList\":\"1\",\"isPk\":\"0\",\"isQuery\":\"1\",\"isRequired\":\"1\",\"javaField\":\"supplierId\",\"javaType\":\"String\",\"list\":true,\"params\":{},\"pk\":false,\"query\":true,\"queryType\":\"EQ\",\"required\":true,\"sort\":2,\"superColumn\":false,\"tableId\":4,\"updateBy\":\"\",\"updateTime\":\"2023-12-14 20:38:09\",\"usableColumn\":false},{\"capJavaField\":\"ProductId\",\"columnComment\":\"商品\",\"columnId\":23,\"columnName\":\"product_id\",\"columnType\":\"varchar(36)\",\"createBy\":\"admin\",\"createTime\":\"2023-12-14 19:08:49\",\"dictType\":\"\",\"edit\":true,\"htmlType\":\"select\",\"increment\":false,\"insert\":true,\"isEdit\":\"1\",\"isIncrement\":\"0\",\"isInsert\":\"1\",\"isList\":\"1\",\"isPk\":\"0\",\"isQuery\":\"1\",\"isRequired\":\"1\",\"javaField\":\"productId\",\"javaType\":\"String\",\"list\":true,\"params\":{},\"pk\":false,\"query\":true,\"queryType\":\"EQ\",\"required\":true,\"sort\":3,\"superColumn\":false,\"tableId\":4,\"updateBy\":\"\",\"updateTime\":\"2023-12-14 20:38:09\",\"usableColumn\":false},{\"capJavaField\":\"SupplyQuantity\",\"columnComment\":\"供货数量\",\"columnId\":24,\"columnName\":\"supply_quantity\",\"columnType\":\"int\",\"createBy\":\"admin\",\"createTime\":\"2023-12-14 19:08:49\",\"dictType\":\"\",\"edit\":true,\"htmlTyp', '{\"msg\":\"操作成功\",\"code\":200}', 0, NULL, '2023-12-14 20:40:22', 61);
INSERT INTO `sys_oper_log` VALUES (213, '代码生成', 8, 'com.ruoyi.generator.controller.GenController.batchGenCode()', 'GET', 1, 'admin', '研发部门', '/tool/gen/batchGenCode', '127.0.0.1', '内网IP', '{\"tables\":\"supply_record\"}', NULL, 0, NULL, '2023-12-14 20:40:24', 187);
INSERT INTO `sys_oper_log` VALUES (214, '菜单管理', 3, 'com.ruoyi.web.controller.system.SysMenuController.remove()', 'DELETE', 1, 'admin', '研发部门', '/system/menu/2040', '127.0.0.1', '内网IP', '{}', '{\"msg\":\"操作成功\",\"code\":200}', 0, NULL, '2023-12-14 20:48:50', 13);
INSERT INTO `sys_oper_log` VALUES (215, '菜单管理', 3, 'com.ruoyi.web.controller.system.SysMenuController.remove()', 'DELETE', 1, 'admin', '研发部门', '/system/menu/2041', '127.0.0.1', '内网IP', '{}', '{\"msg\":\"操作成功\",\"code\":200}', 0, NULL, '2023-12-14 20:48:51', 8);
INSERT INTO `sys_oper_log` VALUES (216, '菜单管理', 3, 'com.ruoyi.web.controller.system.SysMenuController.remove()', 'DELETE', 1, 'admin', '研发部门', '/system/menu/2042', '127.0.0.1', '内网IP', '{}', '{\"msg\":\"操作成功\",\"code\":200}', 0, NULL, '2023-12-14 20:48:52', 9);
INSERT INTO `sys_oper_log` VALUES (217, '菜单管理', 3, 'com.ruoyi.web.controller.system.SysMenuController.remove()', 'DELETE', 1, 'admin', '研发部门', '/system/menu/2043', '127.0.0.1', '内网IP', '{}', '{\"msg\":\"操作成功\",\"code\":200}', 0, NULL, '2023-12-14 20:48:54', 9);
INSERT INTO `sys_oper_log` VALUES (218, '菜单管理', 3, 'com.ruoyi.web.controller.system.SysMenuController.remove()', 'DELETE', 1, 'admin', '研发部门', '/system/menu/2044', '127.0.0.1', '内网IP', '{}', '{\"msg\":\"操作成功\",\"code\":200}', 0, NULL, '2023-12-14 20:48:56', 10);
INSERT INTO `sys_oper_log` VALUES (219, '菜单管理', 3, 'com.ruoyi.web.controller.system.SysMenuController.remove()', 'DELETE', 1, 'admin', '研发部门', '/system/menu/2039', '127.0.0.1', '内网IP', '{}', '{\"msg\":\"操作成功\",\"code\":200}', 0, NULL, '2023-12-14 20:48:57', 9);
INSERT INTO `sys_oper_log` VALUES (220, '用户头像', 2, 'com.ruoyi.web.controller.system.SysProfileController.avatar()', 'POST', 1, 'admin', '研发部门', '/system/user/profile/avatar', '127.0.0.1', '内网IP', '', '{\"msg\":\"操作成功\",\"imgUrl\":\"/profile/avatar/2023/12/14/微信图片_20231017191201_20231214204934A001.jpg\",\"code\":200}', 0, NULL, '2023-12-14 20:49:34', 54);
INSERT INTO `sys_oper_log` VALUES (221, '个人信息', 2, 'com.ruoyi.web.controller.system.SysProfileController.updateProfile()', 'PUT', 1, 'admin', '研发部门', '/system/user/profile', '127.0.0.1', '内网IP', '{\"admin\":false,\"email\":\"qiutuan0472@163.com\",\"nickName\":\"球團\",\"params\":{},\"phonenumber\":\"15888888888\",\"sex\":\"0\"}', '{\"msg\":\"操作成功\",\"code\":200}', 0, NULL, '2023-12-14 20:49:59', 15);
INSERT INTO `sys_oper_log` VALUES (222, '代码生成', 8, 'com.ruoyi.generator.controller.GenController.batchGenCode()', 'GET', 1, 'admin', '研发部门', '/tool/gen/batchGenCode', '127.0.0.1', '内网IP', '{\"tables\":\"supply_record\"}', NULL, 0, NULL, '2023-12-15 09:00:21', 132);
INSERT INTO `sys_oper_log` VALUES (223, '供货记录', 2, 'com.ruoyi.controller.SupplyRecordController.edit()', 'PUT', 1, 'admin', '研发部门', '/supermarket/supplyRecord', '127.0.0.1', '内网IP', '{\"createdAt\":\"2021-03-29\",\"isDeleted\":0,\"params\":{},\"productId\":\"3d25110b-c140-8221-e215-5e8aa25c8f76\",\"recordId\":\"0206e77b-554a-f8e2-49ff-d72a4970a719\",\"supplierId\":\"97a8d9fe-37d4-0d75-75b1-5e739f8c9634\",\"supplyQuantity\":803,\"supplyTime\":\"2009-10-01\",\"updatedAt\":\"2023-09-22\"}', '{\"msg\":\"操作成功\",\"code\":200}', 0, NULL, '2023-12-15 09:04:33', 16);
INSERT INTO `sys_oper_log` VALUES (224, '供应商管理', 2, 'com.ruoyi.controller.SupplierController.edit()', 'PUT', 1, 'admin', '研发部门', '/supermarket/supplier', '127.0.0.1', '内网IP', '{\"contactInfo\":\"15367666688\",\"createdAt\":\"2018-12-29 07:18:27\",\"isDeleted\":0,\"params\":{},\"supplierId\":\"0014de6b-20ea-9c52-e0da-71aae6a88d7b\",\"supplierName\":\"Daniel Daniels\",\"updatedAt\":\"2023-12-15 10:25:51.080\"}', '{\"msg\":\"操作成功\",\"code\":200}', 0, NULL, '2023-12-15 10:25:51', 19);
INSERT INTO `sys_oper_log` VALUES (225, '供货记录', 2, 'com.ruoyi.controller.SupplyRecordController.edit()', 'PUT', 1, 'admin', '研发部门', '/supermarket/supplyRecord', '127.0.0.1', '内网IP', '{\"createdAt\":\"2019-11-11 14:48:09\",\"isDeleted\":0,\"params\":{},\"productId\":\"1d737675-268d-0aa2-1bb7-ae831772be00\",\"productName\":\"Cherly\",\"recordId\":\"0084e213-fe66-e22e-a28d-e8dd910df882\",\"supplierId\":\"abe1f8ca-dd19-c61c-4a09-40778509ba97\",\"supplierName\":\"Jeremy Garcia\",\"supplyQuantity\":146,\"supplyTime\":\"2020-06-25 03:30:00\",\"updatedAt\":\"2023-12-15 10:36:58.807\"}', '{\"msg\":\"操作成功\",\"code\":200}', 0, NULL, '2023-12-15 10:36:58', 11);
INSERT INTO `sys_oper_log` VALUES (226, '供货记录', 2, 'com.ruoyi.controller.SupplyRecordController.edit()', 'PUT', 1, 'admin', '研发部门', '/supermarket/supplyRecord', '127.0.0.1', '内网IP', '{\"createdAt\":\"2019-11-11 14:48:09\",\"isDeleted\":0,\"params\":{},\"productId\":\"1d737675-268d-0aa2-1bb7-ae831772be00\",\"productName\":\"Cherly\",\"recordId\":\"0084e213-fe66-e22e-a28d-e8dd910df882\",\"supplierId\":\"abe1f8ca-dd19-c61c-4a09-40778509ba97\",\"supplierName\":\"Jeremy Garcia\",\"supplyQuantity\":146,\"supplyTime\":\"2020-06-25 03:30:00\",\"updatedAt\":\"2023-12-15 10:37:01.593\"}', '{\"msg\":\"操作成功\",\"code\":200}', 0, NULL, '2023-12-15 10:37:01', 4);
INSERT INTO `sys_oper_log` VALUES (227, '供货记录', 2, 'com.ruoyi.controller.SupplyRecordController.edit()', 'PUT', 1, 'admin', '研发部门', '/supermarket/supplyRecord', '127.0.0.1', '内网IP', '{\"createdAt\":\"2019-11-11 14:48:09\",\"isDeleted\":0,\"params\":{},\"productId\":\"1d737675-268d-0aa2-1bb7-ae831772be00\",\"productName\":\"Cherly\",\"recordId\":\"0084e213-fe66-e22e-a28d-e8dd910df882\",\"supplierId\":\"abe1f8ca-dd19-c61c-4a09-40778509ba97\",\"supplierName\":\"Jeremy Garcia\",\"supplyQuantity\":146,\"supplyTime\":\"2020-06-25 03:30:00\",\"updatedAt\":\"2023-12-15 10:37:03.976\"}', '{\"msg\":\"操作成功\",\"code\":200}', 0, NULL, '2023-12-15 10:37:04', 3);
INSERT INTO `sys_oper_log` VALUES (228, '供货记录', 2, 'com.ruoyi.controller.SupplyRecordController.edit()', 'PUT', 1, 'admin', '研发部门', '/supermarket/supplyRecord', '127.0.0.1', '内网IP', '{\"createdAt\":\"2019-11-11 14:48:09\",\"isDeleted\":0,\"params\":{},\"productId\":\"1d737675-268d-0aa2-1bb7-ae831772be00\",\"productName\":\"Cherly\",\"recordId\":\"0084e213-fe66-e22e-a28d-e8dd910df882\",\"supplierId\":\"abe1f8ca-dd19-c61c-4a09-40778509ba97\",\"supplierName\":\"Jeremy Garcia\",\"supplyQuantity\":146,\"supplyTime\":\"2020-06-12 00:00:00\",\"updatedAt\":\"2023-12-15 10:42:27.352\"}', '{\"msg\":\"操作成功\",\"code\":200}', 0, NULL, '2023-12-15 10:42:27', 15);
INSERT INTO `sys_oper_log` VALUES (229, '供货记录', 2, 'com.ruoyi.controller.SupplyRecordController.edit()', 'PUT', 1, 'admin', '研发部门', '/supermarket/supplyRecord', '127.0.0.1', '内网IP', '{\"createdAt\":\"2019-11-11 14:48:09\",\"isDeleted\":0,\"params\":{},\"productId\":\"1d737675-268d-0aa2-1bb7-ae831772be00\",\"productName\":\"Cherly\",\"recordId\":\"0084e213-fe66-e22e-a28d-e8dd910df882\",\"supplierId\":\"abe1f8ca-dd19-c61c-4a09-40778509ba97\",\"supplierName\":\"Jeremy Garcia\",\"supplyQuantity\":146,\"supplyTime\":\"2020-06-01 00:00:00\",\"updatedAt\":\"2023-12-15 10:42:34.815\"}', '{\"msg\":\"操作成功\",\"code\":200}', 0, NULL, '2023-12-15 10:42:34', 8);
INSERT INTO `sys_oper_log` VALUES (230, '供货记录', 2, 'com.ruoyi.controller.SupplyRecordController.edit()', 'PUT', 1, 'admin', '研发部门', '/supermarket/supplyRecord', '127.0.0.1', '内网IP', '{\"createdAt\":\"2019-11-11 14:48:09\",\"isDeleted\":0,\"params\":{},\"productId\":\"1d737675-268d-0aa2-1bb7-ae831772be00\",\"productName\":\"Cherly\",\"recordId\":\"0084e213-fe66-e22e-a28d-e8dd910df882\",\"supplierId\":\"abe1f8ca-dd19-c61c-4a09-40778509ba97\",\"supplierName\":\"Jeremy Garcia\",\"supplyQuantity\":146,\"supplyTime\":\"2023-06-23 00:00:00\",\"updatedAt\":\"2023-12-15 10:42:43.803\"}', '{\"msg\":\"操作成功\",\"code\":200}', 0, NULL, '2023-12-15 10:42:43', 6);
INSERT INTO `sys_oper_log` VALUES (231, '商品', 2, 'com.ruoyi.controller.ProductController.edit()', 'PUT', 1, 'admin', '研发部门', '/supermarket/product', '127.0.0.1', '内网IP', '{\"categoryId\":\"3\",\"createdAt\":\"2022-01-01 12:00:00\",\"imagePath\":\"/profile/upload/2023/12/15/微信图片_20231017191201_20231215110044A001.jpg\",\"isDeleted\":0,\"params\":{},\"price\":60,\"productId\":\"3\",\"productName\":\"牛仔裤\",\"stock\":80,\"updatedAt\":\"2022-01-01 12:00:00\"}', '{\"msg\":\"操作成功\",\"code\":200}', 0, NULL, '2023-12-15 11:00:46', 15);
INSERT INTO `sys_oper_log` VALUES (232, '供货记录', 2, 'com.ruoyi.controller.SupplyRecordController.edit()', 'PUT', 1, 'admin', '研发部门', '/supermarket/supplyRecord', '127.0.0.1', '内网IP', '{\"createdAt\":\"2023-12-12 16:13:32\",\"isDeleted\":0,\"params\":{},\"productId\":\"3\",\"productName\":\"牛仔裤\",\"recordId\":\"1\",\"supplierId\":\"2\",\"supplierName\":\"供应商2\",\"supplyQuantity\":80,\"supplyTime\":\"2023-12-12 16:13:27\",\"updatedAt\":\"2023-12-15 11:01:38.296\"}', '{\"msg\":\"操作成功\",\"code\":200}', 0, NULL, '2023-12-15 11:01:38', 14);
INSERT INTO `sys_oper_log` VALUES (233, '供货记录', 2, 'com.ruoyi.controller.SupplyRecordController.edit()', 'PUT', 1, 'admin', '研发部门', '/supermarket/supplyRecord', '127.0.0.1', '内网IP', '{\"createdAt\":\"2023-12-12 16:13:32\",\"isDeleted\":0,\"params\":{},\"productId\":\"3\",\"productName\":\"牛仔裤\",\"recordId\":\"1\",\"supplierId\":\"2\",\"supplierName\":\"供应商2\",\"supplyQuantity\":0,\"supplyTime\":\"2023-12-12 16:13:27\",\"updatedAt\":\"2023-12-15 11:01:38\"}', '{\"msg\":\"操作失败\",\"code\":500}', 0, NULL, '2023-12-15 11:01:55', 3);
INSERT INTO `sys_oper_log` VALUES (234, '供货记录', 2, 'com.ruoyi.controller.SupplyRecordController.edit()', 'PUT', 1, 'admin', '研发部门', '/supermarket/supplyRecord', '127.0.0.1', '内网IP', '{\"createdAt\":\"2023-12-12 16:13:32\",\"isDeleted\":0,\"params\":{},\"productId\":\"3\",\"productName\":\"牛仔裤\",\"recordId\":\"1\",\"supplierId\":\"2\",\"supplierName\":\"供应商2\",\"supplyQuantity\":0,\"supplyTime\":\"2023-12-12 16:13:27\",\"updatedAt\":\"2023-12-15 11:01:38\"}', '{\"msg\":\"操作失败\",\"code\":500}', 0, NULL, '2023-12-15 11:01:56', 2);
INSERT INTO `sys_oper_log` VALUES (235, '供货记录', 2, 'com.ruoyi.controller.SupplyRecordController.edit()', 'PUT', 1, 'admin', '研发部门', '/supermarket/supplyRecord', '127.0.0.1', '内网IP', '{\"createdAt\":\"2023-12-12 16:13:32\",\"isDeleted\":0,\"params\":{},\"productId\":\"3\",\"productName\":\"牛仔裤\",\"recordId\":\"1\",\"supplierId\":\"2\",\"supplierName\":\"供应商2\",\"supplyQuantity\":100,\"supplyTime\":\"2023-12-12 16:13:27\",\"updatedAt\":\"2023-12-15 11:02:02.991\"}', '{\"msg\":\"操作成功\",\"code\":200}', 0, NULL, '2023-12-15 11:02:03', 10);
INSERT INTO `sys_oper_log` VALUES (236, '供货记录', 2, 'com.ruoyi.controller.SupplyRecordController.edit()', 'PUT', 1, 'admin', '研发部门', '/supermarket/supplyRecord', '127.0.0.1', '内网IP', '{\"createdAt\":\"2023-12-12 16:13:32\",\"isDeleted\":0,\"params\":{},\"productId\":\"3\",\"productName\":\"牛仔裤\",\"recordId\":\"1\",\"supplierId\":\"2\",\"supplierName\":\"供应商2\",\"supplyQuantity\":999,\"supplyTime\":\"2023-12-12 16:13:27\",\"updatedAt\":\"2023-12-15 11:02:27.258\"}', '{\"msg\":\"操作成功\",\"code\":200}', 0, NULL, '2023-12-15 11:02:27', 9);
INSERT INTO `sys_oper_log` VALUES (237, '商品', 2, 'com.ruoyi.controller.ProductController.edit()', 'PUT', 1, 'admin', '研发部门', '/supermarket/product', '127.0.0.1', '内网IP', '{\"categoryId\":\"3\",\"createdAt\":\"2022-01-01 12:00:00\",\"imagePath\":\"/profile/upload/2023/12/15/2_20231215110313A003.jpg\",\"isDeleted\":0,\"params\":{},\"price\":60,\"productId\":\"3\",\"productName\":\"牛仔裤\",\"stock\":979,\"updatedAt\":\"2022-01-01 12:00:00\"}', '{\"msg\":\"操作成功\",\"code\":200}', 0, NULL, '2023-12-15 11:03:14', 5);
INSERT INTO `sys_oper_log` VALUES (238, '商品分类管理', 1, 'com.ruoyi.controller.CategoryController.add()', 'POST', 1, 'admin', '研发部门', '/supermarket/category', '127.0.0.1', '内网IP', '{\"categoryId\":\"6f7b99d4-9442-4762-81a0-2664764fed66\",\"createdAt\":\"2023-12-15 11:38:11.723\",\"params\":{},\"updatedAt\":\"2023-12-15 11:38:11.723\"}', '{\"msg\":\"操作成功\",\"code\":200}', 0, NULL, '2023-12-15 11:38:11', 8);
INSERT INTO `sys_oper_log` VALUES (239, '商品分类管理', 3, 'com.ruoyi.controller.CategoryController.remove()', 'DELETE', 1, 'admin', '研发部门', '/supermarket/category/6f7b99d4-9442-4762-81a0-2664764fed66', '127.0.0.1', '内网IP', '{}', '{\"msg\":\"操作成功\",\"code\":200}', 0, NULL, '2023-12-15 11:38:14', 7);
INSERT INTO `sys_oper_log` VALUES (240, '商品分类管理', 1, 'com.ruoyi.controller.CategoryController.add()', 'POST', 1, 'admin', '研发部门', '/supermarket/category', '127.0.0.1', '内网IP', '{\"categoryId\":\"ab2f6e4a-d00e-4116-85e7-defbe06be5ab\",\"categoryName\":\"衣服\",\"createdAt\":\"2023-12-15 11:38:25.311\",\"params\":{},\"updatedAt\":\"2023-12-15 11:38:25.311\"}', '{\"msg\":\"操作成功\",\"code\":200}', 0, NULL, '2023-12-15 11:38:25', 3);
INSERT INTO `sys_oper_log` VALUES (241, '商品分类管理', 1, 'com.ruoyi.controller.CategoryController.add()', 'POST', 1, 'admin', '研发部门', '/supermarket/category', '127.0.0.1', '内网IP', '{\"categoryId\":\"5b1cfe86-31af-4f36-8b61-7f7df975523e\",\"categoryName\":\"鞋\",\"createdAt\":\"2023-12-15 11:38:33.152\",\"params\":{},\"updatedAt\":\"2023-12-15 11:38:33.152\"}', '{\"msg\":\"操作成功\",\"code\":200}', 0, NULL, '2023-12-15 11:38:33', 5);
INSERT INTO `sys_oper_log` VALUES (242, '商品分类管理', 1, 'com.ruoyi.controller.CategoryController.add()', 'POST', 1, 'admin', '研发部门', '/supermarket/category', '127.0.0.1', '内网IP', '{\"categoryId\":\"cb5ccc03-122f-432b-924e-6d4654a74d90\",\"categoryName\":\"裤子\",\"createdAt\":\"2023-12-15 11:38:40.292\",\"params\":{},\"updatedAt\":\"2023-12-15 11:38:40.292\"}', '{\"msg\":\"操作成功\",\"code\":200}', 0, NULL, '2023-12-15 11:38:40', 4);
INSERT INTO `sys_oper_log` VALUES (243, '商品分类管理', 3, 'com.ruoyi.controller.CategoryController.remove()', 'DELETE', 1, 'admin', '研发部门', '/supermarket/category/5b1cfe86-31af-4f36-8b61-7f7df975523e', '127.0.0.1', '内网IP', '{}', '{\"msg\":\"操作成功\",\"code\":200}', 0, NULL, '2023-12-15 11:38:43', 4);
INSERT INTO `sys_oper_log` VALUES (244, '商品分类管理', 3, 'com.ruoyi.controller.CategoryController.remove()', 'DELETE', 1, 'admin', '研发部门', '/supermarket/category/ab2f6e4a-d00e-4116-85e7-defbe06be5ab', '127.0.0.1', '内网IP', '{}', '{\"msg\":\"操作成功\",\"code\":200}', 0, NULL, '2023-12-15 11:38:45', 5);
INSERT INTO `sys_oper_log` VALUES (245, '商品分类管理', 3, 'com.ruoyi.controller.CategoryController.remove()', 'DELETE', 1, 'admin', '研发部门', '/supermarket/category/cb5ccc03-122f-432b-924e-6d4654a74d90', '127.0.0.1', '内网IP', '{}', '{\"msg\":\"操作成功\",\"code\":200}', 0, NULL, '2023-12-15 11:38:46', 4);
INSERT INTO `sys_oper_log` VALUES (246, '商品分类管理', 1, 'com.ruoyi.controller.CategoryController.add()', 'POST', 1, 'admin', '研发部门', '/supermarket/category', '127.0.0.1', '内网IP', '{\"categoryId\":\"973fbb5a-8481-462e-9c78-d223c9602d45\",\"categoryName\":\"数码产品\",\"createdAt\":\"2023-12-15 11:39:17.342\",\"params\":{},\"updatedAt\":\"2023-12-15 11:39:17.342\"}', '{\"msg\":\"操作成功\",\"code\":200}', 0, NULL, '2023-12-15 11:39:17', 5);
INSERT INTO `sys_oper_log` VALUES (247, '商品分类管理', 1, 'com.ruoyi.controller.CategoryController.add()', 'POST', 1, 'admin', '研发部门', '/supermarket/category', '127.0.0.1', '内网IP', '{\"categoryId\":\"96871277-6c9d-4b11-8ff0-5b608473c905\",\"categoryName\":\"家具家电\",\"createdAt\":\"2023-12-15 11:39:28.810\",\"params\":{},\"updatedAt\":\"2023-12-15 11:39:28.810\"}', '{\"msg\":\"操作成功\",\"code\":200}', 0, NULL, '2023-12-15 11:39:28', 4);
INSERT INTO `sys_oper_log` VALUES (248, '商品分类管理', 1, 'com.ruoyi.controller.CategoryController.add()', 'POST', 1, 'admin', '研发部门', '/supermarket/category', '127.0.0.1', '内网IP', '{\"categoryId\":\"d95fb2ae-06a7-4785-b34d-dc07cdfad32f\",\"categoryName\":\"时髦男装\",\"createdAt\":\"2023-12-15 11:39:45.405\",\"params\":{},\"updatedAt\":\"2023-12-15 11:39:45.405\"}', '{\"msg\":\"操作成功\",\"code\":200}', 0, NULL, '2023-12-15 11:39:45', 4);
INSERT INTO `sys_oper_log` VALUES (249, '商品分类管理', 1, 'com.ruoyi.controller.CategoryController.add()', 'POST', 1, 'admin', '研发部门', '/supermarket/category', '127.0.0.1', '内网IP', '{\"categoryId\":\"f3d1769e-5a3f-4bd8-919e-e52528a72e8d\",\"categoryName\":\"医药保健\",\"createdAt\":\"2023-12-15 11:40:30.038\",\"params\":{},\"updatedAt\":\"2023-12-15 11:40:30.038\"}', '{\"msg\":\"操作成功\",\"code\":200}', 0, NULL, '2023-12-15 11:40:30', 4);
INSERT INTO `sys_oper_log` VALUES (250, '商品', 1, 'com.ruoyi.controller.ProductController.add()', 'POST', 1, 'admin', '研发部门', '/supermarket/product', '127.0.0.1', '内网IP', '{\"categoryId\":\"973fbb5a-8481-462e-9c78-d223c9602d45\",\"imagePath\":\"/profile/upload/2023/12/15/01cba85aa78ab9a801206d96bbe3f6.jpg@1280w_1l_2o_100sh_20231215143604A004.jpg\",\"params\":{},\"price\":30,\"productId\":\"559b4554-a995-49e1-b6bc-a29f24c7ca4f\",\"productName\":\"USB拓展坞\"}', '{\"msg\":\"操作成功\",\"code\":200}', 0, NULL, '2023-12-15 14:36:25', 5);
INSERT INTO `sys_oper_log` VALUES (251, '商品', 2, 'com.ruoyi.controller.ProductController.edit()', 'PUT', 1, 'admin', '研发部门', '/supermarket/product', '127.0.0.1', '内网IP', '{\"categoryId\":\"973fbb5a-8481-462e-9c78-d223c9602d45\",\"imagePath\":\"/profile/upload/2023/12/15/01cba85aa78ab9a801206d96bbe3f6.jpg@1280w_1l_2o_100sh_20231215143604A004.jpg,/profile/upload/2023/12/15/00016-2372822254_20231215143631A005.png\",\"params\":{},\"price\":30,\"productId\":\"559b4554-a995-49e1-b6bc-a29f24c7ca4f\",\"productName\":\"USB拓展坞\"}', '{\"msg\":\"操作成功\",\"code\":200}', 0, NULL, '2023-12-15 14:36:31', 6);
INSERT INTO `sys_oper_log` VALUES (252, '商品', 2, 'com.ruoyi.controller.ProductController.edit()', 'PUT', 1, 'admin', '研发部门', '/supermarket/product', '127.0.0.1', '内网IP', '{\"categoryId\":\"973fbb5a-8481-462e-9c78-d223c9602d45\",\"imagePath\":\"/profile/upload/2023/12/15/01cba85aa78ab9a801206d96bbe3f6.jpg@1280w_1l_2o_100sh_20231215143604A004.jpg\",\"params\":{},\"price\":30,\"productId\":\"559b4554-a995-49e1-b6bc-a29f24c7ca4f\",\"productName\":\"USB拓展坞\"}', '{\"msg\":\"操作成功\",\"code\":200}', 0, NULL, '2023-12-15 14:36:43', 4);
INSERT INTO `sys_oper_log` VALUES (253, '商品', 1, 'com.ruoyi.controller.ProductController.add()', 'POST', 1, 'admin', '研发部门', '/supermarket/product', '127.0.0.1', '内网IP', '{\"categoryId\":\"973fbb5a-8481-462e-9c78-d223c9602d45\",\"imagePath\":\"/profile/upload/2023/12/15/01d6975c931226a801208f8b7358b6.jpg@1280w_1l_2o_100sh_20231215143751A006.jpg\",\"params\":{},\"price\":199,\"productId\":\"51a43610-9301-4150-9277-3a0c9fbaae17\",\"productName\":\"某品牌蓝牙耳机\"}', '{\"msg\":\"操作成功\",\"code\":200}', 0, NULL, '2023-12-15 14:38:17', 6);
INSERT INTO `sys_oper_log` VALUES (254, '商品', 1, 'com.ruoyi.controller.ProductController.add()', 'POST', 1, 'admin', '研发部门', '/supermarket/product', '127.0.0.1', '内网IP', '{\"categoryId\":\"973fbb5a-8481-462e-9c78-d223c9602d45\",\"imagePath\":\"/profile/upload/2023/12/15/01af665aa6a39da801206d96166904.jpg@3000w_1l_0o_100sh_20231215143939A007.jpg\",\"params\":{},\"price\":8999,\"productId\":\"b973b2f9-de4d-4fb4-b09a-bfdecbcba953\",\"productName\":\"索尼D750套机\"}', '{\"msg\":\"操作成功\",\"code\":200}', 0, NULL, '2023-12-15 14:39:41', 5);
INSERT INTO `sys_oper_log` VALUES (255, '供应商管理', 1, 'com.ruoyi.controller.SupplierController.add()', 'POST', 1, 'admin', '研发部门', '/supermarket/supplier', '127.0.0.1', '内网IP', '{\"contactInfo\":\"18000000000\",\"createdAt\":\"2023-12-15 14:40:23.247\",\"params\":{},\"supplierId\":\"e4e94bee-857b-4893-a264-a91379307fa9\",\"supplierName\":\"球团数码\",\"updatedAt\":\"2023-12-15 14:40:23.248\"}', '{\"msg\":\"操作成功\",\"code\":200}', 0, NULL, '2023-12-15 14:40:23', 7);
INSERT INTO `sys_oper_log` VALUES (256, '供货记录', 1, 'com.ruoyi.controller.SupplyRecordController.add()', 'POST', 1, 'admin', '研发部门', '/supermarket/supplyRecord', '127.0.0.1', '内网IP', '{\"params\":{},\"productName\":\"b973b2f9-de4d-4fb4-b09a-bfdecbcba953\",\"supplierName\":\"e4e94bee-857b-4893-a264-a91379307fa9\",\"supplyQuantity\":10,\"supplyTime\":\"2023-12-15 00:00:00\"}', NULL, 1, '', '2023-12-15 14:40:46', 2);
INSERT INTO `sys_oper_log` VALUES (257, '供货记录', 1, 'com.ruoyi.controller.SupplyRecordController.add()', 'POST', 1, 'admin', '研发部门', '/supermarket/supplyRecord', '127.0.0.1', '内网IP', '{\"params\":{},\"productName\":\"b973b2f9-de4d-4fb4-b09a-bfdecbcba953\",\"supplierName\":\"e4e94bee-857b-4893-a264-a91379307fa9\",\"supplyQuantity\":10,\"supplyTime\":\"2023-12-15 00:00:00\"}', NULL, 1, '', '2023-12-15 14:40:50', 2);
INSERT INTO `sys_oper_log` VALUES (258, '供货记录', 1, 'com.ruoyi.controller.SupplyRecordController.add()', 'POST', 1, 'admin', '研发部门', '/supermarket/supplyRecord', '127.0.0.1', '内网IP', '{\"params\":{},\"productName\":\"b973b2f9-de4d-4fb4-b09a-bfdecbcba953\",\"supplierName\":\"e4e94bee-857b-4893-a264-a91379307fa9\",\"supplyQuantity\":10,\"supplyTime\":\"2023-12-15 00:00:00\"}', NULL, 1, '', '2023-12-15 14:42:42', 16);
INSERT INTO `sys_oper_log` VALUES (259, '供货记录', 1, 'com.ruoyi.controller.SupplyRecordController.add()', 'POST', 1, 'admin', '研发部门', '/supermarket/supplyRecord', '127.0.0.1', '内网IP', '{\"params\":{},\"productName\":\"b973b2f9-de4d-4fb4-b09a-bfdecbcba953\",\"supplierName\":\"e4e94bee-857b-4893-a264-a91379307fa9\",\"supplyQuantity\":10,\"supplyTime\":\"2023-12-15 00:00:00\"}', NULL, 1, '', '2023-12-15 14:43:04', 3);
INSERT INTO `sys_oper_log` VALUES (260, '供货记录', 1, 'com.ruoyi.controller.SupplyRecordController.add()', 'POST', 1, 'admin', '研发部门', '/supermarket/supplyRecord', '127.0.0.1', '内网IP', '{\"params\":{},\"productName\":\"b973b2f9-de4d-4fb4-b09a-bfdecbcba953\",\"supplierName\":\"e4e94bee-857b-4893-a264-a91379307fa9\",\"supplyQuantity\":10,\"supplyTime\":\"2023-12-15 00:00:00\"}', NULL, 1, '', '2023-12-15 14:43:11', 2);
INSERT INTO `sys_oper_log` VALUES (261, '供货记录', 1, 'com.ruoyi.controller.SupplyRecordController.add()', 'POST', 1, 'admin', '研发部门', '/supermarket/supplyRecord', '127.0.0.1', '内网IP', '{\"params\":{},\"productName\":\"b973b2f9-de4d-4fb4-b09a-bfdecbcba953\",\"supplierName\":\"e4e94bee-857b-4893-a264-a91379307fa9\",\"supplyQuantity\":10,\"supplyTime\":\"2023-12-15 00:00:00\"}', NULL, 1, '', '2023-12-15 14:49:28', 14);
INSERT INTO `sys_oper_log` VALUES (262, '供货记录', 1, 'com.ruoyi.controller.SupplyRecordController.add()', 'POST', 1, 'admin', '研发部门', '/supermarket/supplyRecord', '127.0.0.1', '内网IP', '{\"createdAt\":\"2023-12-15 14:52:24.695\",\"params\":{},\"productId\":\"51a43610-9301-4150-9277-3a0c9fbaae17\",\"supplierId\":\"e4e94bee-857b-4893-a264-a91379307fa9\",\"supplyQuantity\":1,\"updatedAt\":\"2023-12-15 14:52:24.695\"}', NULL, 1, '\r\n### Error updating database.  Cause: java.sql.SQLException: Field \'record_id\' doesn\'t have a default value\r\n### The error may exist in file [C:\\Users\\qiutu\\Desktop\\RuoYi-Vue-master\\RuoYi-Vue-master\\supermarket\\target\\classes\\mapper\\supermarket\\SupplyRecordMapper.xml]\r\n### The error may involve com.ruoyi.mapper.SupplyRecordMapper.insertSupplyRecord-Inline\r\n### The error occurred while setting parameters\r\n### SQL: insert into supply_record          ( supplier_id,             product_id,             supply_quantity,                          created_at,             updated_at )           values ( ?,             ?,             ?,                          ?,             ? )\r\n### Cause: java.sql.SQLException: Field \'record_id\' doesn\'t have a default value\n; Field \'record_id\' doesn\'t have a default value; nested exception is java.sql.SQLException: Field \'record_id\' doesn\'t have a default value', '2023-12-15 14:52:24', 49);
INSERT INTO `sys_oper_log` VALUES (263, '供货记录', 1, 'com.ruoyi.controller.SupplyRecordController.add()', 'POST', 1, 'admin', '研发部门', '/supermarket/supplyRecord', '127.0.0.1', '内网IP', '{\"createdAt\":\"2023-12-15 14:52:39.725\",\"params\":{},\"productId\":\"51a43610-9301-4150-9277-3a0c9fbaae17\",\"supplierId\":\"e4e94bee-857b-4893-a264-a91379307fa9\",\"supplyQuantity\":1,\"updatedAt\":\"2023-12-15 14:52:39.725\"}', NULL, 1, '\r\n### Error updating database.  Cause: java.sql.SQLException: Field \'record_id\' doesn\'t have a default value\r\n### The error may exist in file [C:\\Users\\qiutu\\Desktop\\RuoYi-Vue-master\\RuoYi-Vue-master\\supermarket\\target\\classes\\mapper\\supermarket\\SupplyRecordMapper.xml]\r\n### The error may involve com.ruoyi.mapper.SupplyRecordMapper.insertSupplyRecord-Inline\r\n### The error occurred while setting parameters\r\n### SQL: insert into supply_record          ( supplier_id,             product_id,             supply_quantity,                          created_at,             updated_at )           values ( ?,             ?,             ?,                          ?,             ? )\r\n### Cause: java.sql.SQLException: Field \'record_id\' doesn\'t have a default value\n; Field \'record_id\' doesn\'t have a default value; nested exception is java.sql.SQLException: Field \'record_id\' doesn\'t have a default value', '2023-12-15 14:52:39', 12);
INSERT INTO `sys_oper_log` VALUES (264, '供货记录', 1, 'com.ruoyi.controller.SupplyRecordController.add()', 'POST', 1, 'admin', '研发部门', '/supermarket/supplyRecord', '127.0.0.1', '内网IP', '{\"createdAt\":\"2023-12-15 14:53:36.814\",\"params\":{},\"productId\":\"51a43610-9301-4150-9277-3a0c9fbaae17\",\"recordId\":\"9ab6e1ad-9f1f-4c8b-89d0-c1ca309919fe\",\"supplierId\":\"e4e94bee-857b-4893-a264-a91379307fa9\",\"supplyQuantity\":1,\"updatedAt\":\"2023-12-15 14:53:36.814\"}', '{\"msg\":\"操作成功\",\"code\":200}', 0, NULL, '2023-12-15 14:53:36', 34);
INSERT INTO `sys_oper_log` VALUES (265, '供货记录', 2, 'com.ruoyi.controller.SupplyRecordController.edit()', 'PUT', 1, 'admin', '研发部门', '/supermarket/supplyRecord', '127.0.0.1', '内网IP', '{\"createdAt\":\"2023-12-15 14:53:37\",\"params\":{},\"productId\":\"51a43610-9301-4150-9277-3a0c9fbaae17\",\"productName\":\"某品牌蓝牙耳机\",\"recordId\":\"9ab6e1ad-9f1f-4c8b-89d0-c1ca309919fe\",\"supplierId\":\"e4e94bee-857b-4893-a264-a91379307fa9\",\"supplierName\":\"球团数码\",\"supplyQuantity\":1,\"supplyTime\":\"2023-12-13 00:00:00\",\"updatedAt\":\"2023-12-15 14:53:56.433\"}', '{\"msg\":\"操作成功\",\"code\":200}', 0, NULL, '2023-12-15 14:53:56', 15);
INSERT INTO `sys_oper_log` VALUES (266, '供货记录', 2, 'com.ruoyi.controller.SupplyRecordController.edit()', 'PUT', 1, 'admin', '研发部门', '/supermarket/supplyRecord', '127.0.0.1', '内网IP', '{\"createdAt\":\"2023-12-15 14:53:37\",\"params\":{},\"productId\":\"51a43610-9301-4150-9277-3a0c9fbaae17\",\"productName\":\"某品牌蓝牙耳机\",\"recordId\":\"9ab6e1ad-9f1f-4c8b-89d0-c1ca309919fe\",\"supplierId\":\"e4e94bee-857b-4893-a264-a91379307fa9\",\"supplierName\":\"球团数码\",\"supplyQuantity\":1,\"supplyTime\":\"2023-12-23 00:00:00\",\"updatedAt\":\"2023-12-15 14:54:02.696\"}', '{\"msg\":\"操作成功\",\"code\":200}', 0, NULL, '2023-12-15 14:54:02', 11);
INSERT INTO `sys_oper_log` VALUES (267, '供货记录', 3, 'com.ruoyi.controller.SupplyRecordController.remove()', 'DELETE', 1, 'admin', '研发部门', '/supermarket/supplyRecord/9ab6e1ad-9f1f-4c8b-89d0-c1ca309919fe', '127.0.0.1', '内网IP', '{}', '{\"msg\":\"操作成功\",\"code\":200}', 0, NULL, '2023-12-15 14:54:05', 19);
INSERT INTO `sys_oper_log` VALUES (268, '供货记录', 1, 'com.ruoyi.controller.SupplyRecordController.add()', 'POST', 1, 'admin', '研发部门', '/supermarket/supplyRecord', '127.0.0.1', '内网IP', '{\"createdAt\":\"2023-12-15 14:54:33.808\",\"params\":{},\"productId\":\"b973b2f9-de4d-4fb4-b09a-bfdecbcba953\",\"recordId\":\"5bd2a197-ef68-480c-ab73-1f29ff93760b\",\"supplierId\":\"e4e94bee-857b-4893-a264-a91379307fa9\",\"supplyQuantity\":10,\"supplyTime\":\"2023-12-16 00:00:00\",\"updatedAt\":\"2023-12-15 14:54:33.808\"}', '{\"msg\":\"操作成功\",\"code\":200}', 0, NULL, '2023-12-15 14:54:33', 11);
INSERT INTO `sys_oper_log` VALUES (269, '供货记录', 2, 'com.ruoyi.controller.SupplyRecordController.edit()', 'PUT', 1, 'admin', '研发部门', '/supermarket/supplyRecord', '127.0.0.1', '内网IP', '{\"createdAt\":\"2023-12-15 14:54:34\",\"params\":{},\"productId\":\"b973b2f9-de4d-4fb4-b09a-bfdecbcba953\",\"productName\":\"索尼D750套机\",\"recordId\":\"5bd2a197-ef68-480c-ab73-1f29ff93760b\",\"supplierId\":\"e4e94bee-857b-4893-a264-a91379307fa9\",\"supplierName\":\"球团数码\",\"supplyQuantity\":10,\"supplyTime\":\"2023-12-15 00:00:00\",\"updatedAt\":\"2023-12-15 14:54:51.717\"}', '{\"msg\":\"操作成功\",\"code\":200}', 0, NULL, '2023-12-15 14:54:51', 10);
INSERT INTO `sys_oper_log` VALUES (270, '供货记录', 2, 'com.ruoyi.controller.SupplyRecordController.edit()', 'PUT', 1, 'admin', '研发部门', '/supermarket/supplyRecord', '127.0.0.1', '内网IP', '{\"createdAt\":\"2023-12-15 14:54:34\",\"params\":{},\"productId\":\"b973b2f9-de4d-4fb4-b09a-bfdecbcba953\",\"productName\":\"索尼D750套机\",\"recordId\":\"5bd2a197-ef68-480c-ab73-1f29ff93760b\",\"supplierId\":\"e4e94bee-857b-4893-a264-a91379307fa9\",\"supplierName\":\"球团数码\",\"supplyQuantity\":10,\"supplyTime\":\"2023-12-15 00:00:00\",\"updatedAt\":\"2023-12-15 14:55:58.846\"}', '{\"msg\":\"操作成功\",\"code\":200}', 0, NULL, '2023-12-15 14:55:58', 10);
INSERT INTO `sys_oper_log` VALUES (271, '角色管理', 1, 'com.ruoyi.web.controller.system.SysRoleController.add()', 'POST', 1, 'admin', '研发部门', '/system/role', '127.0.0.1', '内网IP', '{\"admin\":false,\"createBy\":\"admin\",\"deptCheckStrictly\":true,\"deptIds\":[],\"flag\":false,\"menuCheckStrictly\":true,\"menuIds\":[2000,2001,2002,2003,2004,2005,2006,2007,2008,2009,2010,2011,2012],\"params\":{},\"roleId\":100,\"roleKey\":\"shopManager\",\"roleName\":\"店长\",\"roleSort\":5,\"status\":\"0\"}', '{\"msg\":\"操作成功\",\"code\":200}', 0, NULL, '2023-12-15 14:59:10', 31);
INSERT INTO `sys_oper_log` VALUES (272, '角色管理', 1, 'com.ruoyi.web.controller.system.SysRoleController.add()', 'POST', 1, 'admin', '研发部门', '/system/role', '127.0.0.1', '内网IP', '{\"admin\":false,\"createBy\":\"admin\",\"deptCheckStrictly\":true,\"deptIds\":[],\"flag\":false,\"menuCheckStrictly\":true,\"menuIds\":[2032,2033,2034,2035,2036,2037,2038,2045,2046,2047,2048,2049,2050],\"params\":{},\"roleId\":101,\"roleKey\":\"supplier\",\"roleName\":\"供货商\",\"roleSort\":6,\"status\":\"0\"}', '{\"msg\":\"操作成功\",\"code\":200}', 0, NULL, '2023-12-15 14:59:37', 11);
INSERT INTO `sys_oper_log` VALUES (273, '角色管理', 2, 'com.ruoyi.web.controller.system.SysRoleController.edit()', 'PUT', 1, 'admin', '研发部门', '/system/role', '127.0.0.1', '内网IP', '{\"admin\":false,\"createTime\":\"2023-12-14 15:19:50\",\"dataScope\":\"2\",\"delFlag\":\"0\",\"deptCheckStrictly\":true,\"flag\":false,\"menuCheckStrictly\":true,\"menuIds\":[2000,2001,2002,2003,2004,2005,2006,2007,2008,2009,2010,2011,2012,2032,2033,2034,2035,2036,2037,2038,2045,2046,2047,2048,2049,2050],\"params\":{},\"remark\":\"普通角色\",\"roleId\":2,\"roleKey\":\"common\",\"roleName\":\"管理员\",\"roleSort\":2,\"status\":\"0\",\"updateBy\":\"admin\"}', '{\"msg\":\"操作成功\",\"code\":200}', 0, NULL, '2023-12-15 14:59:58', 16);
INSERT INTO `sys_oper_log` VALUES (274, '部门管理', 3, 'com.ruoyi.web.controller.system.SysDeptController.remove()', 'DELETE', 1, 'admin', '研发部门', '/system/dept/101', '127.0.0.1', '内网IP', '{}', '{\"msg\":\"存在下级部门,不允许删除\",\"code\":601}', 0, NULL, '2023-12-15 15:00:19', 4);
INSERT INTO `sys_oper_log` VALUES (275, '部门管理', 3, 'com.ruoyi.web.controller.system.SysDeptController.remove()', 'DELETE', 1, 'admin', '研发部门', '/system/dept/109', '127.0.0.1', '内网IP', '{}', '{\"msg\":\"操作成功\",\"code\":200}', 0, NULL, '2023-12-15 15:00:22', 7);
INSERT INTO `sys_oper_log` VALUES (276, '部门管理', 3, 'com.ruoyi.web.controller.system.SysDeptController.remove()', 'DELETE', 1, 'admin', '研发部门', '/system/dept/108', '127.0.0.1', '内网IP', '{}', '{\"msg\":\"操作成功\",\"code\":200}', 0, NULL, '2023-12-15 15:00:23', 8);
INSERT INTO `sys_oper_log` VALUES (277, '部门管理', 3, 'com.ruoyi.web.controller.system.SysDeptController.remove()', 'DELETE', 1, 'admin', '研发部门', '/system/dept/102', '127.0.0.1', '内网IP', '{}', '{\"msg\":\"操作成功\",\"code\":200}', 0, NULL, '2023-12-15 15:00:24', 7);
INSERT INTO `sys_oper_log` VALUES (278, '部门管理', 3, 'com.ruoyi.web.controller.system.SysDeptController.remove()', 'DELETE', 1, 'admin', '研发部门', '/system/dept/103', '127.0.0.1', '内网IP', '{}', '{\"msg\":\"部门存在用户,不允许删除\",\"code\":601}', 0, NULL, '2023-12-15 15:00:27', 3);
INSERT INTO `sys_oper_log` VALUES (279, '部门管理', 3, 'com.ruoyi.web.controller.system.SysDeptController.remove()', 'DELETE', 1, 'admin', '研发部门', '/system/dept/103', '127.0.0.1', '内网IP', '{}', '{\"msg\":\"部门存在用户,不允许删除\",\"code\":601}', 0, NULL, '2023-12-15 15:00:28', 5);
INSERT INTO `sys_oper_log` VALUES (280, '部门管理', 3, 'com.ruoyi.web.controller.system.SysDeptController.remove()', 'DELETE', 1, 'admin', '研发部门', '/system/dept/103', '127.0.0.1', '内网IP', '{}', '{\"msg\":\"部门存在用户,不允许删除\",\"code\":601}', 0, NULL, '2023-12-15 15:00:29', 3);
INSERT INTO `sys_oper_log` VALUES (281, '部门管理', 3, 'com.ruoyi.web.controller.system.SysDeptController.remove()', 'DELETE', 1, 'admin', '研发部门', '/system/dept/104', '127.0.0.1', '内网IP', '{}', '{\"msg\":\"操作成功\",\"code\":200}', 0, NULL, '2023-12-15 15:00:30', 7);
INSERT INTO `sys_oper_log` VALUES (282, '部门管理', 3, 'com.ruoyi.web.controller.system.SysDeptController.remove()', 'DELETE', 1, 'admin', '研发部门', '/system/dept/106', '127.0.0.1', '内网IP', '{}', '{\"msg\":\"操作成功\",\"code\":200}', 0, NULL, '2023-12-15 15:00:31', 7);
INSERT INTO `sys_oper_log` VALUES (283, '部门管理', 3, 'com.ruoyi.web.controller.system.SysDeptController.remove()', 'DELETE', 1, 'admin', '研发部门', '/system/dept/107', '127.0.0.1', '内网IP', '{}', '{\"msg\":\"操作成功\",\"code\":200}', 0, NULL, '2023-12-15 15:00:33', 7);
INSERT INTO `sys_oper_log` VALUES (284, '部门管理', 3, 'com.ruoyi.web.controller.system.SysDeptController.remove()', 'DELETE', 1, 'admin', '研发部门', '/system/dept/105', '127.0.0.1', '内网IP', '{}', '{\"msg\":\"部门存在用户,不允许删除\",\"code\":601}', 0, NULL, '2023-12-15 15:00:34', 3);
INSERT INTO `sys_oper_log` VALUES (285, '部门管理', 3, 'com.ruoyi.web.controller.system.SysDeptController.remove()', 'DELETE', 1, 'admin', '研发部门', '/system/dept/103', '127.0.0.1', '内网IP', '{}', '{\"msg\":\"部门存在用户,不允许删除\",\"code\":601}', 0, NULL, '2023-12-15 15:00:36', 4);
INSERT INTO `sys_oper_log` VALUES (286, '用户管理', 2, 'com.ruoyi.web.controller.system.SysUserController.edit()', 'PUT', 1, 'admin', '研发部门', '/system/user', '127.0.0.1', '内网IP', '{\"admin\":false,\"avatar\":\"\",\"createBy\":\"admin\",\"createTime\":\"2023-12-14 15:19:50\",\"delFlag\":\"0\",\"dept\":{\"ancestors\":\"0,100,101\",\"children\":[],\"deptId\":105,\"deptName\":\"测试部门\",\"leader\":\"若依\",\"orderNum\":3,\"params\":{},\"parentId\":101,\"status\":\"0\"},\"email\":\"ry@qq.com\",\"loginDate\":\"2023-12-14 15:19:50\",\"loginIp\":\"127.0.0.1\",\"nickName\":\"若依\",\"params\":{},\"phonenumber\":\"15666666666\",\"postIds\":[2],\"remark\":\"测试员\",\"roleIds\":[2],\"roles\":[{\"admin\":false,\"dataScope\":\"2\",\"deptCheckStrictly\":false,\"flag\":false,\"menuCheckStrictly\":false,\"params\":{},\"roleId\":2,\"roleKey\":\"common\",\"roleName\":\"管理员\",\"roleSort\":2,\"status\":\"0\"}],\"sex\":\"1\",\"status\":\"0\",\"updateBy\":\"admin\",\"userId\":2,\"userName\":\"ry\"}', '{\"msg\":\"操作成功\",\"code\":200}', 0, NULL, '2023-12-15 15:00:45', 16);
INSERT INTO `sys_oper_log` VALUES (287, '用户管理', 2, 'com.ruoyi.web.controller.system.SysUserController.edit()', 'PUT', 1, 'admin', '研发部门', '/system/user', '127.0.0.1', '内网IP', '{\"admin\":false,\"avatar\":\"\",\"createBy\":\"admin\",\"createTime\":\"2023-12-14 15:19:50\",\"delFlag\":\"0\",\"dept\":{\"ancestors\":\"0,100,101\",\"children\":[],\"deptId\":105,\"deptName\":\"测试部门\",\"leader\":\"若依\",\"orderNum\":3,\"params\":{},\"parentId\":101,\"status\":\"0\"},\"email\":\"ry@qq.com\",\"loginDate\":\"2023-12-14 15:19:50\",\"loginIp\":\"127.0.0.1\",\"nickName\":\"若依\",\"params\":{},\"phonenumber\":\"15666666666\",\"postIds\":[2],\"remark\":\"测试员\",\"roleIds\":[2],\"roles\":[{\"admin\":false,\"dataScope\":\"2\",\"deptCheckStrictly\":false,\"flag\":false,\"menuCheckStrictly\":false,\"params\":{},\"roleId\":2,\"roleKey\":\"common\",\"roleName\":\"管理员\",\"roleSort\":2,\"status\":\"0\"}],\"sex\":\"1\",\"status\":\"0\",\"updateBy\":\"admin\",\"userId\":2,\"userName\":\"ry\"}', '{\"msg\":\"操作成功\",\"code\":200}', 0, NULL, '2023-12-15 15:00:52', 15);
INSERT INTO `sys_oper_log` VALUES (288, '部门管理', 3, 'com.ruoyi.web.controller.system.SysDeptController.remove()', 'DELETE', 1, 'admin', '研发部门', '/system/dept/103', '127.0.0.1', '内网IP', '{}', '{\"msg\":\"部门存在用户,不允许删除\",\"code\":601}', 0, NULL, '2023-12-15 15:01:10', 4);
INSERT INTO `sys_oper_log` VALUES (289, '部门管理', 3, 'com.ruoyi.web.controller.system.SysDeptController.remove()', 'DELETE', 1, 'admin', '研发部门', '/system/dept/101', '127.0.0.1', '内网IP', '{}', '{\"msg\":\"存在下级部门,不允许删除\",\"code\":601}', 0, NULL, '2023-12-15 15:01:12', 2);
INSERT INTO `sys_oper_log` VALUES (290, '用户管理', 3, 'com.ruoyi.web.controller.system.SysUserController.remove()', 'DELETE', 1, 'admin', '研发部门', '/system/user/1,2', '127.0.0.1', '内网IP', '{}', '{\"msg\":\"当前用户不能删除\",\"code\":500}', 0, NULL, '2023-12-15 15:01:20', 0);
INSERT INTO `sys_oper_log` VALUES (291, '用户管理', 3, 'com.ruoyi.web.controller.system.SysUserController.remove()', 'DELETE', 1, 'admin', '研发部门', '/system/user/2', '127.0.0.1', '内网IP', '{}', '{\"msg\":\"操作成功\",\"code\":200}', 0, NULL, '2023-12-15 15:01:24', 9);
INSERT INTO `sys_oper_log` VALUES (292, '部门管理', 3, 'com.ruoyi.web.controller.system.SysDeptController.remove()', 'DELETE', 1, 'admin', '研发部门', '/system/dept/105', '127.0.0.1', '内网IP', '{}', '{\"msg\":\"操作成功\",\"code\":200}', 0, NULL, '2023-12-15 15:01:36', 8);
INSERT INTO `sys_oper_log` VALUES (293, '部门管理', 3, 'com.ruoyi.web.controller.system.SysDeptController.remove()', 'DELETE', 1, 'admin', '研发部门', '/system/dept/103', '127.0.0.1', '内网IP', '{}', '{\"msg\":\"部门存在用户,不允许删除\",\"code\":601}', 0, NULL, '2023-12-15 15:01:38', 3);
INSERT INTO `sys_oper_log` VALUES (294, '部门管理', 1, 'com.ruoyi.web.controller.system.SysDeptController.add()', 'POST', 1, 'admin', '研发部门', '/system/dept', '127.0.0.1', '内网IP', '{\"ancestors\":\"0,100\",\"children\":[],\"createBy\":\"admin\",\"deptName\":\"湖南工业职业技术学院小店\",\"leader\":\"球团\",\"orderNum\":10,\"params\":{},\"parentId\":100,\"phone\":\"18000000000\",\"status\":\"0\"}', '{\"msg\":\"操作成功\",\"code\":200}', 0, NULL, '2023-12-15 15:03:13', 11);
INSERT INTO `sys_oper_log` VALUES (295, '部门管理', 1, 'com.ruoyi.web.controller.system.SysDeptController.add()', 'POST', 1, 'admin', '研发部门', '/system/dept', '127.0.0.1', '内网IP', '{\"ancestors\":\"0,100,200\",\"children\":[],\"createBy\":\"admin\",\"deptName\":\"收银部\",\"orderNum\":1,\"params\":{},\"parentId\":200,\"status\":\"0\"}', '{\"msg\":\"操作成功\",\"code\":200}', 0, NULL, '2023-12-15 15:03:41', 8);
INSERT INTO `sys_oper_log` VALUES (296, '部门管理', 1, 'com.ruoyi.web.controller.system.SysDeptController.add()', 'POST', 1, 'admin', '研发部门', '/system/dept', '127.0.0.1', '内网IP', '{\"ancestors\":\"0,100,200\",\"children\":[],\"createBy\":\"admin\",\"deptName\":\"商品管理部\",\"orderNum\":2,\"params\":{},\"parentId\":200,\"status\":\"0\"}', '{\"msg\":\"操作成功\",\"code\":200}', 0, NULL, '2023-12-15 15:04:00', 7);
INSERT INTO `sys_oper_log` VALUES (297, '部门管理', 1, 'com.ruoyi.web.controller.system.SysDeptController.add()', 'POST', 1, 'admin', '研发部门', '/system/dept', '127.0.0.1', '内网IP', '{\"ancestors\":\"0,100,200\",\"children\":[],\"createBy\":\"admin\",\"deptName\":\"货源管理部\",\"orderNum\":3,\"params\":{},\"parentId\":200,\"status\":\"0\"}', '{\"msg\":\"操作成功\",\"code\":200}', 0, NULL, '2023-12-15 15:04:18', 8);
INSERT INTO `sys_oper_log` VALUES (298, '岗位管理', 3, 'com.ruoyi.web.controller.system.SysPostController.remove()', 'DELETE', 1, 'admin', '研发部门', '/system/post/4', '127.0.0.1', '内网IP', '{}', '{\"msg\":\"操作成功\",\"code\":200}', 0, NULL, '2023-12-15 15:04:35', 7);
INSERT INTO `sys_oper_log` VALUES (299, '岗位管理', 3, 'com.ruoyi.web.controller.system.SysPostController.remove()', 'DELETE', 1, 'admin', '研发部门', '/system/post/3', '127.0.0.1', '内网IP', '{}', '{\"msg\":\"操作成功\",\"code\":200}', 0, NULL, '2023-12-15 15:04:36', 6);
INSERT INTO `sys_oper_log` VALUES (300, '岗位管理', 3, 'com.ruoyi.web.controller.system.SysPostController.remove()', 'DELETE', 1, 'admin', '研发部门', '/system/post/2', '127.0.0.1', '内网IP', '{}', '{\"msg\":\"操作成功\",\"code\":200}', 0, NULL, '2023-12-15 15:04:38', 7);
INSERT INTO `sys_oper_log` VALUES (301, '岗位管理', 3, 'com.ruoyi.web.controller.system.SysPostController.remove()', 'DELETE', 1, 'admin', '研发部门', '/system/post/1', '127.0.0.1', '内网IP', '{}', NULL, 1, '董事长已分配,不能删除', '2023-12-15 15:04:40', 3);
INSERT INTO `sys_oper_log` VALUES (302, '岗位管理', 1, 'com.ruoyi.web.controller.system.SysPostController.add()', 'POST', 1, 'admin', '研发部门', '/system/post', '127.0.0.1', '内网IP', '{\"createBy\":\"admin\",\"flag\":false,\"params\":{},\"postCode\":\"001\",\"postId\":5,\"postName\":\"店长\",\"postSort\":1,\"status\":\"0\"}', '{\"msg\":\"操作成功\",\"code\":200}', 0, NULL, '2023-12-15 15:05:01', 9);
INSERT INTO `sys_oper_log` VALUES (303, '岗位管理', 1, 'com.ruoyi.web.controller.system.SysPostController.add()', 'POST', 1, 'admin', '研发部门', '/system/post', '127.0.0.1', '内网IP', '{\"createBy\":\"admin\",\"flag\":false,\"params\":{},\"postCode\":\"002\",\"postId\":6,\"postName\":\"店员\",\"postSort\":2,\"status\":\"0\"}', '{\"msg\":\"操作成功\",\"code\":200}', 0, NULL, '2023-12-15 15:05:51', 7);
INSERT INTO `sys_oper_log` VALUES (304, '岗位管理', 1, 'com.ruoyi.web.controller.system.SysPostController.add()', 'POST', 1, 'admin', '研发部门', '/system/post', '127.0.0.1', '内网IP', '{\"createBy\":\"admin\",\"flag\":false,\"params\":{},\"postCode\":\"003\",\"postId\":7,\"postName\":\"供货商\",\"postSort\":3,\"status\":\"0\"}', '{\"msg\":\"操作成功\",\"code\":200}', 0, NULL, '2023-12-15 15:06:22', 8);
INSERT INTO `sys_oper_log` VALUES (305, '部门管理', 1, 'com.ruoyi.web.controller.system.SysDeptController.add()', 'POST', 1, 'admin', '研发部门', '/system/dept', '127.0.0.1', '内网IP', '{\"ancestors\":\"0,100,200\",\"children\":[],\"createBy\":\"admin\",\"deptName\":\"店铺管理员\",\"orderNum\":1,\"params\":{},\"parentId\":200,\"status\":\"0\"}', '{\"msg\":\"操作成功\",\"code\":200}', 0, NULL, '2023-12-15 15:08:47', 8);
INSERT INTO `sys_oper_log` VALUES (306, '部门管理', 2, 'com.ruoyi.web.controller.system.SysDeptController.edit()', 'PUT', 1, 'admin', '研发部门', '/system/dept', '127.0.0.1', '内网IP', '{\"ancestors\":\"0,100,200\",\"children\":[],\"deptId\":201,\"deptName\":\"收银部\",\"orderNum\":2,\"params\":{},\"parentId\":200,\"parentName\":\"湖南工业职业技术学院小店\",\"status\":\"0\",\"updateBy\":\"admin\"}', '{\"msg\":\"操作成功\",\"code\":200}', 0, NULL, '2023-12-15 15:08:58', 13);
INSERT INTO `sys_oper_log` VALUES (307, '用户管理', 1, 'com.ruoyi.web.controller.system.SysUserController.add()', 'POST', 1, 'admin', '研发部门', '/system/user', '127.0.0.1', '内网IP', '{\"admin\":false,\"createBy\":\"admin\",\"deptId\":204,\"nickName\":\"吴玉潇\",\"params\":{},\"phonenumber\":\"13099999999\",\"postIds\":[],\"roleIds\":[2],\"sex\":\"0\",\"status\":\"0\",\"userId\":100,\"userName\":\"wyx666\"}', '{\"msg\":\"操作成功\",\"code\":200}', 0, NULL, '2023-12-15 15:09:47', 81);
INSERT INTO `sys_oper_log` VALUES (308, '用户管理', 2, 'com.ruoyi.web.controller.system.SysUserController.edit()', 'PUT', 1, 'admin', '研发部门', '/system/user', '127.0.0.1', '内网IP', '{\"admin\":false,\"avatar\":\"\",\"createBy\":\"admin\",\"createTime\":\"2023-12-15 15:09:47\",\"delFlag\":\"0\",\"dept\":{\"ancestors\":\"0,100,200\",\"children\":[],\"deptId\":204,\"deptName\":\"店铺管理员\",\"orderNum\":1,\"params\":{},\"parentId\":200,\"status\":\"0\"},\"deptId\":204,\"email\":\"\",\"loginIp\":\"\",\"nickName\":\"吴玉潇\",\"params\":{},\"phonenumber\":\"13099999999\",\"postIds\":[],\"roleIds\":[2],\"roles\":[{\"admin\":false,\"dataScope\":\"2\",\"deptCheckStrictly\":false,\"flag\":false,\"menuCheckStrictly\":false,\"params\":{},\"roleId\":2,\"roleKey\":\"common\",\"roleName\":\"管理员\",\"roleSort\":2,\"status\":\"0\"}],\"sex\":\"0\",\"status\":\"0\",\"updateBy\":\"admin\",\"userId\":100,\"userName\":\"wyx666\"}', '{\"msg\":\"操作成功\",\"code\":200}', 0, NULL, '2023-12-15 15:10:00', 11);
INSERT INTO `sys_oper_log` VALUES (309, '商品', 1, 'com.ruoyi.controller.ProductController.add()', 'POST', 1, 'wyx666', '店铺管理员', '/supermarket/product', '192.168.1.122', '内网IP', '{\"categoryId\":\"d95fb2ae-06a7-4785-b34d-dc07cdfad32f\",\"params\":{},\"price\":123,\"productId\":\"6ce6a4c6-8a5b-4689-a22c-08d678b39fc5\",\"productName\":\"123\",\"stock\":0}', '{\"msg\":\"操作成功\",\"code\":200}', 0, NULL, '2023-12-15 15:23:09', 10);
INSERT INTO `sys_oper_log` VALUES (310, '商品', 3, 'com.ruoyi.controller.ProductController.remove()', 'DELETE', 1, 'wyx666', '店铺管理员', '/supermarket/product/6ce6a4c6-8a5b-4689-a22c-08d678b39fc5', '127.0.0.1', '内网IP', '{}', '{\"msg\":\"操作成功\",\"code\":200}', 0, NULL, '2023-12-15 15:35:57', 8);
INSERT INTO `sys_oper_log` VALUES (311, '用户管理', 1, 'com.ruoyi.web.controller.system.SysUserController.add()', 'POST', 1, 'admin', '研发部门', '/system/user', '127.0.0.1', '内网IP', '{\"admin\":false,\"createBy\":\"admin\",\"deptId\":204,\"nickName\":\"刘威\",\"params\":{},\"phonenumber\":\"13900000000\",\"postIds\":[5],\"roleIds\":[2],\"sex\":\"0\",\"status\":\"0\",\"userId\":101,\"userName\":\"liuwei\"}', '{\"msg\":\"操作成功\",\"code\":200}', 0, NULL, '2023-12-15 15:46:14', 88);
INSERT INTO `sys_oper_log` VALUES (312, '参数管理', 2, 'com.ruoyi.web.controller.system.SysConfigController.edit()', 'PUT', 1, 'admin', '研发部门', '/system/config', '127.0.0.1', '内网IP', '{\"configId\":5,\"configKey\":\"sys.account.registerUser\",\"configName\":\"账号自助-是否开启用户注册功能\",\"configType\":\"Y\",\"configValue\":\"true\",\"createBy\":\"admin\",\"createTime\":\"2023-12-14 15:19:51\",\"params\":{},\"remark\":\"是否开启注册用户功能（true开启，false关闭）\",\"updateBy\":\"admin\"}', '{\"msg\":\"操作成功\",\"code\":200}', 0, NULL, '2023-12-15 15:54:05', 12);
INSERT INTO `sys_oper_log` VALUES (313, '个人信息', 2, 'com.ruoyi.web.controller.system.SysProfileController.updateProfile()', 'PUT', 1, 'wyx666', '店铺管理员', '/system/user/profile', '192.168.1.120', '内网IP', '{\"admin\":false,\"email\":\"1123123232@qq.com\",\"nickName\":\"小鸡鸡\",\"params\":{},\"phonenumber\":\"13099999999\",\"sex\":\"0\"}', '{\"msg\":\"操作成功\",\"code\":200}', 0, NULL, '2023-12-15 16:08:15', 12);
INSERT INTO `sys_oper_log` VALUES (314, '个人信息', 2, 'com.ruoyi.web.controller.system.SysProfileController.updateProfile()', 'PUT', 1, 'wyx666', '店铺管理员', '/system/user/profile', '192.168.1.120', '内网IP', '{\"admin\":false,\"email\":\"8888888888@qq.com\",\"nickName\":\"小鸡鸡\",\"params\":{},\"phonenumber\":\"13099999999\",\"sex\":\"0\"}', '{\"msg\":\"操作成功\",\"code\":200}', 0, NULL, '2023-12-15 16:08:28', 8);
INSERT INTO `sys_oper_log` VALUES (315, '商品分类管理', 1, 'com.ruoyi.controller.CategoryController.add()', 'POST', 1, 'admin', '研发部门', '/supermarket/category', '127.0.0.1', '内网IP', '{\"categoryId\":\"301098cd-5ca5-4247-818d-3ab3ea901e45\",\"categoryName\":\"百货饰品\",\"createdAt\":\"2023-12-16 11:01:10.215\",\"params\":{},\"updatedAt\":\"2023-12-16 11:01:10.215\"}', '{\"msg\":\"操作成功\",\"code\":200}', 0, NULL, '2023-12-16 11:01:10', 28);
INSERT INTO `sys_oper_log` VALUES (316, '商品', 1, 'com.ruoyi.controller.ProductController.add()', 'POST', 1, 'admin', '研发部门', '/supermarket/product', '127.0.0.1', '内网IP', '{\"categoryId\":\"301098cd-5ca5-4247-818d-3ab3ea901e45\",\"imagePath\":\"/profile/upload/2023/12/16/1_20231216110245A002.jpg\",\"params\":{},\"price\":5.3,\"productId\":\"c7b19046-c550-4355-865c-c6449fcdb005\",\"productName\":\"新款圣杯摇摇乐 台湾潮汕圣杯钥匙扣 寺庙阴阳牌祈愿求福保佑吊饰\",\"stock\":0}', '{\"msg\":\"操作成功\",\"code\":200}', 0, NULL, '2023-12-16 11:02:47', 17);
INSERT INTO `sys_oper_log` VALUES (317, '商品', 1, 'com.ruoyi.controller.ProductController.add()', 'POST', 1, 'admin', '研发部门', '/supermarket/product', '127.0.0.1', '内网IP', '{\"categoryId\":\"301098cd-5ca5-4247-818d-3ab3ea901e45\",\"imagePath\":\"/profile/upload/2023/12/16/2_20231216110328A003.jpg\",\"params\":{},\"price\":19.9,\"productId\":\"d1ccc616-0c03-4aff-9bb7-58680e557fbe\",\"productName\":\"随手杯便携提绳运动杯子可印刷LOGO促销广告杯创意商务 玻璃杯批发\",\"stock\":0}', '{\"msg\":\"操作成功\",\"code\":200}', 0, NULL, '2023-12-16 11:03:29', 7);
INSERT INTO `sys_oper_log` VALUES (318, '商品', 1, 'com.ruoyi.controller.ProductController.add()', 'POST', 1, 'admin', '研发部门', '/supermarket/product', '127.0.0.1', '内网IP', '{\"categoryId\":\"301098cd-5ca5-4247-818d-3ab3ea901e45\",\"imagePath\":\"/profile/upload/2023/12/16/3_20231216110408A004.jpg\",\"params\":{},\"price\":3.8,\"productId\":\"c4f70f4e-d09e-4e0b-8ff1-9e3640b72e9b\",\"productName\":\"强人4333A挂板钥匙扣 弹簧汽车钥匙链 夜市地摊超市热销锁匙扣\",\"stock\":0}', '{\"msg\":\"操作成功\",\"code\":200}', 0, NULL, '2023-12-16 11:04:09', 6);
INSERT INTO `sys_oper_log` VALUES (319, '商品', 1, 'com.ruoyi.controller.ProductController.add()', 'POST', 1, 'admin', '研发部门', '/supermarket/product', '127.0.0.1', '内网IP', '{\"categoryId\":\"301098cd-5ca5-4247-818d-3ab3ea901e45\",\"imagePath\":\"/profile/upload/2023/12/16/4_20231216110450A005.jpg\",\"params\":{},\"price\":6.3,\"productId\":\"52fa0fbe-9089-4b76-9795-9172ad0b1216\",\"productName\":\"日用百货超市的批发吸水不沾油抹布洗碗布擦桌擦手百洁布清洁毛巾\",\"stock\":0}', '{\"msg\":\"操作成功\",\"code\":200}', 0, NULL, '2023-12-16 11:04:51', 6);
INSERT INTO `sys_oper_log` VALUES (320, '商品', 1, 'com.ruoyi.controller.ProductController.add()', 'POST', 1, 'admin', '研发部门', '/supermarket/product', '127.0.0.1', '内网IP', '{\"categoryId\":\"301098cd-5ca5-4247-818d-3ab3ea901e45\",\"imagePath\":\"/profile/upload/2023/12/16/5_20231216110524A006.jpg\",\"params\":{},\"price\":1.3,\"productId\":\"3d8bd0a2-0ee7-46d8-976a-9571385b6e32\",\"productName\":\"金属汽车钥匙配件带耳勺男士挂腰扣超市百货热销锁匙扣钥匙圈\",\"stock\":0}', '{\"msg\":\"操作成功\",\"code\":200}', 0, NULL, '2023-12-16 11:05:25', 9);
INSERT INTO `sys_oper_log` VALUES (321, '商品', 1, 'com.ruoyi.controller.ProductController.add()', 'POST', 1, 'admin', '研发部门', '/supermarket/product', '127.0.0.1', '内网IP', '{\"categoryId\":\"301098cd-5ca5-4247-818d-3ab3ea901e45\",\"imagePath\":\"/profile/upload/2023/12/16/6_20231216110609A007.jpg\",\"params\":{},\"price\":29,\"productId\":\"1b77b5ae-53d7-4fac-a59c-4ed08e9695f6\",\"productName\":\"桌面塑料三层首饰发饰收纳展示架可拆装亚克力手链手环收纳归位台\",\"stock\":0}', '{\"msg\":\"操作成功\",\"code\":200}', 0, NULL, '2023-12-16 11:06:10', 7);
INSERT INTO `sys_oper_log` VALUES (322, '商品', 1, 'com.ruoyi.controller.ProductController.add()', 'POST', 1, 'admin', '研发部门', '/supermarket/product', '127.0.0.1', '内网IP', '{\"categoryId\":\"301098cd-5ca5-4247-818d-3ab3ea901e45\",\"imagePath\":\"/profile/upload/2023/12/16/7_20231216110653A008.jpg\",\"params\":{},\"price\":2,\"productId\":\"33e04ff2-1799-45d8-bd6b-4a0822249790\",\"productName\":\"284黑桃梳精装美发梳2元一件批发超市日用百货货源热销饰品美妆梳\",\"stock\":0}', '{\"msg\":\"操作成功\",\"code\":200}', 0, NULL, '2023-12-16 11:06:54', 5);
INSERT INTO `sys_oper_log` VALUES (323, '商品', 1, 'com.ruoyi.controller.ProductController.add()', 'POST', 1, 'admin', '研发部门', '/supermarket/product', '127.0.0.1', '内网IP', '{\"categoryId\":\"301098cd-5ca5-4247-818d-3ab3ea901e45\",\"imagePath\":\"/profile/upload/2023/12/16/8_20231216110756A009.jpg\",\"params\":{},\"price\":3.99,\"productId\":\"9bd531fc-b0c8-4230-80b0-c24848e0a3ca\",\"productName\":\"热销女式优雅小清新碎花花朵小香风发箍头箍超市两元店发饰头饰品\",\"stock\":0}', '{\"msg\":\"操作成功\",\"code\":200}', 0, NULL, '2023-12-16 11:07:57', 7);
INSERT INTO `sys_oper_log` VALUES (324, '商品', 1, 'com.ruoyi.controller.ProductController.add()', 'POST', 1, 'admin', '研发部门', '/supermarket/product', '127.0.0.1', '内网IP', '{\"categoryId\":\"301098cd-5ca5-4247-818d-3ab3ea901e45\",\"imagePath\":\"/profile/upload/2023/12/16/9_20231216110859A010.jpg\",\"params\":{},\"price\":699,\"productId\":\"ee84ca64-5e3e-4f16-bb09-0b25a4e0bb83\",\"productName\":\"秀禾服新娘头饰中式古装大气金色凤冠流苏皇后大婚结婚发饰显脸小\",\"stock\":0}', '{\"msg\":\"操作成功\",\"code\":200}', 0, NULL, '2023-12-16 11:09:00', 6);
INSERT INTO `sys_oper_log` VALUES (325, '商品', 1, 'com.ruoyi.controller.ProductController.add()', 'POST', 1, 'admin', '研发部门', '/supermarket/product', '127.0.0.1', '内网IP', '{\"categoryId\":\"96871277-6c9d-4b11-8ff0-5b608473c905\",\"imagePath\":\"/profile/upload/2023/12/16/10_20231216111007A011.jpg\",\"params\":{},\"price\":38,\"productId\":\"09a66817-3d97-4893-868c-b1762ec19b43\",\"productName\":\"高颜值迷你电饭煲1-2人家用宿舍小型电饭锅不粘内胆\",\"stock\":0}', '{\"msg\":\"操作成功\",\"code\":200}', 0, NULL, '2023-12-16 11:10:09', 5);
INSERT INTO `sys_oper_log` VALUES (326, '商品', 1, 'com.ruoyi.controller.ProductController.add()', 'POST', 1, 'admin', '研发部门', '/supermarket/product', '127.0.0.1', '内网IP', '{\"categoryId\":\"96871277-6c9d-4b11-8ff0-5b608473c905\",\"imagePath\":\"/profile/upload/2023/12/16/11_20231216111042A012.jpg\",\"params\":{},\"price\":58.6,\"productId\":\"b42da347-4c64-474d-a0ca-c4c51ac64ff5\",\"productName\":\"电吹风机康夫5922家用理发店1900W发廊学生宿舍冷热吹风筒\",\"stock\":0}', '{\"msg\":\"操作成功\",\"code\":200}', 0, NULL, '2023-12-16 11:10:43', 6);
INSERT INTO `sys_oper_log` VALUES (327, '商品', 1, 'com.ruoyi.controller.ProductController.add()', 'POST', 1, 'admin', '研发部门', '/supermarket/product', '127.0.0.1', '内网IP', '{\"categoryId\":\"96871277-6c9d-4b11-8ff0-5b608473c905\",\"imagePath\":\"/profile/upload/2023/12/16/12_20231216111133A013.jpg\",\"params\":{},\"price\":98.3,\"productId\":\"0409d3a8-a4d5-4720-bbbc-d593b2a0da10\",\"productName\":\"康佳加湿器家用静音卧室雾化器空气加湿器桌面大容量香薰 加湿器\",\"stock\":0}', '{\"msg\":\"操作成功\",\"code\":200}', 0, NULL, '2023-12-16 11:11:36', 7);
INSERT INTO `sys_oper_log` VALUES (328, '商品', 1, 'com.ruoyi.controller.ProductController.add()', 'POST', 1, 'admin', '研发部门', '/supermarket/product', '127.0.0.1', '内网IP', '{\"categoryId\":\"f3d1769e-5a3f-4bd8-919e-e52528a72e8d\",\"imagePath\":\"/profile/upload/2023/12/16/13_20231216112333A014.jpg\",\"params\":{},\"price\":13.4,\"productId\":\"ca9fb273-e897-4d06-b47c-c442d92b8064\",\"productName\":\"健医师皮肤快康抑菌乳膏草本清爽滋润皮肤外用止痒软膏\",\"stock\":0}', '{\"msg\":\"操作成功\",\"code\":200}', 0, NULL, '2023-12-16 11:23:34', 5);
INSERT INTO `sys_oper_log` VALUES (329, '商品', 1, 'com.ruoyi.controller.ProductController.add()', 'POST', 1, 'admin', '研发部门', '/supermarket/product', '127.0.0.1', '内网IP', '{\"categoryId\":\"f3d1769e-5a3f-4bd8-919e-e52528a72e8d\",\"imagePath\":\"/profile/upload/2023/12/16/14_20231216112429A015.jpg\",\"params\":{},\"price\":7.6,\"productId\":\"8efa3213-1e34-40f0-8887-5850e03e9cd6\",\"productName\":\"香港医学研究院小儿退热贴儿童成人保健贴咳喘咽扁鼻塞感冒贴\",\"stock\":0}', '{\"msg\":\"操作成功\",\"code\":200}', 0, NULL, '2023-12-16 11:24:30', 6);
INSERT INTO `sys_oper_log` VALUES (330, '商品', 1, 'com.ruoyi.controller.ProductController.add()', 'POST', 1, 'admin', '研发部门', '/supermarket/product', '127.0.0.1', '内网IP', '{\"categoryId\":\"973fbb5a-8481-462e-9c78-d223c9602d45\",\"imagePath\":\"/profile/upload/2023/12/16/15_20231216112545A016.jpg\",\"params\":{},\"price\":15,\"productId\":\"a30a2fbf-fe80-48c5-aa19-391dcc9d1277\",\"productName\":\"MagSafe磁吸无线充电宝10000毫安迷你超级快充移动电源\",\"stock\":0}', '{\"msg\":\"操作成功\",\"code\":200}', 0, NULL, '2023-12-16 11:25:45', 7);
INSERT INTO `sys_oper_log` VALUES (331, '商品', 1, 'com.ruoyi.controller.ProductController.add()', 'POST', 1, 'admin', '研发部门', '/supermarket/product', '127.0.0.1', '内网IP', '{\"categoryId\":\"973fbb5a-8481-462e-9c78-d223c9602d45\",\"imagePath\":\"/profile/upload/2023/12/16/16_20231216112633A017.jpg\",\"params\":{},\"price\":1.25,\"productId\":\"bc85ca8a-1f67-42a6-9e64-1e914673580b\",\"productName\":\"耳机一分二音频线电脑耳麦二合一转接线红黑扁线款转接音频线3.5\",\"stock\":0}', '{\"msg\":\"操作成功\",\"code\":200}', 0, NULL, '2023-12-16 11:26:34', 6);
INSERT INTO `sys_oper_log` VALUES (332, '商品', 1, 'com.ruoyi.controller.ProductController.add()', 'POST', 1, 'admin', '研发部门', '/supermarket/product', '127.0.0.1', '内网IP', '{\"categoryId\":\"973fbb5a-8481-462e-9c78-d223c9602d45\",\"imagePath\":\"/profile/upload/2023/12/16/17_20231216112717A018.jpg\",\"params\":{},\"price\":4.3,\"productId\":\"9428de72-0c8e-4863-980a-e20d864d5b76\",\"productName\":\"凡亚比 安卓数据线弯头 v8充电线micro手机usb快充3a\",\"stock\":0}', '{\"msg\":\"操作成功\",\"code\":200}', 0, NULL, '2023-12-16 11:27:18', 5);
INSERT INTO `sys_oper_log` VALUES (333, '商品', 1, 'com.ruoyi.controller.ProductController.add()', 'POST', 1, 'admin', '研发部门', '/supermarket/product', '127.0.0.1', '内网IP', '{\"categoryId\":\"d95fb2ae-06a7-4785-b34d-dc07cdfad32f\",\"imagePath\":\"/profile/upload/2023/12/16/18_20231216112831A019.jpg\",\"params\":{},\"price\":188,\"productId\":\"7e23d381-1c6e-402f-b155-5fb5fda89693\",\"productName\":\"200克纯棉男士长袖t恤春秋季潮流宽松豆绿色打底衫重磅秋衣男装上\",\"stock\":0}', '{\"msg\":\"操作成功\",\"code\":200}', 0, NULL, '2023-12-16 11:28:32', 6);
INSERT INTO `sys_oper_log` VALUES (334, '商品', 1, 'com.ruoyi.controller.ProductController.add()', 'POST', 1, 'admin', '研发部门', '/supermarket/product', '127.0.0.1', '内网IP', '{\"categoryId\":\"d95fb2ae-06a7-4785-b34d-dc07cdfad32f\",\"imagePath\":\"/profile/upload/2023/12/16/19_20231216112902A020.jpg\",\"params\":{},\"price\":231,\"productId\":\"9d1bdffa-02bf-4c7d-9003-27cf1756f3c7\",\"productName\":\"高领卫衣男女立领NASA上衣情侣装潮牌套头春秋季2023日系长袖外套\",\"stock\":0}', '{\"msg\":\"操作成功\",\"code\":200}', 0, NULL, '2023-12-16 11:29:03', 6);
INSERT INTO `sys_oper_log` VALUES (335, '商品', 1, 'com.ruoyi.controller.ProductController.add()', 'POST', 1, 'admin', '研发部门', '/supermarket/product', '127.0.0.1', '内网IP', '{\"categoryId\":\"d95fb2ae-06a7-4785-b34d-dc07cdfad32f\",\"imagePath\":\"/profile/upload/2023/12/16/20_20231216112936A021.jpg\",\"params\":{},\"price\":75,\"productId\":\"b8c1f69e-5d73-4b4d-a504-1022a06d2d2e\",\"productName\":\" 2023夏季新款中国风纯色衬衣男式盘扣立领薄款修身短袖衬 衫大码男\",\"stock\":0}', '{\"msg\":\"操作成功\",\"code\":200}', 0, NULL, '2023-12-16 11:29:37', 5);
INSERT INTO `sys_oper_log` VALUES (336, '商品', 1, 'com.ruoyi.controller.ProductController.add()', 'POST', 1, 'admin', '研发部门', '/supermarket/product', '127.0.0.1', '内网IP', '{\"categoryId\":\"d95fb2ae-06a7-4785-b34d-dc07cdfad32f\",\"imagePath\":\"/profile/upload/2023/12/16/21_20231216113023A022.jpg\",\"params\":{},\"price\":159,\"productId\":\"eddfcafd-6ca2-4aa9-a9ee-e794843017f9\",\"productName\":\"纯棉男士卫衣长袖秋季2023新款卫衣圆领男生美式情侣装上 衣潮\",\"stock\":0}', '{\"msg\":\"操作成功\",\"code\":200}', 0, NULL, '2023-12-16 11:30:23', 5);
INSERT INTO `sys_oper_log` VALUES (337, '供货记录', 1, 'com.ruoyi.controller.SupplyRecordController.add()', 'POST', 1, 'admin', '研发部门', '/supermarket/supplyRecord', '127.0.0.1', '内网IP', '{\"createdAt\":\"2023-12-16 11:33:53.508\",\"params\":{},\"productId\":\"559b4554-a995-49e1-b6bc-a29f24c7ca4f\",\"recordId\":\"3193f7bc-4a21-4ba8-ad82-aef0f6f2e941\",\"supplierId\":\"e4e94bee-857b-4893-a264-a91379307fa9\",\"supplyQuantity\":100,\"supplyTime\":\"2023-12-16 00:00:00\",\"updatedAt\":\"2023-12-16 11:33:53.508\"}', '{\"msg\":\"操作成功\",\"code\":200}', 0, NULL, '2023-12-16 11:33:53', 32);
INSERT INTO `sys_oper_log` VALUES (338, '供货记录', 1, 'com.ruoyi.controller.SupplyRecordController.add()', 'POST', 1, 'admin', '研发部门', '/supermarket/supplyRecord', '127.0.0.1', '内网IP', '{\"createdAt\":\"2023-12-16 11:35:01.281\",\"params\":{},\"productId\":\"bc85ca8a-1f67-42a6-9e64-1e914673580b\",\"recordId\":\"bd3fc76a-d538-4d6a-beeb-028530b7f4e3\",\"supplierId\":\"e4e94bee-857b-4893-a264-a91379307fa9\",\"supplyQuantity\":200,\"supplyTime\":\"2023-12-16 00:00:00\",\"updatedAt\":\"2023-12-16 11:35:01.281\"}', '{\"msg\":\"操作成功\",\"code\":200}', 0, NULL, '2023-12-16 11:35:01', 8);
INSERT INTO `sys_oper_log` VALUES (339, '供货记录', 1, 'com.ruoyi.controller.SupplyRecordController.add()', 'POST', 1, 'admin', '研发部门', '/supermarket/supplyRecord', '127.0.0.1', '内网IP', '{\"createdAt\":\"2023-12-16 11:35:27.878\",\"params\":{},\"productId\":\"51a43610-9301-4150-9277-3a0c9fbaae17\",\"recordId\":\"7ef75f26-7437-4c37-9198-2b737109828d\",\"supplierId\":\"e4e94bee-857b-4893-a264-a91379307fa9\",\"supplyQuantity\":50,\"supplyTime\":\"2023-12-16 00:00:00\",\"updatedAt\":\"2023-12-16 11:35:27.878\"}', '{\"msg\":\"操作成功\",\"code\":200}', 0, NULL, '2023-12-16 11:35:27', 19);
INSERT INTO `sys_oper_log` VALUES (340, '供货记录', 1, 'com.ruoyi.controller.SupplyRecordController.add()', 'POST', 1, 'admin', '研发部门', '/supermarket/supplyRecord', '127.0.0.1', '内网IP', '{\"createdAt\":\"2023-12-16 11:35:47.582\",\"params\":{},\"productId\":\"9428de72-0c8e-4863-980a-e20d864d5b76\",\"recordId\":\"7f1f74b2-4eca-41b5-89f3-5e09f0fbc997\",\"supplierId\":\"e4e94bee-857b-4893-a264-a91379307fa9\",\"supplyQuantity\":1000,\"supplyTime\":\"2023-12-16 00:00:00\",\"updatedAt\":\"2023-12-16 11:35:47.582\"}', '{\"msg\":\"操作成功\",\"code\":200}', 0, NULL, '2023-12-16 11:35:47', 9);
INSERT INTO `sys_oper_log` VALUES (341, '商品分类管理', 2, 'com.ruoyi.controller.CategoryController.edit()', 'PUT', 1, 'admin', '研发部门', '/supermarket/category', '127.0.0.1', '内网IP', '{\"categoryId\":\"301098cd-5ca5-4247-818d-3ab3ea901e45\",\"categoryName\":\"百货饰品\",\"createdAt\":\"2023-12-16 11:01:10\",\"params\":{},\"updatedAt\":\"2023-12-17 09:57:49.042\"}', '{\"msg\":\"操作成功\",\"code\":200}', 0, NULL, '2023-12-17 09:57:49', 13);
INSERT INTO `sys_oper_log` VALUES (342, '商品', 1, 'com.ruoyi.controller.ProductController.add()', 'POST', 1, 'admin', '研发部门', '/supermarket/product', '127.0.0.1', '内网IP', '{\"categoryId\":\"301098cd-5ca5-4247-818d-3ab3ea901e45\",\"imagePath\":\"/profile/upload/2023/12/17/00016-2372822254_20231217100538A001.png\",\"params\":{},\"price\":123,\"productId\":\"8c8223ed-6aad-4e1d-92f2-1a5f62aae3c4\",\"productName\":\"123\",\"stock\":0}', '{\"msg\":\"操作成功\",\"code\":200}', 0, NULL, '2023-12-17 10:05:39', 9);
INSERT INTO `sys_oper_log` VALUES (343, '商品', 3, 'com.ruoyi.controller.ProductController.remove()', 'DELETE', 1, 'admin', '研发部门', '/supermarket/product/8c8223ed-6aad-4e1d-92f2-1a5f62aae3c4', '127.0.0.1', '内网IP', '{}', '{\"msg\":\"操作成功\",\"code\":200}', 0, NULL, '2023-12-17 10:05:46', 14);
INSERT INTO `sys_oper_log` VALUES (344, '代码生成', 6, 'com.ruoyi.generator.controller.GenController.importTableSave()', 'POST', 1, 'admin', '研发部门', '/tool/gen/importTable', '127.0.0.1', '内网IP', '{\"tables\":\"revenue_statistics,transaction_record\"}', '{\"msg\":\"操作成功\",\"code\":200}', 0, NULL, '2023-12-17 10:09:04', 65);
INSERT INTO `sys_oper_log` VALUES (345, '菜单管理', 1, 'com.ruoyi.web.controller.system.SysMenuController.add()', 'POST', 1, 'admin', '研发部门', '/system/menu', '127.0.0.1', '内网IP', '{\"children\":[],\"createBy\":\"admin\",\"icon\":\"money\",\"isCache\":\"0\",\"isFrame\":\"1\",\"menuName\":\"交易\",\"menuType\":\"M\",\"orderNum\":13,\"params\":{},\"parentId\":0,\"path\":\"transactionRecord\",\"status\":\"0\",\"visible\":\"0\"}', '{\"msg\":\"操作成功\",\"code\":200}', 0, NULL, '2023-12-17 10:16:07', 10);
INSERT INTO `sys_oper_log` VALUES (346, '菜单管理', 2, 'com.ruoyi.web.controller.system.SysMenuController.edit()', 'PUT', 1, 'admin', '研发部门', '/system/menu', '127.0.0.1', '内网IP', '{\"children\":[],\"createTime\":\"2023-12-17 10:16:07\",\"icon\":\"money\",\"isCache\":\"0\",\"isFrame\":\"1\",\"menuId\":2051,\"menuName\":\"交易\",\"menuType\":\"M\",\"orderNum\":12,\"params\":{},\"parentId\":0,\"path\":\"transactionRecord\",\"perms\":\"\",\"status\":\"0\",\"updateBy\":\"admin\",\"visible\":\"0\"}', '{\"msg\":\"操作成功\",\"code\":200}', 0, NULL, '2023-12-17 10:16:12', 5);
INSERT INTO `sys_oper_log` VALUES (347, '代码生成', 2, 'com.ruoyi.generator.controller.GenController.editSave()', 'PUT', 1, 'admin', '研发部门', '/tool/gen', '127.0.0.1', '内网IP', '{\"businessName\":\"transactionRecord\",\"className\":\"TransactionRecord\",\"columns\":[{\"capJavaField\":\"RecordId\",\"columnComment\":\"记录ID\",\"columnId\":37,\"columnName\":\"record_id\",\"columnType\":\"varchar(36)\",\"createBy\":\"admin\",\"createTime\":\"2023-12-17 10:09:04\",\"dictType\":\"\",\"edit\":false,\"htmlType\":\"input\",\"increment\":false,\"insert\":true,\"isIncrement\":\"0\",\"isInsert\":\"1\",\"isPk\":\"1\",\"isRequired\":\"0\",\"javaField\":\"recordId\",\"javaType\":\"String\",\"list\":false,\"params\":{},\"pk\":true,\"query\":false,\"queryType\":\"EQ\",\"required\":false,\"sort\":1,\"superColumn\":false,\"tableId\":6,\"updateBy\":\"\",\"usableColumn\":false},{\"capJavaField\":\"ProductId\",\"columnComment\":\"商品ID\",\"columnId\":38,\"columnName\":\"product_id\",\"columnType\":\"varchar(36)\",\"createBy\":\"admin\",\"createTime\":\"2023-12-17 10:09:04\",\"dictType\":\"\",\"edit\":false,\"htmlType\":\"input\",\"increment\":false,\"insert\":true,\"isEdit\":\"0\",\"isIncrement\":\"0\",\"isInsert\":\"1\",\"isList\":\"1\",\"isPk\":\"0\",\"isQuery\":\"1\",\"isRequired\":\"0\",\"javaField\":\"productId\",\"javaType\":\"String\",\"list\":true,\"params\":{},\"pk\":false,\"query\":true,\"queryType\":\"LIKE\",\"required\":false,\"sort\":2,\"superColumn\":false,\"tableId\":6,\"updateBy\":\"\",\"usableColumn\":false},{\"capJavaField\":\"Quantity\",\"columnComment\":\"商品数量\",\"columnId\":39,\"columnName\":\"quantity\",\"columnType\":\"int\",\"createBy\":\"admin\",\"createTime\":\"2023-12-17 10:09:04\",\"dictType\":\"\",\"edit\":false,\"htmlType\":\"input\",\"increment\":false,\"insert\":true,\"isEdit\":\"0\",\"isIncrement\":\"0\",\"isInsert\":\"1\",\"isList\":\"1\",\"isPk\":\"0\",\"isQuery\":\"1\",\"isRequired\":\"0\",\"javaField\":\"quantity\",\"javaType\":\"Long\",\"list\":true,\"params\":{},\"pk\":false,\"query\":true,\"queryType\":\"BETWEEN\",\"required\":false,\"sort\":3,\"superColumn\":false,\"tableId\":6,\"updateBy\":\"\",\"usableColumn\":false},{\"capJavaField\":\"TransactionTime\",\"columnComment\":\"交易时间\",\"columnId\":40,\"columnName\":\"transaction_time\",\"columnType\":\"timestamp\",\"createBy\":\"admin\",\"createTime\":\"2023-12-17 10:09:04\",\"dictType\":\"\",\"edit\":false,\"htmlType\":\"datetime\",\"increment\":false,\"insert\":true,\"isEdit\":\"0\",\"isIncrement\":\"0\",\"isInsert\":\"1\"', '{\"msg\":\"操作成功\",\"code\":200}', 0, NULL, '2023-12-17 10:17:57', 20);
INSERT INTO `sys_oper_log` VALUES (348, '代码生成', 8, 'com.ruoyi.generator.controller.GenController.batchGenCode()', 'GET', 1, 'admin', '研发部门', '/tool/gen/batchGenCode', '127.0.0.1', '内网IP', '{\"tables\":\"transaction_record\"}', NULL, 0, NULL, '2023-12-17 10:18:01', 122);
INSERT INTO `sys_oper_log` VALUES (349, '供应商管理', 5, 'com.ruoyi.controller.SupplierController.export()', 'POST', 1, 'admin', '研发部门', '/supermarket/supplier/export', '127.0.0.1', '内网IP', '{\"pageSize\":\"10\",\"pageNum\":\"1\"}', NULL, 0, NULL, '2023-12-17 10:37:53', 542);
INSERT INTO `sys_oper_log` VALUES (350, '商品', 5, 'com.ruoyi.controller.ProductController.export()', 'POST', 1, 'admin', '研发部门', '/supermarket/product/export', '127.0.0.1', '内网IP', '{\"pageSize\":\"10\",\"pageNum\":\"1\"}', NULL, 0, NULL, '2023-12-17 10:38:09', 25);
INSERT INTO `sys_oper_log` VALUES (351, '代码生成', 2, 'com.ruoyi.generator.controller.GenController.editSave()', 'PUT', 1, 'admin', '研发部门', '/tool/gen', '127.0.0.1', '内网IP', '{\"businessName\":\"revenueStatistics\",\"className\":\"RevenueStatistics\",\"columns\":[{\"capJavaField\":\"StatId\",\"columnComment\":\"统计ID\",\"columnId\":29,\"columnName\":\"stat_id\",\"columnType\":\"varchar(36)\",\"createBy\":\"admin\",\"createTime\":\"2023-12-17 10:09:04\",\"dictType\":\"\",\"edit\":false,\"htmlType\":\"input\",\"increment\":false,\"insert\":true,\"isIncrement\":\"0\",\"isInsert\":\"1\",\"isPk\":\"1\",\"isRequired\":\"0\",\"javaField\":\"statId\",\"javaType\":\"String\",\"list\":false,\"params\":{},\"pk\":true,\"query\":false,\"queryType\":\"EQ\",\"required\":false,\"sort\":1,\"superColumn\":false,\"tableId\":5,\"updateBy\":\"\",\"usableColumn\":false},{\"capJavaField\":\"Date\",\"columnComment\":\"日期\",\"columnId\":30,\"columnName\":\"date\",\"columnType\":\"date\",\"createBy\":\"admin\",\"createTime\":\"2023-12-17 10:09:04\",\"dictType\":\"\",\"edit\":false,\"htmlType\":\"datetime\",\"increment\":false,\"insert\":true,\"isEdit\":\"0\",\"isIncrement\":\"0\",\"isInsert\":\"1\",\"isList\":\"1\",\"isPk\":\"0\",\"isQuery\":\"1\",\"isRequired\":\"0\",\"javaField\":\"date\",\"javaType\":\"Date\",\"list\":true,\"params\":{},\"pk\":false,\"query\":true,\"queryType\":\"EQ\",\"required\":false,\"sort\":2,\"superColumn\":false,\"tableId\":5,\"updateBy\":\"\",\"usableColumn\":false},{\"capJavaField\":\"TotalSales\",\"columnComment\":\"总销售额\",\"columnId\":31,\"columnName\":\"total_sales\",\"columnType\":\"decimal(10,2)\",\"createBy\":\"admin\",\"createTime\":\"2023-12-17 10:09:04\",\"dictType\":\"\",\"edit\":false,\"htmlType\":\"input\",\"increment\":false,\"insert\":true,\"isEdit\":\"0\",\"isIncrement\":\"0\",\"isInsert\":\"1\",\"isList\":\"1\",\"isPk\":\"0\",\"isQuery\":\"0\",\"isRequired\":\"0\",\"javaField\":\"totalSales\",\"javaType\":\"BigDecimal\",\"list\":true,\"params\":{},\"pk\":false,\"query\":false,\"queryType\":\"EQ\",\"required\":false,\"sort\":3,\"superColumn\":false,\"tableId\":5,\"updateBy\":\"\",\"usableColumn\":false},{\"capJavaField\":\"TotalExpenses\",\"columnComment\":\"总支出\",\"columnId\":32,\"columnName\":\"total_expenses\",\"columnType\":\"decimal(10,2)\",\"createBy\":\"admin\",\"createTime\":\"2023-12-17 10:09:04\",\"dictType\":\"\",\"edit\":false,\"htmlType\":\"input\",\"increment\":false,\"insert\":false,\"isEdit\":\"0\",\"isIncrement\":\"0\",\"isInsert\":\"0\",\"isList\":\"0\",\"i', '{\"msg\":\"操作成功\",\"code\":200}', 0, NULL, '2023-12-17 11:30:01', 48);
INSERT INTO `sys_oper_log` VALUES (352, '代码生成', 8, 'com.ruoyi.generator.controller.GenController.batchGenCode()', 'GET', 1, 'admin', '研发部门', '/tool/gen/batchGenCode', '127.0.0.1', '内网IP', '{\"tables\":\"revenue_statistics\"}', NULL, 0, NULL, '2023-12-17 11:30:05', 37);
INSERT INTO `sys_oper_log` VALUES (353, '代码生成', 2, 'com.ruoyi.generator.controller.GenController.editSave()', 'PUT', 1, 'admin', '研发部门', '/tool/gen', '127.0.0.1', '内网IP', '{\"businessName\":\"revenueStatistics\",\"className\":\"RevenueStatistics\",\"columns\":[{\"capJavaField\":\"StatId\",\"columnComment\":\"统计ID\",\"columnId\":29,\"columnName\":\"stat_id\",\"columnType\":\"varchar(36)\",\"createBy\":\"admin\",\"createTime\":\"2023-12-17 10:09:04\",\"dictType\":\"\",\"edit\":false,\"htmlType\":\"input\",\"increment\":false,\"insert\":true,\"isIncrement\":\"0\",\"isInsert\":\"1\",\"isPk\":\"1\",\"isRequired\":\"0\",\"javaField\":\"statId\",\"javaType\":\"String\",\"list\":false,\"params\":{},\"pk\":true,\"query\":false,\"queryType\":\"EQ\",\"required\":false,\"sort\":1,\"superColumn\":false,\"tableId\":5,\"updateBy\":\"\",\"updateTime\":\"2023-12-17 11:30:00\",\"usableColumn\":false},{\"capJavaField\":\"Date\",\"columnComment\":\"日期\",\"columnId\":30,\"columnName\":\"date\",\"columnType\":\"date\",\"createBy\":\"admin\",\"createTime\":\"2023-12-17 10:09:04\",\"dictType\":\"\",\"edit\":false,\"htmlType\":\"datetime\",\"increment\":false,\"insert\":true,\"isEdit\":\"0\",\"isIncrement\":\"0\",\"isInsert\":\"1\",\"isList\":\"1\",\"isPk\":\"0\",\"isQuery\":\"1\",\"isRequired\":\"0\",\"javaField\":\"date\",\"javaType\":\"Date\",\"list\":true,\"params\":{},\"pk\":false,\"query\":true,\"queryType\":\"EQ\",\"required\":false,\"sort\":2,\"superColumn\":false,\"tableId\":5,\"updateBy\":\"\",\"updateTime\":\"2023-12-17 11:30:00\",\"usableColumn\":false},{\"capJavaField\":\"TotalSales\",\"columnComment\":\"总销售额\",\"columnId\":31,\"columnName\":\"total_sales\",\"columnType\":\"decimal(10,2)\",\"createBy\":\"admin\",\"createTime\":\"2023-12-17 10:09:04\",\"dictType\":\"\",\"edit\":false,\"htmlType\":\"input\",\"increment\":false,\"insert\":true,\"isEdit\":\"0\",\"isIncrement\":\"0\",\"isInsert\":\"1\",\"isList\":\"1\",\"isPk\":\"0\",\"isQuery\":\"0\",\"isRequired\":\"0\",\"javaField\":\"totalSales\",\"javaType\":\"BigDecimal\",\"list\":true,\"params\":{},\"pk\":false,\"query\":false,\"queryType\":\"EQ\",\"required\":false,\"sort\":3,\"superColumn\":false,\"tableId\":5,\"updateBy\":\"\",\"updateTime\":\"2023-12-17 11:30:00\",\"usableColumn\":false},{\"capJavaField\":\"TotalExpenses\",\"columnComment\":\"总支出\",\"columnId\":32,\"columnName\":\"total_expenses\",\"columnType\":\"decimal(10,2)\",\"createBy\":\"admin\",\"createTime\":\"2023-12-17 10:09:04\",\"dictType\":\"\",\"edit\":false,\"htmlTyp', '{\"msg\":\"操作成功\",\"code\":200}', 0, NULL, '2023-12-17 11:37:43', 29);
INSERT INTO `sys_oper_log` VALUES (354, '代码生成', 2, 'com.ruoyi.generator.controller.GenController.editSave()', 'PUT', 1, 'admin', '研发部门', '/tool/gen', '127.0.0.1', '内网IP', '{\"businessName\":\"revenueStatistics\",\"className\":\"RevenueStatistics\",\"columns\":[{\"capJavaField\":\"StatId\",\"columnComment\":\"统计ID\",\"columnId\":29,\"columnName\":\"stat_id\",\"columnType\":\"varchar(36)\",\"createBy\":\"admin\",\"createTime\":\"2023-12-17 10:09:04\",\"dictType\":\"\",\"edit\":false,\"htmlType\":\"input\",\"increment\":false,\"insert\":true,\"isIncrement\":\"0\",\"isInsert\":\"1\",\"isPk\":\"1\",\"isRequired\":\"0\",\"javaField\":\"statId\",\"javaType\":\"String\",\"list\":false,\"params\":{},\"pk\":true,\"query\":false,\"queryType\":\"EQ\",\"required\":false,\"sort\":1,\"superColumn\":false,\"tableId\":5,\"updateBy\":\"\",\"updateTime\":\"2023-12-17 11:37:43\",\"usableColumn\":false},{\"capJavaField\":\"Date\",\"columnComment\":\"日期\",\"columnId\":30,\"columnName\":\"date\",\"columnType\":\"date\",\"createBy\":\"admin\",\"createTime\":\"2023-12-17 10:09:04\",\"dictType\":\"\",\"edit\":false,\"htmlType\":\"datetime\",\"increment\":false,\"insert\":true,\"isEdit\":\"0\",\"isIncrement\":\"0\",\"isInsert\":\"1\",\"isList\":\"1\",\"isPk\":\"0\",\"isQuery\":\"1\",\"isRequired\":\"0\",\"javaField\":\"date\",\"javaType\":\"Date\",\"list\":true,\"params\":{},\"pk\":false,\"query\":true,\"queryType\":\"EQ\",\"required\":false,\"sort\":2,\"superColumn\":false,\"tableId\":5,\"updateBy\":\"\",\"updateTime\":\"2023-12-17 11:37:43\",\"usableColumn\":false},{\"capJavaField\":\"TotalSales\",\"columnComment\":\"总销售额\",\"columnId\":31,\"columnName\":\"total_sales\",\"columnType\":\"decimal(10,2)\",\"createBy\":\"admin\",\"createTime\":\"2023-12-17 10:09:04\",\"dictType\":\"\",\"edit\":false,\"htmlType\":\"input\",\"increment\":false,\"insert\":true,\"isEdit\":\"0\",\"isIncrement\":\"0\",\"isInsert\":\"1\",\"isList\":\"1\",\"isPk\":\"0\",\"isQuery\":\"0\",\"isRequired\":\"0\",\"javaField\":\"totalSales\",\"javaType\":\"BigDecimal\",\"list\":true,\"params\":{},\"pk\":false,\"query\":false,\"queryType\":\"EQ\",\"required\":false,\"sort\":3,\"superColumn\":false,\"tableId\":5,\"updateBy\":\"\",\"updateTime\":\"2023-12-17 11:37:43\",\"usableColumn\":false},{\"capJavaField\":\"TotalExpenses\",\"columnComment\":\"总支出\",\"columnId\":32,\"columnName\":\"total_expenses\",\"columnType\":\"decimal(10,2)\",\"createBy\":\"admin\",\"createTime\":\"2023-12-17 10:09:04\",\"dictType\":\"\",\"edit\":false,\"htmlTyp', '{\"msg\":\"操作成功\",\"code\":200}', 0, NULL, '2023-12-17 11:37:51', 19);
INSERT INTO `sys_oper_log` VALUES (355, '代码生成', 8, 'com.ruoyi.generator.controller.GenController.batchGenCode()', 'GET', 1, 'admin', '研发部门', '/tool/gen/batchGenCode', '127.0.0.1', '内网IP', '{\"tables\":\"revenue_statistics\"}', NULL, 0, NULL, '2023-12-17 11:38:03', 27);
INSERT INTO `sys_oper_log` VALUES (356, '营收统计', 5, 'com.ruoyi.controller.RevenueStatisticsController.export()', 'POST', 1, 'admin', '研发部门', '/supermarket/revenueStatistics/export', '127.0.0.1', '内网IP', '{\"pageSize\":\"10\",\"pageNum\":\"1\"}', NULL, 0, NULL, '2023-12-17 11:43:00', 590);
INSERT INTO `sys_oper_log` VALUES (357, '代码生成', 2, 'com.ruoyi.generator.controller.GenController.editSave()', 'PUT', 1, 'admin', '研发部门', '/tool/gen', '127.0.0.1', '内网IP', '{\"businessName\":\"revenueStatistics\",\"className\":\"RevenueStatistics\",\"columns\":[{\"capJavaField\":\"StatId\",\"columnComment\":\"统计ID\",\"columnId\":29,\"columnName\":\"stat_id\",\"columnType\":\"varchar(36)\",\"createBy\":\"admin\",\"createTime\":\"2023-12-17 10:09:04\",\"dictType\":\"\",\"edit\":false,\"htmlType\":\"input\",\"increment\":false,\"insert\":true,\"isIncrement\":\"0\",\"isInsert\":\"1\",\"isPk\":\"1\",\"isRequired\":\"0\",\"javaField\":\"statId\",\"javaType\":\"String\",\"list\":false,\"params\":{},\"pk\":true,\"query\":false,\"queryType\":\"EQ\",\"required\":false,\"sort\":1,\"superColumn\":false,\"tableId\":5,\"updateBy\":\"\",\"updateTime\":\"2023-12-17 11:37:51\",\"usableColumn\":false},{\"capJavaField\":\"Date\",\"columnComment\":\"日期\",\"columnId\":30,\"columnName\":\"date\",\"columnType\":\"date\",\"createBy\":\"admin\",\"createTime\":\"2023-12-17 10:09:04\",\"dictType\":\"\",\"edit\":false,\"htmlType\":\"datetime\",\"increment\":false,\"insert\":true,\"isEdit\":\"0\",\"isIncrement\":\"0\",\"isInsert\":\"1\",\"isList\":\"1\",\"isPk\":\"0\",\"isQuery\":\"1\",\"isRequired\":\"0\",\"javaField\":\"date\",\"javaType\":\"Date\",\"list\":true,\"params\":{},\"pk\":false,\"query\":true,\"queryType\":\"BETWEEN\",\"required\":false,\"sort\":2,\"superColumn\":false,\"tableId\":5,\"updateBy\":\"\",\"updateTime\":\"2023-12-17 11:37:51\",\"usableColumn\":false},{\"capJavaField\":\"TotalSales\",\"columnComment\":\"总销售额\",\"columnId\":31,\"columnName\":\"total_sales\",\"columnType\":\"decimal(10,2)\",\"createBy\":\"admin\",\"createTime\":\"2023-12-17 10:09:04\",\"dictType\":\"\",\"edit\":false,\"htmlType\":\"input\",\"increment\":false,\"insert\":true,\"isEdit\":\"0\",\"isIncrement\":\"0\",\"isInsert\":\"1\",\"isList\":\"1\",\"isPk\":\"0\",\"isQuery\":\"0\",\"isRequired\":\"0\",\"javaField\":\"totalSales\",\"javaType\":\"BigDecimal\",\"list\":true,\"params\":{},\"pk\":false,\"query\":false,\"queryType\":\"EQ\",\"required\":false,\"sort\":3,\"superColumn\":false,\"tableId\":5,\"updateBy\":\"\",\"updateTime\":\"2023-12-17 11:37:51\",\"usableColumn\":false},{\"capJavaField\":\"TotalExpenses\",\"columnComment\":\"总支出\",\"columnId\":32,\"columnName\":\"total_expenses\",\"columnType\":\"decimal(10,2)\",\"createBy\":\"admin\",\"createTime\":\"2023-12-17 10:09:04\",\"dictType\":\"\",\"edit\":false,\"ht', '{\"msg\":\"操作成功\",\"code\":200}', 0, NULL, '2023-12-17 11:46:10', 71);
INSERT INTO `sys_oper_log` VALUES (358, '用户管理', 2, 'com.ruoyi.web.controller.system.SysUserController.changeStatus()', 'PUT', 1, 'admin', '研发部门', '/system/user/changeStatus', '127.0.0.1', '内网IP', '{\"admin\":false,\"params\":{},\"status\":\"1\",\"updateBy\":\"admin\",\"userId\":100}', '{\"msg\":\"操作成功\",\"code\":200}', 0, NULL, '2023-12-18 09:12:11', 8);
INSERT INTO `sys_oper_log` VALUES (359, '用户管理', 2, 'com.ruoyi.web.controller.system.SysUserController.changeStatus()', 'PUT', 1, 'admin', '研发部门', '/system/user/changeStatus', '127.0.0.1', '内网IP', '{\"admin\":false,\"params\":{},\"status\":\"0\",\"updateBy\":\"admin\",\"userId\":100}', '{\"msg\":\"操作成功\",\"code\":200}', 0, NULL, '2023-12-18 09:12:13', 4);
INSERT INTO `sys_oper_log` VALUES (360, '菜单管理', 2, 'com.ruoyi.web.controller.system.SysMenuController.edit()', 'PUT', 1, 'admin', '研发部门', '/system/menu', '127.0.0.1', '内网IP', '{\"children\":[],\"createTime\":\"2023-12-14 15:19:50\",\"icon\":\"monitor\",\"isCache\":\"0\",\"isFrame\":\"1\",\"menuId\":2,\"menuName\":\"系统监控\",\"menuType\":\"M\",\"orderNum\":2,\"params\":{},\"parentId\":0,\"path\":\"monitor\",\"perms\":\"\",\"query\":\"\",\"status\":\"1\",\"updateBy\":\"admin\",\"visible\":\"0\"}', '{\"msg\":\"操作成功\",\"code\":200}', 0, NULL, '2023-12-18 09:36:10', 23);
INSERT INTO `sys_oper_log` VALUES (361, '菜单管理', 2, 'com.ruoyi.web.controller.system.SysMenuController.edit()', 'PUT', 1, 'admin', '研发部门', '/system/menu', '127.0.0.1', '内网IP', '{\"children\":[],\"createTime\":\"2023-12-14 15:19:50\",\"icon\":\"monitor\",\"isCache\":\"0\",\"isFrame\":\"1\",\"menuId\":2,\"menuName\":\"系统监控\",\"menuType\":\"M\",\"orderNum\":2,\"params\":{},\"parentId\":0,\"path\":\"monitor\",\"perms\":\"\",\"query\":\"\",\"status\":\"0\",\"updateBy\":\"admin\",\"visible\":\"0\"}', '{\"msg\":\"操作成功\",\"code\":200}', 0, NULL, '2023-12-18 09:36:24', 8);
INSERT INTO `sys_oper_log` VALUES (362, '菜单管理', 1, 'com.ruoyi.web.controller.system.SysMenuController.add()', 'POST', 1, 'admin', '研发部门', '/system/menu', '127.0.0.1', '内网IP', '{\"children\":[],\"createBy\":\"admin\",\"icon\":\"star\",\"isCache\":\"0\",\"isFrame\":\"1\",\"menuName\":\"收银台\",\"menuType\":\"M\",\"orderNum\":13,\"params\":{},\"parentId\":0,\"path\":\"checkstand\",\"status\":\"0\",\"visible\":\"0\"}', '{\"msg\":\"操作成功\",\"code\":200}', 0, NULL, '2023-12-19 08:57:12', 10);
INSERT INTO `sys_oper_log` VALUES (363, '代码生成', 2, 'com.ruoyi.generator.controller.GenController.editSave()', 'PUT', 1, 'admin', '研发部门', '/tool/gen', '127.0.0.1', '内网IP', '{\"businessName\":\"checkstand\",\"className\":\"TransactionRecord\",\"columns\":[{\"capJavaField\":\"RecordId\",\"columnComment\":\"记录ID\",\"columnId\":37,\"columnName\":\"record_id\",\"columnType\":\"varchar(36)\",\"createBy\":\"admin\",\"createTime\":\"2023-12-17 10:09:04\",\"dictType\":\"\",\"edit\":false,\"htmlType\":\"input\",\"increment\":false,\"insert\":true,\"isIncrement\":\"0\",\"isInsert\":\"1\",\"isPk\":\"1\",\"isRequired\":\"0\",\"javaField\":\"recordId\",\"javaType\":\"String\",\"list\":false,\"params\":{},\"pk\":true,\"query\":false,\"queryType\":\"EQ\",\"required\":false,\"sort\":1,\"superColumn\":false,\"tableId\":6,\"updateBy\":\"\",\"updateTime\":\"2023-12-17 10:17:57\",\"usableColumn\":false},{\"capJavaField\":\"ProductId\",\"columnComment\":\"商品ID\",\"columnId\":38,\"columnName\":\"product_id\",\"columnType\":\"varchar(36)\",\"createBy\":\"admin\",\"createTime\":\"2023-12-17 10:09:04\",\"dictType\":\"\",\"edit\":false,\"htmlType\":\"input\",\"increment\":false,\"insert\":true,\"isEdit\":\"0\",\"isIncrement\":\"0\",\"isInsert\":\"1\",\"isList\":\"1\",\"isPk\":\"0\",\"isQuery\":\"1\",\"isRequired\":\"0\",\"javaField\":\"productId\",\"javaType\":\"String\",\"list\":true,\"params\":{},\"pk\":false,\"query\":true,\"queryType\":\"LIKE\",\"required\":false,\"sort\":2,\"superColumn\":false,\"tableId\":6,\"updateBy\":\"\",\"updateTime\":\"2023-12-17 10:17:57\",\"usableColumn\":false},{\"capJavaField\":\"Quantity\",\"columnComment\":\"商品数量\",\"columnId\":39,\"columnName\":\"quantity\",\"columnType\":\"int\",\"createBy\":\"admin\",\"createTime\":\"2023-12-17 10:09:04\",\"dictType\":\"\",\"edit\":false,\"htmlType\":\"input\",\"increment\":false,\"insert\":true,\"isEdit\":\"0\",\"isIncrement\":\"0\",\"isInsert\":\"1\",\"isList\":\"1\",\"isPk\":\"0\",\"isQuery\":\"1\",\"isRequired\":\"0\",\"javaField\":\"quantity\",\"javaType\":\"Long\",\"list\":true,\"params\":{},\"pk\":false,\"query\":true,\"queryType\":\"BETWEEN\",\"required\":false,\"sort\":3,\"superColumn\":false,\"tableId\":6,\"updateBy\":\"\",\"updateTime\":\"2023-12-17 10:17:57\",\"usableColumn\":false},{\"capJavaField\":\"TransactionTime\",\"columnComment\":\"交易时间\",\"columnId\":40,\"columnName\":\"transaction_time\",\"columnType\":\"timestamp\",\"createBy\":\"admin\",\"createTime\":\"2023-12-17 10:09:04\",\"dictType\":\"\",\"edit\":false,\"', '{\"msg\":\"操作成功\",\"code\":200}', 0, NULL, '2023-12-19 08:58:36', 31);
INSERT INTO `sys_oper_log` VALUES (364, '代码生成', 8, 'com.ruoyi.generator.controller.GenController.batchGenCode()', 'GET', 1, 'admin', '研发部门', '/tool/gen/batchGenCode', '127.0.0.1', '内网IP', '{\"tables\":\"transaction_record\"}', NULL, 0, NULL, '2023-12-19 08:58:43', 109);
INSERT INTO `sys_oper_log` VALUES (365, '菜单管理', 3, 'com.ruoyi.web.controller.system.SysMenuController.remove()', 'DELETE', 1, 'admin', '研发部门', '/system/menu/2066', '127.0.0.1', '内网IP', '{}', '{\"msg\":\"操作成功\",\"code\":200}', 0, NULL, '2023-12-19 09:02:03', 14);
INSERT INTO `sys_oper_log` VALUES (366, '菜单管理', 3, 'com.ruoyi.web.controller.system.SysMenuController.remove()', 'DELETE', 1, 'admin', '研发部门', '/system/menu/2065', '127.0.0.1', '内网IP', '{}', '{\"msg\":\"存在子菜单,不允许删除\",\"code\":601}', 0, NULL, '2023-12-19 09:02:04', 5);
INSERT INTO `sys_oper_log` VALUES (367, '菜单管理', 3, 'com.ruoyi.web.controller.system.SysMenuController.remove()', 'DELETE', 1, 'admin', '研发部门', '/system/menu/2067', '127.0.0.1', '内网IP', '{}', '{\"msg\":\"操作成功\",\"code\":200}', 0, NULL, '2023-12-19 09:02:06', 9);
INSERT INTO `sys_oper_log` VALUES (368, '菜单管理', 3, 'com.ruoyi.web.controller.system.SysMenuController.remove()', 'DELETE', 1, 'admin', '研发部门', '/system/menu/2068', '127.0.0.1', '内网IP', '{}', '{\"msg\":\"操作成功\",\"code\":200}', 0, NULL, '2023-12-19 09:02:07', 8);
INSERT INTO `sys_oper_log` VALUES (369, '菜单管理', 3, 'com.ruoyi.web.controller.system.SysMenuController.remove()', 'DELETE', 1, 'admin', '研发部门', '/system/menu/2069', '127.0.0.1', '内网IP', '{}', '{\"msg\":\"操作成功\",\"code\":200}', 0, NULL, '2023-12-19 09:02:09', 9);
INSERT INTO `sys_oper_log` VALUES (370, '菜单管理', 3, 'com.ruoyi.web.controller.system.SysMenuController.remove()', 'DELETE', 1, 'admin', '研发部门', '/system/menu/2070', '127.0.0.1', '内网IP', '{}', '{\"msg\":\"操作成功\",\"code\":200}', 0, NULL, '2023-12-19 09:02:10', 8);
INSERT INTO `sys_oper_log` VALUES (371, '代码生成', 2, 'com.ruoyi.generator.controller.GenController.editSave()', 'PUT', 1, 'admin', '研发部门', '/tool/gen', '127.0.0.1', '内网IP', '{\"businessName\":\"revenueStatistics\",\"className\":\"TransactionRecord\",\"columns\":[{\"capJavaField\":\"RecordId\",\"columnComment\":\"记录ID\",\"columnId\":37,\"columnName\":\"record_id\",\"columnType\":\"varchar(36)\",\"createBy\":\"admin\",\"createTime\":\"2023-12-17 10:09:04\",\"dictType\":\"\",\"edit\":false,\"htmlType\":\"input\",\"increment\":false,\"insert\":true,\"isIncrement\":\"0\",\"isInsert\":\"1\",\"isPk\":\"1\",\"isRequired\":\"0\",\"javaField\":\"recordId\",\"javaType\":\"String\",\"list\":false,\"params\":{},\"pk\":true,\"query\":false,\"queryType\":\"EQ\",\"required\":false,\"sort\":1,\"superColumn\":false,\"tableId\":6,\"updateBy\":\"\",\"updateTime\":\"2023-12-19 08:58:36\",\"usableColumn\":false},{\"capJavaField\":\"ProductId\",\"columnComment\":\"商品ID\",\"columnId\":38,\"columnName\":\"product_id\",\"columnType\":\"varchar(36)\",\"createBy\":\"admin\",\"createTime\":\"2023-12-17 10:09:04\",\"dictType\":\"\",\"edit\":false,\"htmlType\":\"input\",\"increment\":false,\"insert\":true,\"isEdit\":\"0\",\"isIncrement\":\"0\",\"isInsert\":\"1\",\"isList\":\"1\",\"isPk\":\"0\",\"isQuery\":\"1\",\"isRequired\":\"0\",\"javaField\":\"productId\",\"javaType\":\"String\",\"list\":true,\"params\":{},\"pk\":false,\"query\":true,\"queryType\":\"LIKE\",\"required\":false,\"sort\":2,\"superColumn\":false,\"tableId\":6,\"updateBy\":\"\",\"updateTime\":\"2023-12-19 08:58:36\",\"usableColumn\":false},{\"capJavaField\":\"Quantity\",\"columnComment\":\"商品数量\",\"columnId\":39,\"columnName\":\"quantity\",\"columnType\":\"int\",\"createBy\":\"admin\",\"createTime\":\"2023-12-17 10:09:04\",\"dictType\":\"\",\"edit\":false,\"htmlType\":\"input\",\"increment\":false,\"insert\":true,\"isEdit\":\"0\",\"isIncrement\":\"0\",\"isInsert\":\"1\",\"isList\":\"1\",\"isPk\":\"0\",\"isQuery\":\"1\",\"isRequired\":\"0\",\"javaField\":\"quantity\",\"javaType\":\"Long\",\"list\":true,\"params\":{},\"pk\":false,\"query\":true,\"queryType\":\"BETWEEN\",\"required\":false,\"sort\":3,\"superColumn\":false,\"tableId\":6,\"updateBy\":\"\",\"updateTime\":\"2023-12-19 08:58:36\",\"usableColumn\":false},{\"capJavaField\":\"TransactionTime\",\"columnComment\":\"交易时间\",\"columnId\":40,\"columnName\":\"transaction_time\",\"columnType\":\"timestamp\",\"createBy\":\"admin\",\"createTime\":\"2023-12-17 10:09:04\",\"dictType\":\"\",\"edit\":', '{\"msg\":\"操作成功\",\"code\":200}', 0, NULL, '2023-12-19 09:05:31', 19);
INSERT INTO `sys_oper_log` VALUES (372, '代码生成', 8, 'com.ruoyi.generator.controller.GenController.batchGenCode()', 'GET', 1, 'admin', '研发部门', '/tool/gen/batchGenCode', '127.0.0.1', '内网IP', '{\"tables\":\"transaction_record\"}', NULL, 0, NULL, '2023-12-19 09:05:43', 27);
INSERT INTO `sys_oper_log` VALUES (373, '代码生成', 2, 'com.ruoyi.generator.controller.GenController.editSave()', 'PUT', 1, 'admin', '研发部门', '/tool/gen', '127.0.0.1', '内网IP', '{\"businessName\":\"checkstand\",\"className\":\"TransactionRecord\",\"columns\":[{\"capJavaField\":\"RecordId\",\"columnComment\":\"记录ID\",\"columnId\":37,\"columnName\":\"record_id\",\"columnType\":\"varchar(36)\",\"createBy\":\"admin\",\"createTime\":\"2023-12-17 10:09:04\",\"dictType\":\"\",\"edit\":false,\"htmlType\":\"input\",\"increment\":false,\"insert\":true,\"isIncrement\":\"0\",\"isInsert\":\"1\",\"isPk\":\"1\",\"isRequired\":\"0\",\"javaField\":\"recordId\",\"javaType\":\"String\",\"list\":false,\"params\":{},\"pk\":true,\"query\":false,\"queryType\":\"EQ\",\"required\":false,\"sort\":1,\"superColumn\":false,\"tableId\":6,\"updateBy\":\"\",\"updateTime\":\"2023-12-19 09:05:31\",\"usableColumn\":false},{\"capJavaField\":\"ProductId\",\"columnComment\":\"商品ID\",\"columnId\":38,\"columnName\":\"product_id\",\"columnType\":\"varchar(36)\",\"createBy\":\"admin\",\"createTime\":\"2023-12-17 10:09:04\",\"dictType\":\"\",\"edit\":false,\"htmlType\":\"input\",\"increment\":false,\"insert\":true,\"isEdit\":\"0\",\"isIncrement\":\"0\",\"isInsert\":\"1\",\"isList\":\"1\",\"isPk\":\"0\",\"isQuery\":\"1\",\"isRequired\":\"0\",\"javaField\":\"productId\",\"javaType\":\"String\",\"list\":true,\"params\":{},\"pk\":false,\"query\":true,\"queryType\":\"LIKE\",\"required\":false,\"sort\":2,\"superColumn\":false,\"tableId\":6,\"updateBy\":\"\",\"updateTime\":\"2023-12-19 09:05:31\",\"usableColumn\":false},{\"capJavaField\":\"Quantity\",\"columnComment\":\"商品数量\",\"columnId\":39,\"columnName\":\"quantity\",\"columnType\":\"int\",\"createBy\":\"admin\",\"createTime\":\"2023-12-17 10:09:04\",\"dictType\":\"\",\"edit\":false,\"htmlType\":\"input\",\"increment\":false,\"insert\":true,\"isEdit\":\"0\",\"isIncrement\":\"0\",\"isInsert\":\"1\",\"isList\":\"1\",\"isPk\":\"0\",\"isQuery\":\"1\",\"isRequired\":\"0\",\"javaField\":\"quantity\",\"javaType\":\"Long\",\"list\":true,\"params\":{},\"pk\":false,\"query\":true,\"queryType\":\"BETWEEN\",\"required\":false,\"sort\":3,\"superColumn\":false,\"tableId\":6,\"updateBy\":\"\",\"updateTime\":\"2023-12-19 09:05:31\",\"usableColumn\":false},{\"capJavaField\":\"TransactionTime\",\"columnComment\":\"交易时间\",\"columnId\":40,\"columnName\":\"transaction_time\",\"columnType\":\"timestamp\",\"createBy\":\"admin\",\"createTime\":\"2023-12-17 10:09:04\",\"dictType\":\"\",\"edit\":false,\"', '{\"msg\":\"操作成功\",\"code\":200}', 0, NULL, '2023-12-19 09:08:44', 15);
INSERT INTO `sys_oper_log` VALUES (374, '代码生成', 8, 'com.ruoyi.generator.controller.GenController.batchGenCode()', 'GET', 1, 'admin', '研发部门', '/tool/gen/batchGenCode', '127.0.0.1', '内网IP', '{\"tables\":\"transaction_record\"}', NULL, 0, NULL, '2023-12-19 09:08:50', 22);
INSERT INTO `sys_oper_log` VALUES (375, '商品', 2, 'com.ruoyi.controller.ProductController.edit()', 'PUT', 1, 'admin', '研发部门', '/supermarket/product', '127.0.0.1', '内网IP', '{\"categoryId\":\"973fbb5a-8481-462e-9c78-d223c9602d45\",\"imagePath\":\"/profile/upload/2023/12/15/01af665aa6a39da801206d96166904.jpg@3000w_1l_0o_100sh_20231215143939A007.jpg\",\"params\":{},\"price\":8999,\"productId\":\"b973b2f9-de4d-4fb4-b09a-bfdecbcba953\",\"productName\":\"尼康D750套机\",\"stock\":10}', '{\"msg\":\"操作成功\",\"code\":200}', 0, NULL, '2023-12-19 09:25:06', 11);
INSERT INTO `sys_oper_log` VALUES (376, '供货记录', 1, 'com.ruoyi.controller.SupplyRecordController.add()', 'POST', 1, 'admin', '研发部门', '/supermarket/supplyRecord', '127.0.0.1', '内网IP', '{\"createdAt\":\"2023-12-19 14:50:29.227\",\"params\":{},\"productId\":\"0409d3a8-a4d5-4720-bbbc-d593b2a0da10\",\"recordId\":\"01cd78a5-0500-4f5f-9cb4-ca0c72d7ebae\",\"supplierId\":\"e4e94bee-857b-4893-a264-a91379307fa9\",\"supplyQuantity\":1000,\"supplyTime\":\"2023-12-19 00:00:00\",\"updatedAt\":\"2023-12-19 14:50:29.227\"}', '{\"msg\":\"操作成功\",\"code\":200}', 0, NULL, '2023-12-19 14:50:29', 30);
INSERT INTO `sys_oper_log` VALUES (377, '供货记录', 1, 'com.ruoyi.controller.SupplyRecordController.add()', 'POST', 1, 'wyx666', '店铺管理员', '/supermarket/supplyRecord', '192.168.1.119', '内网IP', '{\"createdAt\":\"2023-12-19 15:05:49.668\",\"params\":{},\"productId\":\"0409d3a8-a4d5-4720-bbbc-d593b2a0da10\",\"recordId\":\"d80adeee-446c-424f-b627-98781f1698cd\",\"supplierId\":\"e4e94bee-857b-4893-a264-a91379307fa9\",\"supplyQuantity\":111,\"supplyTime\":\"2023-12-04 00:00:00\",\"updatedAt\":\"2023-12-19 15:05:49.668\"}', '{\"msg\":\"操作成功\",\"code\":200}', 0, NULL, '2023-12-19 15:05:49', 11);
INSERT INTO `sys_oper_log` VALUES (378, '供货记录', 1, 'com.ruoyi.controller.SupplyRecordController.add()', 'POST', 1, 'wyx666', '店铺管理员', '/supermarket/supplyRecord', '192.168.1.119', '内网IP', '{\"createdAt\":\"2023-12-19 15:06:19.785\",\"params\":{},\"productId\":\"0409d3a8-a4d5-4720-bbbc-d593b2a0da10\",\"recordId\":\"a5179619-1ac8-4438-8bd3-dd2910257ad1\",\"supplierId\":\"e4e94bee-857b-4893-a264-a91379307fa9\",\"supplyQuantity\":11,\"supplyTime\":\"2023-12-20 00:00:00\",\"updatedAt\":\"2023-12-19 15:06:19.785\"}', '{\"msg\":\"操作成功\",\"code\":200}', 0, NULL, '2023-12-19 15:06:19', 8);
INSERT INTO `sys_oper_log` VALUES (379, '供货记录', 1, 'com.ruoyi.controller.SupplyRecordController.add()', 'POST', 1, 'wyx666', '店铺管理员', '/supermarket/supplyRecord', '192.168.1.119', '内网IP', '{\"createdAt\":\"2023-12-19 16:20:44.347\",\"params\":{},\"productId\":\"0409d3a8-a4d5-4720-bbbc-d593b2a0da10\",\"recordId\":\"86684486-1941-4110-a137-becca524d54e\",\"supplierId\":\"e4e94bee-857b-4893-a264-a91379307fa9\",\"supplyQuantity\":11,\"supplyTime\":\"2023-12-28 00:00:00\",\"updatedAt\":\"2023-12-19 16:20:44.347\"}', '{\"msg\":\"操作成功\",\"code\":200}', 0, NULL, '2023-12-19 16:20:44', 27);
INSERT INTO `sys_oper_log` VALUES (380, '交易记录', 1, 'com.ruoyi.controller.TransactionRecordController.add()', 'POST', 1, 'admin', '研发部门', '/supermarket/transactionRecord', '127.0.0.1', '内网IP', '[{\"imagePath\":\"/profile/upload/2023/12/16/12_20231216111133A013.jpg\",\"params\":{},\"productId\":\"0409d3a8-a4d5-4720-bbbc-d593b2a0da10\",\"productName\":\"康佳加湿器家用静音卧室雾化器空气加湿器桌面大容量香薰 加湿器\"}]', NULL, 1, '', '2023-12-19 20:41:28', 9);
INSERT INTO `sys_oper_log` VALUES (381, '交易记录', 1, 'com.ruoyi.controller.TransactionRecordController.add()', 'POST', 1, 'admin', '研发部门', '/supermarket/transactionRecord', '127.0.0.1', '内网IP', '[{\"imagePath\":\"/profile/upload/2023/12/16/12_20231216111133A013.jpg\",\"params\":{},\"productId\":\"0409d3a8-a4d5-4720-bbbc-d593b2a0da10\",\"productName\":\"康佳加湿器家用静音卧室雾化器空气加湿器桌面大容量香薰 加湿器\"}]', NULL, 1, '', '2023-12-19 20:42:00', 0);
INSERT INTO `sys_oper_log` VALUES (382, '交易记录', 1, 'com.ruoyi.controller.TransactionRecordController.add()', 'POST', 1, 'admin', '研发部门', '/supermarket/transactionRecord', '127.0.0.1', '内网IP', '[]', '{\"msg\":\"操作成功\",\"code\":200}', 0, NULL, '2023-12-19 20:46:16', 5);
INSERT INTO `sys_oper_log` VALUES (383, '交易记录', 1, 'com.ruoyi.controller.TransactionRecordController.add()', 'POST', 1, 'admin', '研发部门', '/supermarket/transactionRecord', '127.0.0.1', '内网IP', '[]', '{\"msg\":\"操作成功\",\"code\":200}', 0, NULL, '2023-12-19 20:47:23', 5);
INSERT INTO `sys_oper_log` VALUES (384, '交易记录', 1, 'com.ruoyi.controller.TransactionRecordController.add()', 'POST', 1, 'admin', '研发部门', '/supermarket/transactionRecord', '127.0.0.1', '内网IP', '[]', '{\"msg\":\"操作成功\",\"code\":200}', 0, NULL, '2023-12-19 20:47:45', 1);
INSERT INTO `sys_oper_log` VALUES (385, '交易记录', 1, 'com.ruoyi.controller.TransactionRecordController.add()', 'POST', 1, 'admin', '研发部门', '/supermarket/transactionRecord', '127.0.0.1', '内网IP', '[]', '{\"msg\":\"操作成功\",\"code\":200}', 0, NULL, '2023-12-19 20:51:39', 1);
INSERT INTO `sys_oper_log` VALUES (386, '供货记录', 3, 'com.ruoyi.controller.SupplyRecordController.remove()', 'DELETE', 1, 'wyx666', '店铺管理员', '/supermarket/supplyRecord/01cd78a5-0500-4f5f-9cb4-ca0c72d7ebae', '192.168.1.119', '内网IP', '{}', '{\"msg\":\"操作成功\",\"code\":200}', 0, NULL, '2023-12-19 21:05:23', 20);
INSERT INTO `sys_oper_log` VALUES (387, '交易记录', 1, 'com.ruoyi.controller.TransactionRecordController.add()', 'POST', 1, 'admin', '研发部门', '/supermarket/transactionRecord', '127.0.0.1', '内网IP', '[]', '{\"msg\":\"操作成功\",\"code\":200}', 0, NULL, '2023-12-19 21:51:28', 0);
INSERT INTO `sys_oper_log` VALUES (388, '交易记录', 1, 'com.ruoyi.controller.TransactionRecordController.add()', 'POST', 1, 'admin', '研发部门', '/supermarket/transactionRecord', '127.0.0.1', '内网IP', '[]', '{\"msg\":\"操作成功\",\"code\":200}', 0, NULL, '2023-12-19 21:52:20', 1);
INSERT INTO `sys_oper_log` VALUES (389, '交易记录', 1, 'com.ruoyi.controller.TransactionRecordController.add()', 'POST', 1, 'admin', '研发部门', '/supermarket/transactionRecord', '127.0.0.1', '内网IP', '[]', '{\"msg\":\"操作成功\",\"code\":200}', 0, NULL, '2023-12-19 21:54:24', 0);
INSERT INTO `sys_oper_log` VALUES (390, '交易记录', 1, 'com.ruoyi.controller.TransactionRecordController.add()', 'POST', 1, 'admin', '研发部门', '/supermarket/transactionRecord', '127.0.0.1', '内网IP', '[]', '{\"msg\":\"操作成功\",\"code\":200}', 0, NULL, '2023-12-19 21:55:27', 1);
INSERT INTO `sys_oper_log` VALUES (391, '交易记录', 1, 'com.ruoyi.controller.TransactionRecordController.add()', 'POST', 1, 'admin', '研发部门', '/supermarket/transactionRecord', '127.0.0.1', '内网IP', '[]', '{\"msg\":\"操作成功\",\"code\":200}', 0, NULL, '2023-12-19 21:58:31', 0);
INSERT INTO `sys_oper_log` VALUES (392, '交易记录', 1, 'com.ruoyi.controller.TransactionRecordController.add()', 'POST', 1, 'admin', '研发部门', '/supermarket/transactionRecord', '127.0.0.1', '内网IP', '[]', '{\"msg\":\"操作成功\",\"code\":200}', 0, NULL, '2023-12-19 21:59:41', 5);
INSERT INTO `sys_oper_log` VALUES (393, '交易记录', 1, 'com.ruoyi.controller.TransactionRecordController.add()', 'POST', 1, 'admin', '研发部门', '/supermarket/transactionRecord', '127.0.0.1', '内网IP', '[{\"imagePath\":\"/profile/upload/2023/12/16/12_20231216111133A013.jpg\",\"params\":{},\"productId\":\"0409d3a8-a4d5-4720-bbbc-d593b2a0da10\",\"productName\":\"康佳加湿器家用静音卧室雾化器空气加湿器桌面大容量香薰 加湿器\"}]', NULL, 1, '', '2023-12-20 08:53:01', 9);
INSERT INTO `sys_oper_log` VALUES (394, '交易记录', 1, 'com.ruoyi.controller.TransactionRecordController.add()', 'POST', 1, 'admin', '研发部门', '/supermarket/transactionRecord', '127.0.0.1', '内网IP', '[{\"imagePath\":\"/profile/upload/2023/12/16/12_20231216111133A013.jpg\",\"params\":{},\"productId\":\"0409d3a8-a4d5-4720-bbbc-d593b2a0da10\",\"productName\":\"康佳加湿器家用静音卧室雾化器空气加湿器桌面大容量香薰 加湿器\"}]', NULL, 1, '', '2023-12-20 08:54:10', 0);
INSERT INTO `sys_oper_log` VALUES (395, '交易记录', 1, 'com.ruoyi.controller.TransactionRecordController.add()', 'POST', 1, 'admin', '研发部门', '/supermarket/transactionRecord', '127.0.0.1', '内网IP', '[{\"params\":{},\"productId\":\"0409d3a8-a4d5-4720-bbbc-d593b2a0da10\",\"quantity\":1,\"transactionAmount\":98.3}]', NULL, 1, '\r\n### Error updating database.  Cause: java.sql.SQLException: Field \'record_id\' doesn\'t have a default value\r\n### The error may exist in file [C:\\Users\\qiutu\\Desktop\\RuoYi-Vue-master\\RuoYi-Vue-master\\supermarket\\target\\classes\\mapper\\supermarket\\TransactionRecordMapper.xml]\r\n### The error may involve com.ruoyi.mapper.TransactionRecordMapper.insertTransactionRecord-Inline\r\n### The error occurred while setting parameters\r\n### SQL: insert into transaction_record          ( product_id,             quantity,                          transaction_amount )           values ( ?,             ?,                          ? )\r\n### Cause: java.sql.SQLException: Field \'record_id\' doesn\'t have a default value\n; Field \'record_id\' doesn\'t have a default value; nested exception is java.sql.SQLException: Field \'record_id\' doesn\'t have a default value', '2023-12-20 08:55:00', 34);
INSERT INTO `sys_oper_log` VALUES (396, '交易记录', 1, 'com.ruoyi.controller.TransactionRecordController.add()', 'POST', 1, 'admin', '研发部门', '/supermarket/transactionRecord', '127.0.0.1', '内网IP', '[{\"params\":{},\"productId\":\"0409d3a8-a4d5-4720-bbbc-d593b2a0da10\",\"quantity\":1,\"recordId\":\"c5b21dab29864e62bc66268261369b2c\",\"transactionAmount\":98.3}]', '{\"msg\":\"操作成功\",\"code\":200}', 0, NULL, '2023-12-20 08:57:15', 17);
INSERT INTO `sys_oper_log` VALUES (397, '交易记录', 1, 'com.ruoyi.controller.TransactionRecordController.add()', 'POST', 1, 'admin', '研发部门', '/supermarket/transactionRecord', '127.0.0.1', '内网IP', '[{\"params\":{},\"productId\":\"51a43610-9301-4150-9277-3a0c9fbaae17\",\"quantity\":1,\"recordId\":\"9c0011bfc30d4401ab215ecea5f3ce30\",\"transactionAmount\":199,\"transactionTime\":\"2023-12-20\"}]', '{\"msg\":\"操作成功\",\"code\":200}', 0, NULL, '2023-12-20 08:58:34', 91);
INSERT INTO `sys_oper_log` VALUES (398, '交易记录', 1, 'com.ruoyi.controller.TransactionRecordController.add()', 'POST', 1, 'admin', '研发部门', '/supermarket/transactionRecord', '127.0.0.1', '内网IP', '[{\"params\":{},\"productId\":\"51a43610-9301-4150-9277-3a0c9fbaae17\",\"quantity\":1,\"recordId\":\"024f464adf974a39854da87bc656ca3a\",\"transactionAmount\":199,\"transactionTime\":\"2023-12-20\"}]', '{\"msg\":\"操作成功\",\"code\":200}', 0, NULL, '2023-12-20 08:59:30', 5);
INSERT INTO `sys_oper_log` VALUES (399, '交易记录', 1, 'com.ruoyi.controller.TransactionRecordController.add()', 'POST', 1, 'admin', '研发部门', '/supermarket/transactionRecord', '127.0.0.1', '内网IP', '[{\"params\":{},\"productId\":\"0409d3a8-a4d5-4720-bbbc-d593b2a0da10\",\"quantity\":1,\"recordId\":\"c775e19430a344e2915dd64d245bdd57\",\"transactionAmount\":98.3,\"transactionTime\":\"2023-12-20\"}]', '{\"msg\":\"操作成功\",\"code\":200}', 0, NULL, '2023-12-20 08:59:43', 5);
INSERT INTO `sys_oper_log` VALUES (400, '交易记录', 1, 'com.ruoyi.controller.TransactionRecordController.add()', 'POST', 1, 'admin', '研发部门', '/supermarket/transactionRecord', '127.0.0.1', '内网IP', '[{\"params\":{},\"productId\":\"51a43610-9301-4150-9277-3a0c9fbaae17\",\"quantity\":1,\"recordId\":\"9c1aeeaca1494287b132f61b866c0a96\",\"transactionAmount\":199,\"transactionTime\":\"2023-12-20\"},{\"params\":{},\"productId\":\"559b4554-a995-49e1-b6bc-a29f24c7ca4f\",\"quantity\":1,\"recordId\":\"4074d5491bf743488335f23b88266b06\",\"transactionAmount\":30,\"transactionTime\":\"2023-12-20\"}]', '{\"msg\":\"操作成功\",\"code\":200}', 0, NULL, '2023-12-20 09:10:23', 9);
INSERT INTO `sys_oper_log` VALUES (401, '交易记录', 1, 'com.ruoyi.controller.TransactionRecordController.add()', 'POST', 1, 'admin', '研发部门', '/supermarket/transactionRecord', '127.0.0.1', '内网IP', '[{\"params\":{},\"productId\":\"0409d3a8-a4d5-4720-bbbc-d593b2a0da10\",\"quantity\":1,\"recordId\":\"42783fe64cf34eb7a5ab3c2fcb631563\",\"transactionAmount\":98.3,\"transactionTime\":\"2023-12-20\"},{\"params\":{},\"productId\":\"51a43610-9301-4150-9277-3a0c9fbaae17\",\"quantity\":1,\"recordId\":\"8587527c1d70446abbbaf552a624344c\",\"transactionAmount\":199,\"transactionTime\":\"2023-12-20\"}]', '{\"msg\":\"操作成功\",\"code\":200}', 0, NULL, '2023-12-20 09:23:57', 7);
INSERT INTO `sys_oper_log` VALUES (402, '交易记录', 1, 'com.ruoyi.controller.TransactionRecordController.add()', 'POST', 1, 'admin', '研发部门', '/supermarket/transactionRecord', '127.0.0.1', '内网IP', '[{\"params\":{},\"productId\":\"559b4554-a995-49e1-b6bc-a29f24c7ca4f\",\"quantity\":1,\"recordId\":\"63e523fb1e364f43a2e96fde191a5a45\",\"transactionAmount\":30,\"transactionTime\":\"2023-12-20\"}]', '{\"msg\":\"操作成功\",\"code\":200}', 0, NULL, '2023-12-20 09:31:32', 6);
INSERT INTO `sys_oper_log` VALUES (403, '交易记录', 1, 'com.ruoyi.controller.TransactionRecordController.add()', 'POST', 1, 'admin', '研发部门', '/supermarket/transactionRecord', '127.0.0.1', '内网IP', '[{\"params\":{},\"productId\":\"559b4554-a995-49e1-b6bc-a29f24c7ca4f\",\"quantity\":1,\"recordId\":\"612c872cfe864a6a83b32fbd239fa972\",\"transactionAmount\":30,\"transactionTime\":\"2023-12-20\"}]', '{\"msg\":\"操作成功\",\"code\":200}', 0, NULL, '2023-12-20 09:40:29', 41);
INSERT INTO `sys_oper_log` VALUES (404, '交易记录', 1, 'com.ruoyi.controller.TransactionRecordController.add()', 'POST', 1, 'admin', '研发部门', '/supermarket/transactionRecord', '127.0.0.1', '内网IP', '[{\"params\":{},\"productId\":\"0409d3a8-a4d5-4720-bbbc-d593b2a0da10\",\"quantity\":2,\"recordId\":\"8a9b0e5b7b094774a21d38cb0fb3efbb\",\"transactionAmount\":196.6,\"transactionTime\":\"2023-12-20\"}]', NULL, 1, 'nested exception is org.apache.ibatis.binding.BindingException: Parameter \'beginDate\' not found. Available parameters are [arg1, arg0, param1, param2]', '2023-12-20 10:25:20', 42);
INSERT INTO `sys_oper_log` VALUES (405, '交易记录', 1, 'com.ruoyi.controller.TransactionRecordController.add()', 'POST', 1, 'admin', '研发部门', '/supermarket/transactionRecord', '127.0.0.1', '内网IP', '[{\"params\":{},\"productId\":\"0409d3a8-a4d5-4720-bbbc-d593b2a0da10\",\"quantity\":2,\"recordId\":\"cebb632f77c74db69766b2f6412e22bd\",\"transactionAmount\":196.6,\"transactionTime\":\"2023-12-20\"}]', '{\"msg\":\"操作成功\",\"code\":200}', 0, NULL, '2023-12-20 10:26:26', 40);
INSERT INTO `sys_oper_log` VALUES (406, '交易记录', 1, 'com.ruoyi.controller.TransactionRecordController.add()', 'POST', 1, 'admin', '研发部门', '/supermarket/transactionRecord', '127.0.0.1', '内网IP', '[{\"params\":{},\"productId\":\"559b4554-a995-49e1-b6bc-a29f24c7ca4f\",\"quantity\":5,\"recordId\":\"57d9a560f48d4b4a924562e763b9a216\",\"transactionAmount\":150,\"transactionTime\":\"2023-12-20\"}]', '{\"msg\":\"操作成功\",\"code\":200}', 0, NULL, '2023-12-20 10:27:23', 20);
INSERT INTO `sys_oper_log` VALUES (407, '商品', 5, 'com.ruoyi.controller.ProductController.export()', 'POST', 1, 'admin', '研发部门', '/supermarket/product/export', '127.0.0.1', '内网IP', '{\"pageSize\":\"10\",\"pageNum\":\"1\"}', NULL, 0, NULL, '2023-12-20 12:31:56', 610);
INSERT INTO `sys_oper_log` VALUES (408, '角色管理', 2, 'com.ruoyi.web.controller.system.SysRoleController.edit()', 'PUT', 1, 'admin', '研发部门', '/system/role', '127.0.0.1', '内网IP', '{\"admin\":false,\"createTime\":\"2023-12-14 15:19:50\",\"dataScope\":\"2\",\"delFlag\":\"0\",\"deptCheckStrictly\":true,\"flag\":false,\"menuCheckStrictly\":true,\"menuIds\":[2000,2001,2002,2003,2004,2005,2006,2007,2008,2009,2010,2011,2012,2032,2033,2034,2035,2036,2037,2038,2045,2046,2047,2048,2049,2050,2051,2052,2053,2054,2055,2056,2057,2058,2059,2060,2061,2062,2063,2064,2065],\"params\":{},\"remark\":\"普通角色\",\"roleId\":2,\"roleKey\":\"common\",\"roleName\":\"管理员\",\"roleSort\":2,\"status\":\"0\",\"updateBy\":\"admin\"}', '{\"msg\":\"操作成功\",\"code\":200}', 0, NULL, '2023-12-20 13:01:15', 39);
INSERT INTO `sys_oper_log` VALUES (409, '交易记录', 1, 'com.ruoyi.controller.TransactionRecordController.add()', 'POST', 1, 'wyx666', '店铺管理员', '/supermarket/transactionRecord', '192.168.1.119', '内网IP', '[{\"params\":{},\"productId\":\"9428de72-0c8e-4863-980a-e20d864d5b76\",\"quantity\":4,\"recordId\":\"aa0bf558941947029a0d04a41a6dc6f7\",\"transactionAmount\":17.2,\"transactionTime\":\"2023-12-20\"}]', '{\"msg\":\"操作成功\",\"code\":200}', 0, NULL, '2023-12-20 13:04:03', 14);
INSERT INTO `sys_oper_log` VALUES (410, '营收统计', 5, 'com.ruoyi.controller.RevenueStatisticsController.export()', 'POST', 1, 'wyx666', '店铺管理员', '/supermarket/revenueStatistics/export', '127.0.0.1', '内网IP', '{\"pageSize\":\"10\",\"pageNum\":\"1\"}', NULL, 0, NULL, '2023-12-20 14:59:09', 499);
INSERT INTO `sys_oper_log` VALUES (411, '交易记录', 1, 'com.ruoyi.controller.TransactionRecordController.add()', 'POST', 1, 'wyx666', '店铺管理员', '/supermarket/transactionRecord', '127.0.0.1', '内网IP', '[{\"params\":{},\"productId\":\"0409d3a8-a4d5-4720-bbbc-d593b2a0da10\",\"quantity\":9,\"recordId\":\"927b8c1e5f0d4427aceb3910940a56c2\",\"transactionAmount\":884.6999999999999,\"transactionTime\":\"2023-12-20\"}]', '{\"msg\":\"操作成功\",\"code\":200}', 0, NULL, '2023-12-20 15:10:49', 45);
INSERT INTO `sys_oper_log` VALUES (412, '交易记录', 1, 'com.ruoyi.controller.TransactionRecordController.add()', 'POST', 1, 'wyx666', '店铺管理员', '/supermarket/transactionRecord', '127.0.0.1', '内网IP', '[{\"params\":{},\"productId\":\"0409d3a8-a4d5-4720-bbbc-d593b2a0da10\",\"quantity\":1,\"recordId\":\"6eda961b0ef64df1a882129f362e25b1\",\"transactionAmount\":98.3,\"transactionTime\":\"2023-12-20\"}]', '{\"msg\":\"操作成功\",\"code\":200}', 0, NULL, '2023-12-20 15:11:37', 19);
INSERT INTO `sys_oper_log` VALUES (413, '交易记录', 1, 'com.ruoyi.controller.TransactionRecordController.add()', 'POST', 1, 'wyx666', '店铺管理员', '/supermarket/transactionRecord', '127.0.0.1', '内网IP', '[{\"params\":{},\"productId\":\"0409d3a8-a4d5-4720-bbbc-d593b2a0da10\",\"quantity\":2,\"recordId\":\"021f421882f643b6979da4d1727a5acf\",\"transactionAmount\":196.6,\"transactionTime\":\"2023-12-20\"}]', '{\"msg\":\"操作成功\",\"code\":200}', 0, NULL, '2023-12-20 15:14:03', 36);
INSERT INTO `sys_oper_log` VALUES (414, '交易记录', 1, 'com.ruoyi.controller.TransactionRecordController.add()', 'POST', 1, 'wyx666', '店铺管理员', '/supermarket/transactionRecord', '127.0.0.1', '内网IP', '[{\"params\":{},\"productId\":\"0409d3a8-a4d5-4720-bbbc-d593b2a0da10\",\"quantity\":1,\"recordId\":\"fe6b767e6ec746818d377a4ac266c76d\",\"transactionAmount\":98.3,\"transactionTime\":\"2023-12-20\"}]', '{\"msg\":\"操作成功\",\"code\":200}', 0, NULL, '2023-12-20 15:15:40', 49);
INSERT INTO `sys_oper_log` VALUES (415, '交易记录', 1, 'com.ruoyi.controller.TransactionRecordController.add()', 'POST', 1, 'wyx666', '店铺管理员', '/supermarket/transactionRecord', '127.0.0.1', '内网IP', '[{\"params\":{},\"productId\":\"0409d3a8-a4d5-4720-bbbc-d593b2a0da10\",\"quantity\":1,\"recordId\":\"a169ba8d1a38427495500c4c55124914\",\"transactionAmount\":98.3,\"transactionTime\":\"2023-12-20\"}]', '{\"msg\":\"操作成功\",\"code\":200}', 0, NULL, '2023-12-20 15:19:41', 53);
INSERT INTO `sys_oper_log` VALUES (416, '交易记录', 1, 'com.ruoyi.controller.TransactionRecordController.add()', 'POST', 1, 'wyx666', '店铺管理员', '/supermarket/transactionRecord', '127.0.0.1', '内网IP', '[{\"params\":{},\"productId\":\"51a43610-9301-4150-9277-3a0c9fbaae17\",\"quantity\":1,\"recordId\":\"9e10496db6c5499494a043f6d315d83b\",\"transactionAmount\":199,\"transactionTime\":\"2023-12-20\"}]', '{\"msg\":\"操作成功\",\"code\":200}', 0, NULL, '2023-12-20 15:21:55', 48);
INSERT INTO `sys_oper_log` VALUES (417, '交易记录', 1, 'com.ruoyi.controller.TransactionRecordController.add()', 'POST', 1, 'wyx666', '店铺管理员', '/supermarket/transactionRecord', '127.0.0.1', '内网IP', '[{\"params\":{},\"productId\":\"0409d3a8-a4d5-4720-bbbc-d593b2a0da10\",\"quantity\":1,\"recordId\":\"c9fa33fb1c354bd6a0440feb9204e6b5\",\"transactionAmount\":98.3,\"transactionTime\":\"2023-12-20\"}]', '{\"msg\":\"操作成功\",\"code\":200}', 0, NULL, '2023-12-20 15:25:19', 59);
INSERT INTO `sys_oper_log` VALUES (418, '交易记录', 1, 'com.ruoyi.controller.TransactionRecordController.add()', 'POST', 1, 'wyx666', '店铺管理员', '/supermarket/transactionRecord', '127.0.0.1', '内网IP', '[{\"params\":{},\"productId\":\"0409d3a8-a4d5-4720-bbbc-d593b2a0da10\",\"quantity\":1,\"recordId\":\"c1d02e78b34b4fc88f2fbe0e3ecda7a6\",\"transactionAmount\":98.3,\"transactionTime\":\"2023-12-20\"}]', '{\"msg\":\"操作成功\",\"code\":200}', 0, NULL, '2023-12-20 15:25:54', 19);
INSERT INTO `sys_oper_log` VALUES (419, '交易记录', 1, 'com.ruoyi.controller.TransactionRecordController.add()', 'POST', 1, 'wyx666', '店铺管理员', '/supermarket/transactionRecord', '127.0.0.1', '内网IP', '[{\"params\":{},\"productId\":\"51a43610-9301-4150-9277-3a0c9fbaae17\",\"quantity\":1,\"recordId\":\"a1dac318bb6a4ae8a0dae18b3146e734\",\"transactionAmount\":199,\"transactionTime\":\"2023-12-20\"}]', '{\"msg\":\"操作成功\",\"code\":200}', 0, NULL, '2023-12-20 15:26:02', 17);
INSERT INTO `sys_oper_log` VALUES (420, '交易记录', 1, 'com.ruoyi.controller.TransactionRecordController.add()', 'POST', 1, 'wyx666', '店铺管理员', '/supermarket/transactionRecord', '127.0.0.1', '内网IP', '[{\"params\":{},\"productId\":\"51a43610-9301-4150-9277-3a0c9fbaae17\",\"quantity\":1,\"recordId\":\"b25a66a039304e9bb4fb0ef79bcdcd19\",\"transactionAmount\":199,\"transactionTime\":\"2023-12-20\"}]', '{\"msg\":\"操作成功\",\"code\":200}', 0, NULL, '2023-12-20 15:29:17', 54);
INSERT INTO `sys_oper_log` VALUES (421, '交易记录', 1, 'com.ruoyi.controller.TransactionRecordController.add()', 'POST', 1, 'wyx666', '店铺管理员', '/supermarket/transactionRecord', '127.0.0.1', '内网IP', '[{\"params\":{},\"productId\":\"0409d3a8-a4d5-4720-bbbc-d593b2a0da10\",\"quantity\":1,\"recordId\":\"587768e8f59d4562ab7b5b378f69cd68\",\"transactionAmount\":98.3,\"transactionTime\":\"2023-12-20\"}]', '{\"msg\":\"操作成功\",\"code\":200}', 0, NULL, '2023-12-20 15:30:06', 56);
INSERT INTO `sys_oper_log` VALUES (422, '交易记录', 1, 'com.ruoyi.controller.TransactionRecordController.add()', 'POST', 1, 'wyx666', '店铺管理员', '/supermarket/transactionRecord', '127.0.0.1', '内网IP', '[{\"params\":{},\"productId\":\"0409d3a8-a4d5-4720-bbbc-d593b2a0da10\",\"quantity\":1,\"recordId\":\"3af268f1a75e4a39a3b3afaff97412f7\",\"transactionAmount\":98.3,\"transactionTime\":\"2023-12-20\"}]', NULL, 1, 'nested exception is org.apache.ibatis.exceptions.TooManyResultsException: Expected one result (or null) to be returned by selectOne(), but found: 4', '2023-12-20 15:32:44', 60);
INSERT INTO `sys_oper_log` VALUES (423, '交易记录', 1, 'com.ruoyi.controller.TransactionRecordController.add()', 'POST', 1, 'wyx666', '店铺管理员', '/supermarket/transactionRecord', '127.0.0.1', '内网IP', '[{\"params\":{},\"productId\":\"0409d3a8-a4d5-4720-bbbc-d593b2a0da10\",\"quantity\":1,\"recordId\":\"59b4174607264bd986b36ffdf4ec4a5f\",\"transactionAmount\":98.3,\"transactionTime\":\"2023-12-20\"}]', '{\"msg\":\"操作成功\",\"code\":200}', 0, NULL, '2023-12-20 15:33:02', 19);
INSERT INTO `sys_oper_log` VALUES (424, '交易记录', 1, 'com.ruoyi.controller.TransactionRecordController.add()', 'POST', 1, 'wyx666', '店铺管理员', '/supermarket/transactionRecord', '127.0.0.1', '内网IP', '[{\"params\":{},\"productId\":\"0409d3a8-a4d5-4720-bbbc-d593b2a0da10\",\"quantity\":1,\"recordId\":\"5b495f1044b345f9b6992e62a0675742\",\"transactionAmount\":98.3,\"transactionTime\":\"2023-12-20\"}]', '{\"msg\":\"操作成功\",\"code\":200}', 0, NULL, '2023-12-20 15:33:10', 15);
INSERT INTO `sys_oper_log` VALUES (425, '交易记录', 1, 'com.ruoyi.controller.TransactionRecordController.add()', 'POST', 1, 'wyx666', '店铺管理员', '/supermarket/transactionRecord', '127.0.0.1', '内网IP', '[{\"params\":{},\"productId\":\"0409d3a8-a4d5-4720-bbbc-d593b2a0da10\",\"quantity\":1,\"recordId\":\"cba63e40f2a646f4817f98b70ee5192d\",\"transactionAmount\":98.3,\"transactionTime\":\"2023-12-20\"}]', '{\"msg\":\"操作成功\",\"code\":200}', 0, NULL, '2023-12-20 15:38:08', 60);
INSERT INTO `sys_oper_log` VALUES (426, '交易记录', 1, 'com.ruoyi.controller.TransactionRecordController.add()', 'POST', 1, 'wyx666', '店铺管理员', '/supermarket/transactionRecord', '127.0.0.1', '内网IP', '[{\"params\":{},\"productId\":\"b973b2f9-de4d-4fb4-b09a-bfdecbcba953\",\"quantity\":1,\"recordId\":\"2d42a4971917440c83cc58eadb7658c8\",\"transactionAmount\":8999,\"transactionTime\":\"2023-12-20\"}]', '{\"msg\":\"操作成功\",\"code\":200}', 0, NULL, '2023-12-20 15:38:54', 21);
INSERT INTO `sys_oper_log` VALUES (427, '商品分类管理', 1, 'com.ruoyi.controller.CategoryController.add()', 'POST', 1, 'wyx666', '店铺管理员', '/supermarket/category', '127.0.0.1', '内网IP', '{\"categoryId\":\"bdfbbd36-6198-4b85-8a6d-0a523ba9a429\",\"categoryName\":\"精品女装\",\"createdAt\":\"2023-12-20 16:28:44.240\",\"params\":{},\"updatedAt\":\"2023-12-20 16:28:44.240\"}', '{\"msg\":\"操作成功\",\"code\":200}', 0, NULL, '2023-12-20 16:28:44', 9);
INSERT INTO `sys_oper_log` VALUES (428, '商品分类管理', 1, 'com.ruoyi.controller.CategoryController.add()', 'POST', 1, 'wyx666', '店铺管理员', '/supermarket/category', '127.0.0.1', '内网IP', '{\"categoryId\":\"56e55c0a-28c1-49ff-8d16-f3c10fd9481a\",\"categoryName\":\"休闲零食\",\"createdAt\":\"2023-12-20 16:28:56.512\",\"params\":{},\"updatedAt\":\"2023-12-20 16:28:56.512\"}', '{\"msg\":\"操作成功\",\"code\":200}', 0, NULL, '2023-12-20 16:28:56', 5);
INSERT INTO `sys_oper_log` VALUES (429, '商品分类管理', 1, 'com.ruoyi.controller.CategoryController.add()', 'POST', 1, 'wyx666', '店铺管理员', '/supermarket/category', '127.0.0.1', '内网IP', '{\"categoryId\":\"6758d24a-597b-4917-8707-e3aec3aa4919\",\"categoryName\":\"儿童天地\",\"createdAt\":\"2023-12-20 16:29:17.406\",\"params\":{},\"updatedAt\":\"2023-12-20 16:29:17.406\"}', '{\"msg\":\"操作成功\",\"code\":200}', 0, NULL, '2023-12-20 16:29:17', 4);
INSERT INTO `sys_oper_log` VALUES (430, '代码生成', 6, 'com.ruoyi.generator.controller.GenController.importTableSave()', 'POST', 1, 'admin', '研发部门', '/tool/gen/importTable', '127.0.0.1', '内网IP', '{\"tables\":\"sys_config,user\"}', '{\"msg\":\"操作成功\",\"code\":200}', 0, NULL, '2023-12-20 21:04:09', 95);
INSERT INTO `sys_oper_log` VALUES (431, '代码生成', 2, 'com.ruoyi.generator.controller.GenController.editSave()', 'PUT', 1, 'admin', '研发部门', '/tool/gen', '127.0.0.1', '内网IP', '{\"businessName\":\"config\",\"className\":\"SysConfig\",\"columns\":[{\"capJavaField\":\"ConfigId\",\"columnComment\":\"参数主键\",\"columnId\":45,\"columnName\":\"config_id\",\"columnType\":\"int\",\"createBy\":\"admin\",\"createTime\":\"2023-12-20 21:04:09\",\"dictType\":\"\",\"edit\":false,\"htmlType\":\"input\",\"increment\":true,\"insert\":true,\"isIncrement\":\"1\",\"isInsert\":\"1\",\"isPk\":\"1\",\"isRequired\":\"0\",\"javaField\":\"configId\",\"javaType\":\"Long\",\"list\":false,\"params\":{},\"pk\":true,\"query\":false,\"queryType\":\"EQ\",\"required\":false,\"sort\":1,\"superColumn\":false,\"tableId\":7,\"updateBy\":\"\",\"usableColumn\":false},{\"capJavaField\":\"ConfigName\",\"columnComment\":\"参数名称\",\"columnId\":46,\"columnName\":\"config_name\",\"columnType\":\"varchar(100)\",\"createBy\":\"admin\",\"createTime\":\"2023-12-20 21:04:09\",\"dictType\":\"\",\"edit\":true,\"htmlType\":\"input\",\"increment\":false,\"insert\":true,\"isEdit\":\"1\",\"isIncrement\":\"0\",\"isInsert\":\"1\",\"isList\":\"1\",\"isPk\":\"0\",\"isQuery\":\"1\",\"isRequired\":\"0\",\"javaField\":\"configName\",\"javaType\":\"String\",\"list\":true,\"params\":{},\"pk\":false,\"query\":true,\"queryType\":\"LIKE\",\"required\":false,\"sort\":2,\"superColumn\":false,\"tableId\":7,\"updateBy\":\"\",\"usableColumn\":false},{\"capJavaField\":\"ConfigKey\",\"columnComment\":\"参数键名\",\"columnId\":47,\"columnName\":\"config_key\",\"columnType\":\"varchar(100)\",\"createBy\":\"admin\",\"createTime\":\"2023-12-20 21:04:09\",\"dictType\":\"\",\"edit\":true,\"htmlType\":\"input\",\"increment\":false,\"insert\":true,\"isEdit\":\"1\",\"isIncrement\":\"0\",\"isInsert\":\"1\",\"isList\":\"1\",\"isPk\":\"0\",\"isQuery\":\"1\",\"isRequired\":\"0\",\"javaField\":\"configKey\",\"javaType\":\"String\",\"list\":true,\"params\":{},\"pk\":false,\"query\":true,\"queryType\":\"EQ\",\"required\":false,\"sort\":3,\"superColumn\":false,\"tableId\":7,\"updateBy\":\"\",\"usableColumn\":false},{\"capJavaField\":\"ConfigValue\",\"columnComment\":\"参数键值\",\"columnId\":48,\"columnName\":\"config_value\",\"columnType\":\"varchar(500)\",\"createBy\":\"admin\",\"createTime\":\"2023-12-20 21:04:09\",\"dictType\":\"\",\"edit\":true,\"htmlType\":\"textarea\",\"increment\":false,\"insert\":true,\"isEdit\":\"1\",\"isIncrement\":\"0\",\"isInsert\":\"1\",\"isList\":\"1\",\"isPk\":\"0\"', '{\"msg\":\"操作成功\",\"code\":200}', 0, NULL, '2023-12-20 21:04:35', 36);
INSERT INTO `sys_oper_log` VALUES (432, '代码生成', 2, 'com.ruoyi.generator.controller.GenController.editSave()', 'PUT', 1, 'admin', '研发部门', '/tool/gen', '127.0.0.1', '内网IP', '{\"businessName\":\"user\",\"className\":\"User\",\"columns\":[{\"capJavaField\":\"UserId\",\"columnComment\":\"用户ID\",\"columnId\":55,\"columnName\":\"user_id\",\"columnType\":\"varchar(36)\",\"createBy\":\"admin\",\"createTime\":\"2023-12-20 21:04:09\",\"dictType\":\"\",\"edit\":false,\"htmlType\":\"input\",\"increment\":false,\"insert\":true,\"isIncrement\":\"0\",\"isInsert\":\"1\",\"isPk\":\"1\",\"isRequired\":\"0\",\"javaField\":\"userId\",\"javaType\":\"String\",\"list\":false,\"params\":{},\"pk\":true,\"query\":false,\"queryType\":\"EQ\",\"required\":false,\"sort\":1,\"superColumn\":false,\"tableId\":8,\"updateBy\":\"\",\"usableColumn\":false},{\"capJavaField\":\"Username\",\"columnComment\":\"用户名\",\"columnId\":56,\"columnName\":\"username\",\"columnType\":\"varchar(255)\",\"createBy\":\"admin\",\"createTime\":\"2023-12-20 21:04:09\",\"dictType\":\"\",\"edit\":true,\"htmlType\":\"input\",\"increment\":false,\"insert\":true,\"isEdit\":\"1\",\"isIncrement\":\"0\",\"isInsert\":\"1\",\"isList\":\"1\",\"isPk\":\"0\",\"isQuery\":\"1\",\"isRequired\":\"0\",\"javaField\":\"username\",\"javaType\":\"String\",\"list\":true,\"params\":{},\"pk\":false,\"query\":true,\"queryType\":\"LIKE\",\"required\":false,\"sort\":2,\"superColumn\":false,\"tableId\":8,\"updateBy\":\"\",\"usableColumn\":false},{\"capJavaField\":\"Password\",\"columnComment\":\"密码\",\"columnId\":57,\"columnName\":\"password\",\"columnType\":\"varchar(255)\",\"createBy\":\"admin\",\"createTime\":\"2023-12-20 21:04:09\",\"dictType\":\"\",\"edit\":true,\"htmlType\":\"input\",\"increment\":false,\"insert\":true,\"isEdit\":\"1\",\"isIncrement\":\"0\",\"isInsert\":\"1\",\"isList\":\"1\",\"isPk\":\"0\",\"isQuery\":\"1\",\"isRequired\":\"0\",\"javaField\":\"password\",\"javaType\":\"String\",\"list\":true,\"params\":{},\"pk\":false,\"query\":true,\"queryType\":\"EQ\",\"required\":false,\"sort\":3,\"superColumn\":false,\"tableId\":8,\"updateBy\":\"\",\"usableColumn\":false},{\"capJavaField\":\"PermissionLevel\",\"columnComment\":\"权限级别\",\"columnId\":58,\"columnName\":\"permission_level\",\"columnType\":\"int\",\"createBy\":\"admin\",\"createTime\":\"2023-12-20 21:04:09\",\"dictType\":\"\",\"edit\":true,\"htmlType\":\"input\",\"increment\":false,\"insert\":true,\"isEdit\":\"1\",\"isIncrement\":\"0\",\"isInsert\":\"1\",\"isList\":\"1\",\"isPk\":\"0\",\"isQuery\":\"1\",\"isRe', '{\"msg\":\"操作成功\",\"code\":200}', 0, NULL, '2023-12-20 21:05:41', 18);
INSERT INTO `sys_oper_log` VALUES (433, '用户管理', 2, 'com.ruoyi.web.controller.system.SysUserController.edit()', 'PUT', 1, 'admin', '研发部门', '/system/user', '127.0.0.1', '内网IP', '{\"admin\":false,\"avatar\":\"\",\"createBy\":\"admin\",\"createTime\":\"2023-12-15 15:09:47\",\"delFlag\":\"0\",\"dept\":{\"ancestors\":\"0,100,200\",\"children\":[],\"deptId\":204,\"deptName\":\"店铺管理员\",\"orderNum\":1,\"params\":{},\"parentId\":200,\"status\":\"0\"},\"deptId\":204,\"email\":\"8888888888@qq.com\",\"loginDate\":\"2023-12-20 21:45:59\",\"loginIp\":\"192.168.1.119\",\"nickName\":\"吴玉潇\",\"params\":{},\"phonenumber\":\"13099999999\",\"postIds\":[],\"roleIds\":[2],\"roles\":[{\"admin\":false,\"dataScope\":\"2\",\"deptCheckStrictly\":false,\"flag\":false,\"menuCheckStrictly\":false,\"params\":{},\"roleId\":2,\"roleKey\":\"common\",\"roleName\":\"管理员\",\"roleSort\":2,\"status\":\"0\"}],\"sex\":\"0\",\"status\":\"0\",\"updateBy\":\"admin\",\"userId\":100,\"userName\":\"wyx666\"}', '{\"msg\":\"操作成功\",\"code\":200}', 0, NULL, '2023-12-20 21:52:03', 16);
INSERT INTO `sys_oper_log` VALUES (434, '用户管理', 1, 'com.ruoyi.web.controller.system.SysUserController.add()', 'POST', 1, 'admin', '研发部门', '/system/user', '127.0.0.1', '内网IP', '{\"admin\":false,\"createBy\":\"admin\",\"deptId\":200,\"nickName\":\"冯晨盺\",\"params\":{},\"postIds\":[],\"roleIds\":[100],\"status\":\"0\",\"userId\":103,\"userName\":\"fengchengxing\"}', '{\"msg\":\"操作成功\",\"code\":200}', 0, NULL, '2023-12-20 21:52:47', 77);
INSERT INTO `sys_oper_log` VALUES (435, '用户管理', 2, 'com.ruoyi.web.controller.system.SysUserController.edit()', 'PUT', 1, 'admin', '研发部门', '/system/user', '127.0.0.1', '内网IP', '{\"admin\":false,\"avatar\":\"\",\"createBy\":\"admin\",\"createTime\":\"2023-12-20 21:52:47\",\"delFlag\":\"0\",\"dept\":{\"ancestors\":\"0,100\",\"children\":[],\"deptId\":200,\"deptName\":\"湖南工业职业技术学院小店\",\"leader\":\"球团\",\"orderNum\":10,\"params\":{},\"parentId\":100,\"status\":\"0\"},\"deptId\":200,\"email\":\"\",\"loginIp\":\"\",\"nickName\":\"冯晨盺\",\"params\":{},\"phonenumber\":\"\",\"postIds\":[],\"roleIds\":[100],\"roles\":[{\"admin\":false,\"dataScope\":\"1\",\"deptCheckStrictly\":false,\"flag\":false,\"menuCheckStrictly\":false,\"params\":{},\"roleId\":100,\"roleKey\":\"shopManager\",\"roleName\":\"店长\",\"roleSort\":5,\"status\":\"0\"}],\"sex\":\"1\",\"status\":\"0\",\"updateBy\":\"admin\",\"userId\":103,\"userName\":\"fengchengxing\"}', '{\"msg\":\"操作成功\",\"code\":200}', 0, NULL, '2023-12-20 21:53:56', 7);
INSERT INTO `sys_oper_log` VALUES (436, '用户管理', 2, 'com.ruoyi.web.controller.system.SysUserController.edit()', 'PUT', 1, 'admin', '研发部门', '/system/user', '127.0.0.1', '内网IP', '{\"admin\":false,\"avatar\":\"\",\"createBy\":\"admin\",\"createTime\":\"2023-12-20 21:52:47\",\"delFlag\":\"0\",\"dept\":{\"ancestors\":\"0,100\",\"children\":[],\"deptId\":200,\"deptName\":\"湖南工业职业技术学院小店\",\"leader\":\"球团\",\"orderNum\":10,\"params\":{},\"parentId\":100,\"status\":\"0\"},\"deptId\":200,\"email\":\"\",\"loginDate\":\"2023-12-20 21:54:40\",\"loginIp\":\"192.168.1.117\",\"nickName\":\"冯晨盺\",\"params\":{},\"phonenumber\":\"\",\"postIds\":[],\"roleIds\":[2],\"roles\":[{\"admin\":false,\"dataScope\":\"1\",\"deptCheckStrictly\":false,\"flag\":false,\"menuCheckStrictly\":false,\"params\":{},\"roleId\":100,\"roleKey\":\"shopManager\",\"roleName\":\"店长\",\"roleSort\":5,\"status\":\"0\"}],\"sex\":\"1\",\"status\":\"0\",\"updateBy\":\"admin\",\"userId\":103,\"userName\":\"fengchengxing\"}', '{\"msg\":\"操作成功\",\"code\":200}', 0, NULL, '2023-12-20 21:55:43', 10);
INSERT INTO `sys_oper_log` VALUES (437, '交易记录', 1, 'com.ruoyi.controller.TransactionRecordController.add()', 'POST', 1, 'wyx666', '店铺管理员', '/supermarket/transactionRecord', '127.0.0.1', '内网IP', '[{\"params\":{},\"productId\":\"0409d3a8-a4d5-4720-bbbc-d593b2a0da10\",\"quantity\":4,\"recordId\":\"7d63515e435c48ae80070a3ad6ae26fa\",\"transactionAmount\":393.2,\"transactionTime\":\"2023-12-21\"}]', '{\"msg\":\"操作成功\",\"code\":200}', 0, NULL, '2023-12-21 08:30:11', 23);
INSERT INTO `sys_oper_log` VALUES (438, '交易记录', 1, 'com.ruoyi.controller.TransactionRecordController.add()', 'POST', 1, 'wyx666', '店铺管理员', '/supermarket/transactionRecord', '127.0.0.1', '内网IP', '[{\"params\":{},\"productId\":\"9428de72-0c8e-4863-980a-e20d864d5b76\",\"quantity\":1,\"recordId\":\"1f3bd5057d7b4234ba8f795bbe3d6d05\",\"transactionAmount\":4.3,\"transactionTime\":\"2023-12-21\"}]', '{\"msg\":\"操作成功\",\"code\":200}', 0, NULL, '2023-12-21 08:30:19', 17);
INSERT INTO `sys_oper_log` VALUES (439, '交易记录', 1, 'com.ruoyi.controller.TransactionRecordController.add()', 'POST', 1, 'wyx666', '店铺管理员', '/supermarket/transactionRecord', '127.0.0.1', '内网IP', '[{\"params\":{},\"productId\":\"bc85ca8a-1f67-42a6-9e64-1e914673580b\",\"quantity\":1,\"recordId\":\"01bbd2ec1c404a529ca78ef54e5e1658\",\"transactionAmount\":1.25,\"transactionTime\":\"2023-12-21\"},{\"params\":{},\"productId\":\"b973b2f9-de4d-4fb4-b09a-bfdecbcba953\",\"quantity\":1,\"recordId\":\"c14aace98b714e05b6a6fff6f425766c\",\"transactionAmount\":8999,\"transactionTime\":\"2023-12-21\"},{\"params\":{},\"productId\":\"0409d3a8-a4d5-4720-bbbc-d593b2a0da10\",\"quantity\":1,\"recordId\":\"2792631bcac44b6393bf9e1f78ac8b41\",\"transactionAmount\":98.3,\"transactionTime\":\"2023-12-21\"},{\"params\":{},\"productId\":\"51a43610-9301-4150-9277-3a0c9fbaae17\",\"quantity\":1,\"recordId\":\"7501bd4d55cb42059a588723fd03098f\",\"transactionAmount\":199,\"transactionTime\":\"2023-12-21\"},{\"params\":{},\"productId\":\"559b4554-a995-49e1-b6bc-a29f24c7ca4f\",\"quantity\":1,\"recordId\":\"045e521ea1904ef09572b733cdc7d148\",\"transactionAmount\":30,\"transactionTime\":\"2023-12-21\"},{\"params\":{},\"productId\":\"9428de72-0c8e-4863-980a-e20d864d5b76\",\"quantity\":1,\"recordId\":\"2f44c56a33e0408f9928e1539ce5289f\",\"transactionAmount\":4.3,\"transactionTime\":\"2023-12-21\"}]', '{\"msg\":\"操作成功\",\"code\":200}', 0, NULL, '2023-12-21 08:30:30', 62);
INSERT INTO `sys_oper_log` VALUES (440, '用户头像', 2, 'com.ruoyi.web.controller.system.SysProfileController.avatar()', 'POST', 1, 'wyx666', '店铺管理员', '/system/user/profile/avatar', '127.0.0.1', '内网IP', '', '{\"msg\":\"操作成功\",\"imgUrl\":\"/profile/avatar/2023/12/21/00016-2372822254_20231221083133A001.png\",\"code\":200}', 0, NULL, '2023-12-21 08:31:33', 31);
INSERT INTO `sys_oper_log` VALUES (441, '用户头像', 2, 'com.ruoyi.web.controller.system.SysProfileController.avatar()', 'POST', 1, 'wyx666', '店铺管理员', '/system/user/profile/avatar', '127.0.0.1', '内网IP', '', NULL, 1, '文件[wyx.ico]后缀[ico]不正确，请上传[bmp, gif, jpg, jpeg, png]格式', '2023-12-21 08:31:46', 2);
INSERT INTO `sys_oper_log` VALUES (442, '用户头像', 2, 'com.ruoyi.web.controller.system.SysProfileController.avatar()', 'POST', 1, 'wyx666', '店铺管理员', '/system/user/profile/avatar', '127.0.0.1', '内网IP', '', '{\"msg\":\"操作成功\",\"imgUrl\":\"/profile/avatar/2023/12/21/00054_20231221083159A002.png\",\"code\":200}', 0, NULL, '2023-12-21 08:31:59', 5);

-- ----------------------------
-- Table structure for sys_post
-- ----------------------------
DROP TABLE IF EXISTS `sys_post`;
CREATE TABLE `sys_post`  (
  `post_id` bigint NOT NULL AUTO_INCREMENT COMMENT '岗位ID',
  `post_code` varchar(64) CHARACTER SET utf8mb3 COLLATE utf8mb3_general_ci NOT NULL COMMENT '岗位编码',
  `post_name` varchar(50) CHARACTER SET utf8mb3 COLLATE utf8mb3_general_ci NOT NULL COMMENT '岗位名称',
  `post_sort` int NOT NULL COMMENT '显示顺序',
  `status` char(1) CHARACTER SET utf8mb3 COLLATE utf8mb3_general_ci NOT NULL COMMENT '状态（0正常 1停用）',
  `create_by` varchar(64) CHARACTER SET utf8mb3 COLLATE utf8mb3_general_ci NULL DEFAULT '' COMMENT '创建者',
  `create_time` datetime NULL DEFAULT NULL COMMENT '创建时间',
  `update_by` varchar(64) CHARACTER SET utf8mb3 COLLATE utf8mb3_general_ci NULL DEFAULT '' COMMENT '更新者',
  `update_time` datetime NULL DEFAULT NULL COMMENT '更新时间',
  `remark` varchar(500) CHARACTER SET utf8mb3 COLLATE utf8mb3_general_ci NULL DEFAULT NULL COMMENT '备注',
  PRIMARY KEY (`post_id`) USING BTREE
) ENGINE = InnoDB AUTO_INCREMENT = 8 CHARACTER SET = utf8mb3 COLLATE = utf8mb3_general_ci COMMENT = '岗位信息表' ROW_FORMAT = Dynamic;

-- ----------------------------
-- Records of sys_post
-- ----------------------------
INSERT INTO `sys_post` VALUES (1, 'ceo', '董事长', 1, '0', 'admin', '2023-12-14 15:19:50', '', NULL, '');
INSERT INTO `sys_post` VALUES (5, '001', '店长', 1, '0', 'admin', '2023-12-15 15:05:01', '', NULL, NULL);
INSERT INTO `sys_post` VALUES (6, '002', '店员', 2, '0', 'admin', '2023-12-15 15:05:51', '', NULL, NULL);
INSERT INTO `sys_post` VALUES (7, '003', '供货商', 3, '0', 'admin', '2023-12-15 15:06:22', '', NULL, NULL);

-- ----------------------------
-- Table structure for sys_role
-- ----------------------------
DROP TABLE IF EXISTS `sys_role`;
CREATE TABLE `sys_role`  (
  `role_id` bigint NOT NULL AUTO_INCREMENT COMMENT '角色ID',
  `role_name` varchar(30) CHARACTER SET utf8mb3 COLLATE utf8mb3_general_ci NOT NULL COMMENT '角色名称',
  `role_key` varchar(100) CHARACTER SET utf8mb3 COLLATE utf8mb3_general_ci NOT NULL COMMENT '角色权限字符串',
  `role_sort` int NOT NULL COMMENT '显示顺序',
  `data_scope` char(1) CHARACTER SET utf8mb3 COLLATE utf8mb3_general_ci NULL DEFAULT '1' COMMENT '数据范围（1：全部数据权限 2：自定数据权限 3：本部门数据权限 4：本部门及以下数据权限）',
  `menu_check_strictly` tinyint(1) NULL DEFAULT 1 COMMENT '菜单树选择项是否关联显示',
  `dept_check_strictly` tinyint(1) NULL DEFAULT 1 COMMENT '部门树选择项是否关联显示',
  `status` char(1) CHARACTER SET utf8mb3 COLLATE utf8mb3_general_ci NOT NULL COMMENT '角色状态（0正常 1停用）',
  `del_flag` char(1) CHARACTER SET utf8mb3 COLLATE utf8mb3_general_ci NULL DEFAULT '0' COMMENT '删除标志（0代表存在 2代表删除）',
  `create_by` varchar(64) CHARACTER SET utf8mb3 COLLATE utf8mb3_general_ci NULL DEFAULT '' COMMENT '创建者',
  `create_time` datetime NULL DEFAULT NULL COMMENT '创建时间',
  `update_by` varchar(64) CHARACTER SET utf8mb3 COLLATE utf8mb3_general_ci NULL DEFAULT '' COMMENT '更新者',
  `update_time` datetime NULL DEFAULT NULL COMMENT '更新时间',
  `remark` varchar(500) CHARACTER SET utf8mb3 COLLATE utf8mb3_general_ci NULL DEFAULT NULL COMMENT '备注',
  PRIMARY KEY (`role_id`) USING BTREE
) ENGINE = InnoDB AUTO_INCREMENT = 102 CHARACTER SET = utf8mb3 COLLATE = utf8mb3_general_ci COMMENT = '角色信息表' ROW_FORMAT = Dynamic;

-- ----------------------------
-- Records of sys_role
-- ----------------------------
INSERT INTO `sys_role` VALUES (1, '超级管理员', 'admin', 1, '1', 1, 1, '0', '0', 'admin', '2023-12-14 15:19:50', '', NULL, '超级管理员');
INSERT INTO `sys_role` VALUES (2, '管理员', 'common', 2, '2', 1, 1, '0', '0', 'admin', '2023-12-14 15:19:50', 'admin', '2023-12-20 13:01:15', '普通角色');
INSERT INTO `sys_role` VALUES (100, '店长', 'shopManager', 5, '1', 1, 1, '0', '0', 'admin', '2023-12-15 14:59:10', '', NULL, NULL);
INSERT INTO `sys_role` VALUES (101, '供货商', 'supplier', 6, '1', 1, 1, '0', '0', 'admin', '2023-12-15 14:59:37', '', NULL, NULL);

-- ----------------------------
-- Table structure for sys_role_dept
-- ----------------------------
DROP TABLE IF EXISTS `sys_role_dept`;
CREATE TABLE `sys_role_dept`  (
  `role_id` bigint NOT NULL COMMENT '角色ID',
  `dept_id` bigint NOT NULL COMMENT '部门ID',
  PRIMARY KEY (`role_id`, `dept_id`) USING BTREE
) ENGINE = InnoDB CHARACTER SET = utf8mb3 COLLATE = utf8mb3_general_ci COMMENT = '角色和部门关联表' ROW_FORMAT = Dynamic;

-- ----------------------------
-- Records of sys_role_dept
-- ----------------------------
INSERT INTO `sys_role_dept` VALUES (2, 100);
INSERT INTO `sys_role_dept` VALUES (2, 101);
INSERT INTO `sys_role_dept` VALUES (2, 105);

-- ----------------------------
-- Table structure for sys_role_menu
-- ----------------------------
DROP TABLE IF EXISTS `sys_role_menu`;
CREATE TABLE `sys_role_menu`  (
  `role_id` bigint NOT NULL COMMENT '角色ID',
  `menu_id` bigint NOT NULL COMMENT '菜单ID',
  PRIMARY KEY (`role_id`, `menu_id`) USING BTREE
) ENGINE = InnoDB CHARACTER SET = utf8mb3 COLLATE = utf8mb3_general_ci COMMENT = '角色和菜单关联表' ROW_FORMAT = Dynamic;

-- ----------------------------
-- Records of sys_role_menu
-- ----------------------------
INSERT INTO `sys_role_menu` VALUES (2, 2000);
INSERT INTO `sys_role_menu` VALUES (2, 2001);
INSERT INTO `sys_role_menu` VALUES (2, 2002);
INSERT INTO `sys_role_menu` VALUES (2, 2003);
INSERT INTO `sys_role_menu` VALUES (2, 2004);
INSERT INTO `sys_role_menu` VALUES (2, 2005);
INSERT INTO `sys_role_menu` VALUES (2, 2006);
INSERT INTO `sys_role_menu` VALUES (2, 2007);
INSERT INTO `sys_role_menu` VALUES (2, 2008);
INSERT INTO `sys_role_menu` VALUES (2, 2009);
INSERT INTO `sys_role_menu` VALUES (2, 2010);
INSERT INTO `sys_role_menu` VALUES (2, 2011);
INSERT INTO `sys_role_menu` VALUES (2, 2012);
INSERT INTO `sys_role_menu` VALUES (2, 2032);
INSERT INTO `sys_role_menu` VALUES (2, 2033);
INSERT INTO `sys_role_menu` VALUES (2, 2034);
INSERT INTO `sys_role_menu` VALUES (2, 2035);
INSERT INTO `sys_role_menu` VALUES (2, 2036);
INSERT INTO `sys_role_menu` VALUES (2, 2037);
INSERT INTO `sys_role_menu` VALUES (2, 2038);
INSERT INTO `sys_role_menu` VALUES (2, 2045);
INSERT INTO `sys_role_menu` VALUES (2, 2046);
INSERT INTO `sys_role_menu` VALUES (2, 2047);
INSERT INTO `sys_role_menu` VALUES (2, 2048);
INSERT INTO `sys_role_menu` VALUES (2, 2049);
INSERT INTO `sys_role_menu` VALUES (2, 2050);
INSERT INTO `sys_role_menu` VALUES (2, 2051);
INSERT INTO `sys_role_menu` VALUES (2, 2052);
INSERT INTO `sys_role_menu` VALUES (2, 2053);
INSERT INTO `sys_role_menu` VALUES (2, 2054);
INSERT INTO `sys_role_menu` VALUES (2, 2055);
INSERT INTO `sys_role_menu` VALUES (2, 2056);
INSERT INTO `sys_role_menu` VALUES (2, 2057);
INSERT INTO `sys_role_menu` VALUES (2, 2058);
INSERT INTO `sys_role_menu` VALUES (2, 2059);
INSERT INTO `sys_role_menu` VALUES (2, 2060);
INSERT INTO `sys_role_menu` VALUES (2, 2061);
INSERT INTO `sys_role_menu` VALUES (2, 2062);
INSERT INTO `sys_role_menu` VALUES (2, 2063);
INSERT INTO `sys_role_menu` VALUES (2, 2064);
INSERT INTO `sys_role_menu` VALUES (2, 2065);
INSERT INTO `sys_role_menu` VALUES (100, 2000);
INSERT INTO `sys_role_menu` VALUES (100, 2001);
INSERT INTO `sys_role_menu` VALUES (100, 2002);
INSERT INTO `sys_role_menu` VALUES (100, 2003);
INSERT INTO `sys_role_menu` VALUES (100, 2004);
INSERT INTO `sys_role_menu` VALUES (100, 2005);
INSERT INTO `sys_role_menu` VALUES (100, 2006);
INSERT INTO `sys_role_menu` VALUES (100, 2007);
INSERT INTO `sys_role_menu` VALUES (100, 2008);
INSERT INTO `sys_role_menu` VALUES (100, 2009);
INSERT INTO `sys_role_menu` VALUES (100, 2010);
INSERT INTO `sys_role_menu` VALUES (100, 2011);
INSERT INTO `sys_role_menu` VALUES (100, 2012);
INSERT INTO `sys_role_menu` VALUES (101, 2032);
INSERT INTO `sys_role_menu` VALUES (101, 2033);
INSERT INTO `sys_role_menu` VALUES (101, 2034);
INSERT INTO `sys_role_menu` VALUES (101, 2035);
INSERT INTO `sys_role_menu` VALUES (101, 2036);
INSERT INTO `sys_role_menu` VALUES (101, 2037);
INSERT INTO `sys_role_menu` VALUES (101, 2038);
INSERT INTO `sys_role_menu` VALUES (101, 2045);
INSERT INTO `sys_role_menu` VALUES (101, 2046);
INSERT INTO `sys_role_menu` VALUES (101, 2047);
INSERT INTO `sys_role_menu` VALUES (101, 2048);
INSERT INTO `sys_role_menu` VALUES (101, 2049);
INSERT INTO `sys_role_menu` VALUES (101, 2050);

-- ----------------------------
-- Table structure for sys_user
-- ----------------------------
DROP TABLE IF EXISTS `sys_user`;
CREATE TABLE `sys_user`  (
  `user_id` bigint NOT NULL AUTO_INCREMENT COMMENT '用户ID',
  `dept_id` bigint NULL DEFAULT NULL COMMENT '部门ID',
  `user_name` varchar(30) CHARACTER SET utf8mb3 COLLATE utf8mb3_general_ci NOT NULL COMMENT '用户账号',
  `nick_name` varchar(30) CHARACTER SET utf8mb3 COLLATE utf8mb3_general_ci NOT NULL COMMENT '用户昵称',
  `user_type` varchar(2) CHARACTER SET utf8mb3 COLLATE utf8mb3_general_ci NULL DEFAULT '00' COMMENT '用户类型（00系统用户）',
  `email` varchar(50) CHARACTER SET utf8mb3 COLLATE utf8mb3_general_ci NULL DEFAULT '' COMMENT '用户邮箱',
  `phonenumber` varchar(11) CHARACTER SET utf8mb3 COLLATE utf8mb3_general_ci NULL DEFAULT '' COMMENT '手机号码',
  `sex` char(1) CHARACTER SET utf8mb3 COLLATE utf8mb3_general_ci NULL DEFAULT '0' COMMENT '用户性别（0男 1女 2未知）',
  `avatar` varchar(100) CHARACTER SET utf8mb3 COLLATE utf8mb3_general_ci NULL DEFAULT '' COMMENT '头像地址',
  `password` varchar(100) CHARACTER SET utf8mb3 COLLATE utf8mb3_general_ci NULL DEFAULT '' COMMENT '密码',
  `status` char(1) CHARACTER SET utf8mb3 COLLATE utf8mb3_general_ci NULL DEFAULT '0' COMMENT '帐号状态（0正常 1停用）',
  `del_flag` char(1) CHARACTER SET utf8mb3 COLLATE utf8mb3_general_ci NULL DEFAULT '0' COMMENT '删除标志（0代表存在 2代表删除）',
  `login_ip` varchar(128) CHARACTER SET utf8mb3 COLLATE utf8mb3_general_ci NULL DEFAULT '' COMMENT '最后登录IP',
  `login_date` datetime NULL DEFAULT NULL COMMENT '最后登录时间',
  `create_by` varchar(64) CHARACTER SET utf8mb3 COLLATE utf8mb3_general_ci NULL DEFAULT '' COMMENT '创建者',
  `create_time` datetime NULL DEFAULT NULL COMMENT '创建时间',
  `update_by` varchar(64) CHARACTER SET utf8mb3 COLLATE utf8mb3_general_ci NULL DEFAULT '' COMMENT '更新者',
  `update_time` datetime NULL DEFAULT NULL COMMENT '更新时间',
  `remark` varchar(500) CHARACTER SET utf8mb3 COLLATE utf8mb3_general_ci NULL DEFAULT NULL COMMENT '备注',
  PRIMARY KEY (`user_id`) USING BTREE
) ENGINE = InnoDB AUTO_INCREMENT = 104 CHARACTER SET = utf8mb3 COLLATE = utf8mb3_general_ci COMMENT = '用户信息表' ROW_FORMAT = Dynamic;

-- ----------------------------
-- Records of sys_user
-- ----------------------------
INSERT INTO `sys_user` VALUES (1, 103, 'admin', '球團', '00', 'qiutuan0472@163.com', '15888888888', '0', '/profile/avatar/2023/12/14/微信图片_20231017191201_20231214204934A001.jpg', '$2a$10$7JB720yubVSZvUI0rEqK/.VqGOZTH.ulu33dHOiBE8ByOhJIrdAu2', '0', '0', '127.0.0.1', '2023-12-21 08:27:58', 'admin', '2023-12-14 15:19:50', '', '2023-12-21 08:27:58', '管理员');
INSERT INTO `sys_user` VALUES (2, 105, 'ry', '若依', '00', 'ry@qq.com', '15666666666', '1', '', '$2a$10$7JB720yubVSZvUI0rEqK/.VqGOZTH.ulu33dHOiBE8ByOhJIrdAu2', '0', '2', '127.0.0.1', '2023-12-14 15:19:50', 'admin', '2023-12-14 15:19:50', 'admin', '2023-12-15 15:00:52', '测试员');
INSERT INTO `sys_user` VALUES (100, 204, 'wyx666', '吴玉潇', '00', '8888888888@qq.com', '13099999999', '0', '/profile/avatar/2023/12/21/00054_20231221083159A002.png', '$2a$10$EVq7z.euxlPgBTpyGYXV4.B42QxICNXelgQ.X7bZkpw.YxBK7jNXS', '0', '0', '127.0.0.1', '2023-12-21 08:28:30', 'admin', '2023-12-15 15:09:47', 'admin', '2023-12-21 08:28:29', NULL);
INSERT INTO `sys_user` VALUES (101, 204, 'liuwei', '刘威', '00', '', '13900000000', '0', '', '$2a$10$LFVxFzz0s5qMRF0Did3/2uxORE3cJDRvvmzPnJiGpM1W2SnpkLKw2', '0', '0', '', NULL, 'admin', '2023-12-15 15:46:14', '', NULL, NULL);
INSERT INTO `sys_user` VALUES (102, NULL, 'test', 'test', '00', '', '', '0', '', '$2a$10$c.JJhMu3S8AbNHylk26gb.bdpZVnr9IXYGHAH9aXRZiRHG6ds.nCS', '0', '0', '127.0.0.1', '2023-12-15 15:54:58', '', '2023-12-15 15:54:45', '', '2023-12-15 15:54:57', NULL);
INSERT INTO `sys_user` VALUES (103, 200, 'fengchengxing', '冯晨盺', '00', '', '', '1', '', '$2a$10$Wjl6Wu8YKVM8SAWvpK6vUedhtQqcNWYS2Jorsv0cRb1RieraHe2Um', '0', '0', '192.168.1.117', '2023-12-20 21:54:40', 'admin', '2023-12-20 21:52:47', 'admin', '2023-12-20 21:55:43', NULL);

-- ----------------------------
-- Table structure for sys_user_post
-- ----------------------------
DROP TABLE IF EXISTS `sys_user_post`;
CREATE TABLE `sys_user_post`  (
  `user_id` bigint NOT NULL COMMENT '用户ID',
  `post_id` bigint NOT NULL COMMENT '岗位ID',
  PRIMARY KEY (`user_id`, `post_id`) USING BTREE
) ENGINE = InnoDB CHARACTER SET = utf8mb3 COLLATE = utf8mb3_general_ci COMMENT = '用户与岗位关联表' ROW_FORMAT = Dynamic;

-- ----------------------------
-- Records of sys_user_post
-- ----------------------------
INSERT INTO `sys_user_post` VALUES (1, 1);
INSERT INTO `sys_user_post` VALUES (101, 5);

-- ----------------------------
-- Table structure for sys_user_role
-- ----------------------------
DROP TABLE IF EXISTS `sys_user_role`;
CREATE TABLE `sys_user_role`  (
  `user_id` bigint NOT NULL COMMENT '用户ID',
  `role_id` bigint NOT NULL COMMENT '角色ID',
  PRIMARY KEY (`user_id`, `role_id`) USING BTREE
) ENGINE = InnoDB CHARACTER SET = utf8mb3 COLLATE = utf8mb3_general_ci COMMENT = '用户和角色关联表' ROW_FORMAT = Dynamic;

-- ----------------------------
-- Records of sys_user_role
-- ----------------------------
INSERT INTO `sys_user_role` VALUES (1, 1);
INSERT INTO `sys_user_role` VALUES (100, 2);
INSERT INTO `sys_user_role` VALUES (101, 2);
INSERT INTO `sys_user_role` VALUES (103, 2);

-- ----------------------------
-- Table structure for transaction_record
-- ----------------------------
DROP TABLE IF EXISTS `transaction_record`;
CREATE TABLE `transaction_record`  (
  `record_id` varchar(36) CHARACTER SET utf8mb4 COLLATE utf8mb4_0900_ai_ci NOT NULL COMMENT '记录ID',
  `product_id` varchar(36) CHARACTER SET utf8mb4 COLLATE utf8mb4_0900_ai_ci NULL DEFAULT NULL COMMENT '商品ID',
  `quantity` int NULL DEFAULT NULL COMMENT '商品数量',
  `transaction_time` timestamp NULL DEFAULT NULL COMMENT '交易时间',
  `transaction_amount` decimal(10, 2) NULL DEFAULT NULL COMMENT '交易金额',
  `created_at` timestamp NULL DEFAULT NULL COMMENT '创建时间',
  `updated_at` timestamp NULL DEFAULT NULL COMMENT '修改时间',
  `is_deleted` tinyint(1) NULL DEFAULT NULL COMMENT '是否删除',
  PRIMARY KEY (`record_id`) USING BTREE,
  INDEX `product_id`(`product_id` ASC) USING BTREE,
  CONSTRAINT `transaction_record_ibfk_1` FOREIGN KEY (`product_id`) REFERENCES `product` (`product_id`) ON DELETE RESTRICT ON UPDATE RESTRICT
) ENGINE = InnoDB CHARACTER SET = utf8mb4 COLLATE = utf8mb4_0900_ai_ci COMMENT = '交易记录表' ROW_FORMAT = DYNAMIC;

-- ----------------------------
-- Records of transaction_record
-- ----------------------------
INSERT INTO `transaction_record` VALUES ('01bbd2ec1c404a529ca78ef54e5e1658', 'bc85ca8a-1f67-42a6-9e64-1e914673580b', 1, '2023-12-21 08:30:31', 1.25, NULL, NULL, NULL);
INSERT INTO `transaction_record` VALUES ('021f421882f643b6979da4d1727a5acf', '0409d3a8-a4d5-4720-bbbc-d593b2a0da10', 2, '2023-12-20 15:14:03', 196.60, NULL, NULL, NULL);
INSERT INTO `transaction_record` VALUES ('024f464adf974a39854da87bc656ca3a', '51a43610-9301-4150-9277-3a0c9fbaae17', 1, '2023-12-20 08:59:31', 199.00, NULL, NULL, NULL);
INSERT INTO `transaction_record` VALUES ('045e521ea1904ef09572b733cdc7d148', '559b4554-a995-49e1-b6bc-a29f24c7ca4f', 1, '2023-12-21 08:30:31', 30.00, NULL, NULL, NULL);
INSERT INTO `transaction_record` VALUES ('1f3bd5057d7b4234ba8f795bbe3d6d05', '9428de72-0c8e-4863-980a-e20d864d5b76', 1, '2023-12-21 08:30:19', 4.30, NULL, NULL, NULL);
INSERT INTO `transaction_record` VALUES ('2792631bcac44b6393bf9e1f78ac8b41', '0409d3a8-a4d5-4720-bbbc-d593b2a0da10', 1, '2023-12-21 08:30:31', 98.30, NULL, NULL, NULL);
INSERT INTO `transaction_record` VALUES ('2d42a4971917440c83cc58eadb7658c8', 'b973b2f9-de4d-4fb4-b09a-bfdecbcba953', 1, '2023-12-20 15:38:55', 8999.00, NULL, NULL, NULL);
INSERT INTO `transaction_record` VALUES ('2f44c56a33e0408f9928e1539ce5289f', '9428de72-0c8e-4863-980a-e20d864d5b76', 1, '2023-12-21 08:30:31', 4.30, NULL, NULL, NULL);
INSERT INTO `transaction_record` VALUES ('3af268f1a75e4a39a3b3afaff97412f7', '0409d3a8-a4d5-4720-bbbc-d593b2a0da10', 1, '2023-12-20 15:32:45', 98.30, NULL, NULL, NULL);
INSERT INTO `transaction_record` VALUES ('57d9a560f48d4b4a924562e763b9a216', '559b4554-a995-49e1-b6bc-a29f24c7ca4f', 5, '2023-12-20 10:27:23', 150.00, NULL, NULL, NULL);
INSERT INTO `transaction_record` VALUES ('587768e8f59d4562ab7b5b378f69cd68', '0409d3a8-a4d5-4720-bbbc-d593b2a0da10', 1, '2023-12-20 15:30:07', 98.30, NULL, NULL, NULL);
INSERT INTO `transaction_record` VALUES ('59b4174607264bd986b36ffdf4ec4a5f', '0409d3a8-a4d5-4720-bbbc-d593b2a0da10', 1, '2023-12-20 15:33:02', 98.30, NULL, NULL, NULL);
INSERT INTO `transaction_record` VALUES ('5b495f1044b345f9b6992e62a0675742', '0409d3a8-a4d5-4720-bbbc-d593b2a0da10', 1, '2023-12-20 15:33:10', 98.30, NULL, NULL, NULL);
INSERT INTO `transaction_record` VALUES ('6eda961b0ef64df1a882129f362e25b1', '0409d3a8-a4d5-4720-bbbc-d593b2a0da10', 1, '2023-12-20 15:11:37', 98.30, NULL, NULL, NULL);
INSERT INTO `transaction_record` VALUES ('7501bd4d55cb42059a588723fd03098f', '51a43610-9301-4150-9277-3a0c9fbaae17', 1, '2023-12-21 08:30:31', 199.00, NULL, NULL, NULL);
INSERT INTO `transaction_record` VALUES ('7d63515e435c48ae80070a3ad6ae26fa', '0409d3a8-a4d5-4720-bbbc-d593b2a0da10', 4, '2023-12-21 08:30:12', 393.20, NULL, NULL, NULL);
INSERT INTO `transaction_record` VALUES ('8a9b0e5b7b094774a21d38cb0fb3efbb', '0409d3a8-a4d5-4720-bbbc-d593b2a0da10', 2, '2023-12-20 10:25:20', 196.60, NULL, NULL, NULL);
INSERT INTO `transaction_record` VALUES ('927b8c1e5f0d4427aceb3910940a56c2', '0409d3a8-a4d5-4720-bbbc-d593b2a0da10', 9, '2023-12-20 15:10:49', 884.70, NULL, NULL, NULL);
INSERT INTO `transaction_record` VALUES ('9e10496db6c5499494a043f6d315d83b', '51a43610-9301-4150-9277-3a0c9fbaae17', 1, '2023-12-20 15:21:56', 199.00, NULL, NULL, NULL);
INSERT INTO `transaction_record` VALUES ('a169ba8d1a38427495500c4c55124914', '0409d3a8-a4d5-4720-bbbc-d593b2a0da10', 1, '2023-12-20 15:19:42', 98.30, NULL, NULL, NULL);
INSERT INTO `transaction_record` VALUES ('a1dac318bb6a4ae8a0dae18b3146e734', '51a43610-9301-4150-9277-3a0c9fbaae17', 1, '2023-12-20 15:26:02', 199.00, NULL, NULL, NULL);
INSERT INTO `transaction_record` VALUES ('aa0bf558941947029a0d04a41a6dc6f7', '9428de72-0c8e-4863-980a-e20d864d5b76', 4, '2023-12-20 13:04:03', 17.20, NULL, NULL, NULL);
INSERT INTO `transaction_record` VALUES ('b25a66a039304e9bb4fb0ef79bcdcd19', '51a43610-9301-4150-9277-3a0c9fbaae17', 1, '2023-12-20 15:29:18', 199.00, NULL, NULL, NULL);
INSERT INTO `transaction_record` VALUES ('c14aace98b714e05b6a6fff6f425766c', 'b973b2f9-de4d-4fb4-b09a-bfdecbcba953', 1, '2023-12-21 08:30:31', 8999.00, NULL, NULL, NULL);
INSERT INTO `transaction_record` VALUES ('c1d02e78b34b4fc88f2fbe0e3ecda7a6', '0409d3a8-a4d5-4720-bbbc-d593b2a0da10', 1, '2023-12-20 15:25:54', 98.30, NULL, NULL, NULL);
INSERT INTO `transaction_record` VALUES ('c9fa33fb1c354bd6a0440feb9204e6b5', '0409d3a8-a4d5-4720-bbbc-d593b2a0da10', 1, '2023-12-20 15:25:19', 98.30, NULL, NULL, NULL);
INSERT INTO `transaction_record` VALUES ('cba63e40f2a646f4817f98b70ee5192d', '0409d3a8-a4d5-4720-bbbc-d593b2a0da10', 1, '2023-12-20 15:38:08', 98.30, NULL, NULL, NULL);
INSERT INTO `transaction_record` VALUES ('cebb632f77c74db69766b2f6412e22bd', '0409d3a8-a4d5-4720-bbbc-d593b2a0da10', 2, '2023-12-20 10:26:26', 196.60, NULL, NULL, NULL);
INSERT INTO `transaction_record` VALUES ('fe6b767e6ec746818d377a4ac266c76d', '0409d3a8-a4d5-4720-bbbc-d593b2a0da10', 1, '2023-12-20 15:15:40', 98.30, NULL, NULL, NULL);
INSERT INTO `transaction_record` VALUES ('fe6b767e6ec746818d389a4ac266c76d', '0409d3a8-a4d5-4720-bbbc-d593b2a0da10', 1, '2023-12-18 15:15:40', 98.30, NULL, NULL, NULL);

-- ----------------------------
-- Table structure for user
-- ----------------------------
DROP TABLE IF EXISTS `user`;
CREATE TABLE `user`  (
  `user_id` varchar(36) CHARACTER SET utf8mb4 COLLATE utf8mb4_0900_ai_ci NOT NULL COMMENT '用户ID',
  `username` varchar(255) CHARACTER SET utf8mb4 COLLATE utf8mb4_0900_ai_ci NULL DEFAULT NULL COMMENT '用户名',
  `password` varchar(255) CHARACTER SET utf8mb4 COLLATE utf8mb4_0900_ai_ci NULL DEFAULT NULL COMMENT '密码',
  `permission_level` int NULL DEFAULT NULL COMMENT '权限级别',
  `created_at` timestamp NULL DEFAULT NULL COMMENT '创建时间',
  `updated_at` timestamp NULL DEFAULT NULL COMMENT '修改时间',
  `is_deleted` tinyint(1) NULL DEFAULT NULL COMMENT '是否删除',
  PRIMARY KEY (`user_id`) USING BTREE
) ENGINE = InnoDB CHARACTER SET = utf8mb4 COLLATE = utf8mb4_0900_ai_ci COMMENT = '用户表' ROW_FORMAT = DYNAMIC;

-- ----------------------------
-- Records of user
-- ----------------------------
INSERT INTO `user` VALUES ('1', 'admin', 'admin123', 1, '2022-01-01 12:00:00', '2022-01-01 12:00:00', 0);
INSERT INTO `user` VALUES ('2', 'user1', 'user123', 2, '2022-01-01 12:00:00', '2022-01-01 12:00:00', 0);

-- ----------------------------
-- View structure for v_mes_equipment_power_detail
-- ----------------------------
DROP VIEW IF EXISTS `v_mes_equipment_power_detail`;
CREATE ALGORITHM = UNDEFINED SQL SECURITY DEFINER VIEW `v_mes_equipment_power_detail` AS select `t`.`equipment_id` AS `equipment_id`,`q`.`name` AS `equipment_name`,`p`.`plan_id` AS `plan_id`,`p`.`bom_id` AS `bom_id`,`p`.`order_id` AS `order_id`,`p`.`product_date` AS `product_date`,`p`.`material_id` AS `material_id`,`p`.`require_quantity` AS `require_quantity`,`p`.`product_quantity` AS `product_quantity`,`p`.`process_id` AS `process_id`,`p`.`product_line_id` AS `product_line_id`,`p`.`power_consume` AS `power_consume`,`p`.`process_name` AS `process_name`,`p`.`total_power_consume` AS `total_power_consume`,`p`.`product_line_name` AS `product_line_name` from ((`mes_factory_model_detail` `t` left join `mes_equipment` `q` on((`q`.`id` = `t`.`equipment_id`))) left join `v_mes_product_power_detail` `p` on((`p`.`product_line_id` = `t`.`product_line_id`)));

-- ----------------------------
-- View structure for v_mes_product_power_detail
-- ----------------------------
DROP VIEW IF EXISTS `v_mes_product_power_detail`;
CREATE ALGORITHM = UNDEFINED SQL SECURITY DEFINER VIEW `v_mes_product_power_detail` AS select `t`.`plan_id` AS `plan_id`,`t`.`bom_id` AS `bom_id`,`t`.`order_id` AS `order_id`,`t`.`product_date` AS `product_date`,`t`.`material_id` AS `material_id`,`t`.`require_quantity` AS `require_quantity`,`t`.`product_quantity` AS `product_quantity`,`t`.`process_id` AS `process_id`,`t`.`product_line_id` AS `product_line_id`,`p`.`power_consume` AS `power_consume`,`p`.`process_name` AS `process_name`,(`t`.`product_quantity` * `p`.`power_consume`) AS `total_power_consume`,`f`.`product_line_name` AS `product_line_name`,`m`.`name` AS `material_name`,`m`.`model` AS `material_model`,`m`.`specification` AS `material_specification`,`m`.`unit` AS `material_unit` from (((`mes_product_schedule` `t` left join `mes_process_model` `p` on((`p`.`id` = `t`.`process_id`))) left join `mes_factory_model` `f` on((`f`.`id` = `t`.`product_line_id`))) left join `wms_material_info` `m` on((`m`.`id` = `t`.`material_id`)));

-- ----------------------------
-- View structure for v_scm_purchase_arrive_detail
-- ----------------------------
DROP VIEW IF EXISTS `v_scm_purchase_arrive_detail`;
CREATE ALGORITHM = UNDEFINED SQL SECURITY DEFINER VIEW `v_scm_purchase_arrive_detail` AS select `a`.`contract_no` AS `contract_no`,`a`.`supplier_id` AS `supplier_id`,`d`.`arrive_id` AS `arrive_id`,`s`.`name` AS `supplier_name`,`d`.`material_id` AS `material_id`,`m`.`name` AS `material_name`,`m`.`code` AS `material_code`,`m`.`model` AS `material_model`,`m`.`specification` AS `material_specification`,`m`.`unit` AS `material_unit`,`d`.`batch_no` AS `batch_no`,`d`.`price` AS `price`,`d`.`arrive_quantity` AS `arrive_quantity`,`d`.`return_quantity` AS `return_quantity`,(`d`.`arrive_quantity` - `d`.`return_quantity`) AS `in_warehouse_quantity` from (((`scm_purchase_arrive_detail` `d` join `scm_purchase_arrive` `a` on((`a`.`id` = `d`.`arrive_id`))) left join `wms_material_info` `m` on((`m`.`id` = `d`.`material_id`))) left join `scm_purchase_supplier` `s` on((`s`.`id` = `a`.`supplier_id`)));

-- ----------------------------
-- View structure for v_scm_purchase_contract
-- ----------------------------
DROP VIEW IF EXISTS `v_scm_purchase_contract`;
CREATE ALGORITHM = UNDEFINED SQL SECURITY DEFINER VIEW `v_scm_purchase_contract` AS select `pc`.`id` AS `contract_id`,`pc`.`contract_no` AS `contract_no`,`pc`.`supplier_id` AS `supplier_id`,`pc`.`apply_id` AS `apply_id`,`pc`.`apply_no` AS `apply_no`,`s`.`name` AS `supplier_name`,ifnull(`pc`.`amount`,0) AS `contract_amount`,date_format(`pc`.`sign_date`,'%Y') AS `contract_year`,quarter(`pc`.`sign_date`) AS `contract_quarter`,month(`pc`.`sign_date`) AS `contract_month`,date_format(`pc`.`sign_date`,'%Y-%m') AS `contract_year_month`,date_format(`pc`.`sign_date`,'%Y-%m-%d') AS `contract_date` from (`scm_purchase_contract` `pc` left join `scm_purchase_supplier` `s` on((`pc`.`supplier_id` = `s`.`id`))) where (`pc`.`audit_status` = '1');

-- ----------------------------
-- View structure for v_scm_purchase_contract_detail
-- ----------------------------
DROP VIEW IF EXISTS `v_scm_purchase_contract_detail`;
CREATE ALGORITHM = UNDEFINED SQL SECURITY DEFINER VIEW `v_scm_purchase_contract_detail` AS select `cd`.`contract_id` AS `contract_id`,`cd`.`material_id` AS `material_id`,`m`.`name` AS `material_name`,`m`.`code` AS `material_code`,`m`.`model` AS `material_model`,`m`.`specification` AS `material_specification`,`m`.`unit` AS `material_unit`,`cd`.`price` AS `price`,`cd`.`quantity` AS `quantity`,`cd`.`amount` AS `amount`,`c`.`supplier_id` AS `supplier_id`,`s`.`name` AS `supplier_name`,`c`.`contract_no` AS `contract_no`,`c`.`sign_date` AS `sign_date` from (((`scm_purchase_contract_detail` `cd` left join `scm_purchase_contract` `c` on((`c`.`id` = `cd`.`contract_id`))) left join `scm_purchase_supplier` `s` on((`s`.`id` = `c`.`supplier_id`))) left join `wms_material_info` `m` on((`m`.`id` = `cd`.`material_id`)));

-- ----------------------------
-- View structure for v_scm_purchase_return_detail
-- ----------------------------
DROP VIEW IF EXISTS `v_scm_purchase_return_detail`;
CREATE ALGORITHM = UNDEFINED SQL SECURITY DEFINER VIEW `v_scm_purchase_return_detail` AS select `rd`.`material_id` AS `material_id`,`rd`.`batch_no` AS `batch_no`,`rd`.`price` AS `price`,`rd`.`book_quantity` AS `book_quantity`,`rd`.`arrive_quantity` AS `arrive_quantity`,`rd`.`return_quantity` AS `return_quantity`,`m`.`name` AS `material_name`,`m`.`code` AS `material_code`,`m`.`model` AS `material_model`,`m`.`specification` AS `material_specification`,`m`.`unit` AS `material_unit`,`r`.`return_date` AS `return_date`,`r`.`return_no` AS `return_no`,`r`.`supplier_id` AS `supplier_id`,`s`.`name` AS `supplier_name` from (((`scm_purchase_return_detail` `rd` left join `scm_purchase_return` `r` on((`r`.`id` = `rd`.`return_id`))) left join `scm_purchase_supplier` `s` on((`s`.`id` = `r`.`supplier_id`))) left join `wms_material_info` `m` on((`m`.`id` = `rd`.`material_id`)));

-- ----------------------------
-- View structure for v_scm_sale_contract
-- ----------------------------
DROP VIEW IF EXISTS `v_scm_sale_contract`;
CREATE ALGORITHM = UNDEFINED SQL SECURITY DEFINER VIEW `v_scm_sale_contract` AS select `sc`.`id` AS `contract_id`,`sc`.`contract_no` AS `contract_no`,`sc`.`order_id` AS `order_id`,`sc`.`order_no` AS `order_no`,`sc`.`customer_id` AS `customer_id`,`c`.`name` AS `customer_name`,ifnull(`sc`.`contract_amount`,0) AS `contract_amount`,date_format(`sc`.`sign_date`,'%Y') AS `contract_year`,quarter(`sc`.`sign_date`) AS `contract_quarter`,month(`sc`.`sign_date`) AS `contract_month`,date_format(`sc`.`sign_date`,'%Y-%m') AS `contract_year_month`,date_format(`sc`.`sign_date`,'%Y-%m-%d') AS `contract_date` from ((`scm_sale_contract` `sc` left join `scm_sale_order` `o` on((`sc`.`order_id` = `o`.`id`))) left join `scm_sale_customer` `c` on((`sc`.`customer_id` = `c`.`id`))) where (`sc`.`audit_status` = '1');

-- ----------------------------
-- View structure for v_scm_sale_contract_detail
-- ----------------------------
DROP VIEW IF EXISTS `v_scm_sale_contract_detail`;
CREATE ALGORITHM = UNDEFINED SQL SECURITY DEFINER VIEW `v_scm_sale_contract_detail` AS select `cd`.`contract_id` AS `contract_id`,`c`.`contract_no` AS `contract_no`,`o`.`id` AS `order_id`,`o`.`order_no` AS `order_no`,`c`.`customer_id` AS `customer_id`,`c`.`contract_amount` AS `contract_amount`,`c`.`sign_date` AS `sign_date`,`sc`.`name` AS `customer_name`,`cd`.`material_id` AS `material_id`,`cd`.`price` AS `price`,`cd`.`quantity` AS `quantity`,`cd`.`amount` AS `amount`,`m`.`name` AS `material_name`,`m`.`model` AS `material_model`,`m`.`specification` AS `material_specification`,`m`.`unit` AS `material_unit` from ((((`scm_sale_contract_detail` `cd` left join `scm_sale_contract` `c` on((`c`.`id` = `cd`.`contract_id`))) left join `scm_sale_order` `o` on((`o`.`id` = `c`.`order_id`))) left join `wms_material_info` `m` on((`m`.`id` = `cd`.`material_id`))) left join `scm_sale_customer` `sc` on((`sc`.`id` = `c`.`customer_id`))) where (`c`.`audit_status` = '1');

-- ----------------------------
-- View structure for v_scm_sale_delivery_detail
-- ----------------------------
DROP VIEW IF EXISTS `v_scm_sale_delivery_detail`;
CREATE ALGORITHM = UNDEFINED SQL SECURITY DEFINER VIEW `v_scm_sale_delivery_detail` AS select `sd`.`contract_no` AS `contract_no`,`d`.`delivery_id` AS `delivery_id`,`sd`.`customer_id` AS `customer_id`,`c`.`name` AS `customer_name`,`d`.`material_id` AS `material_id`,`m`.`name` AS `material_name`,`m`.`code` AS `material_code`,`m`.`model` AS `material_model`,`m`.`specification` AS `material_specification`,`m`.`unit` AS `material_unit`,`d`.`quantity` AS `quantity`,`d`.`return_quantity` AS `return_quantity` from (((`scm_sale_delivery_detail` `d` join `scm_sale_delivery` `sd` on((`sd`.`id` = `d`.`delivery_id`))) left join `wms_material_info` `m` on((`m`.`id` = `d`.`material_id`))) left join `scm_sale_customer` `c` on((`c`.`id` = `sd`.`customer_id`)));

-- ----------------------------
-- View structure for v_scm_sale_order
-- ----------------------------
DROP VIEW IF EXISTS `v_scm_sale_order`;
CREATE ALGORITHM = UNDEFINED SQL SECURITY DEFINER VIEW `v_scm_sale_order` AS select `o`.`id` AS `order_id`,`o`.`order_no` AS `order_no`,`o`.`customer_id` AS `customer_id`,`c`.`name` AS `customer_name`,ifnull(`o`.`order_amount`,0) AS `order_amount`,date_format(`o`.`apply_time`,'%Y') AS `order_year`,quarter(`o`.`apply_time`) AS `order_quarter`,month(`o`.`apply_time`) AS `order_month`,date_format(`o`.`apply_time`,'%Y-%m') AS `order_year_month`,date_format(`o`.`apply_time`,'%Y-%m-%d') AS `order_date` from (`scm_sale_order` `o` left join `scm_sale_customer` `c` on((`o`.`customer_id` = `c`.`id`))) where (`o`.`audit_status` = '1');

-- ----------------------------
-- View structure for v_scm_sale_plan_detail
-- ----------------------------
DROP VIEW IF EXISTS `v_scm_sale_plan_detail`;
CREATE ALGORITHM = UNDEFINED SQL SECURITY DEFINER VIEW `v_scm_sale_plan_detail` AS select `p`.`plan_no` AS `plan_no`,`p`.`title` AS `title`,`p`.`type` AS `type`,`p`.`start_date` AS `start_date`,`p`.`end_date` AS `end_date`,`d`.`sale_amount` AS `sale_amount`,`d`.`material_id` AS `material_id`,`m`.`name` AS `material_name` from ((`scm_sale_plan_detail` `d` join `scm_sale_plan` `p` on((`p`.`id` = `d`.`plan_id`))) left join `wms_material_info` `m` on((`m`.`id` = `d`.`material_id`)));

-- ----------------------------
-- View structure for v_wms_in_warehouse_detail
-- ----------------------------
DROP VIEW IF EXISTS `v_wms_in_warehouse_detail`;
CREATE ALGORITHM = UNDEFINED SQL SECURITY DEFINER VIEW `v_wms_in_warehouse_detail` AS select `t`.`material_id` AS `material_id`,`t`.`batch_no` AS `batch_no`,`t`.`in_quantity` AS `in_quantity`,`t`.`warehouse_id` AS `wh_id`,`t`.`wh_region_id` AS `wh_region_id`,`t`.`wh_location_id` AS `wh_location_id`,`p`.`biz_type` AS `biz_type`,`p`.`apply_time` AS `in_wh_date`,`m`.`name` AS `material_name`,`m`.`model` AS `material_model`,`m`.`specification` AS `material_specification`,`m`.`unit` AS `material_unit`,`w`.`name` AS `wh_name`,`r`.`name` AS `wh_region_name`,`wl`.`name` AS `wh_location_name` from (((((`wms_in_warehouse_apply_detail` `t` left join `wms_in_warehouse_apply` `p` on((`p`.`id` = `t`.`apply_id`))) left join `wms_warehouse` `w` on((`w`.`id` = `t`.`warehouse_id`))) left join `wms_warehouse_region` `r` on((`r`.`id` = `t`.`wh_region_id`))) left join `wms_warehouse_location` `wl` on((`wl`.`id` = `t`.`wh_location_id`))) left join `wms_material_info` `m` on((`m`.`id` = `t`.`material_id`))) where (`p`.`bill_status` = '1');

-- ----------------------------
-- View structure for v_wms_material_inventory_detail
-- ----------------------------
DROP VIEW IF EXISTS `v_wms_material_inventory_detail`;
CREATE ALGORITHM = UNDEFINED SQL SECURITY DEFINER VIEW `v_wms_material_inventory_detail` AS select `t`.`wh_id` AS `wh_id`,`t`.`wh_region_id` AS `wh_region_id`,`t`.`wh_location_id` AS `wh_location_id`,`t`.`inventory` AS `inventory`,`t`.`lock_inventory` AS `lock_inventory`,`t`.`batch_no` AS `batch_no`,`t`.`manufacturer` AS `manufacturer`,`wm`.`material_id` AS `material_id`,`wm`.`max_inventory` AS `max_inventory`,`wm`.`min_inventory` AS `min_inventory`,`m`.`name` AS `material_name`,`m`.`model` AS `material_model`,`m`.`specification` AS `material_specification`,`m`.`unit` AS `material_unit`,`w`.`name` AS `wh_name`,`r`.`name` AS `wh_region_name`,`wl`.`name` AS `wh_location_name` from (((((`wms_warehouse_material_detail` `t` left join `wms_warehouse_material` `wm` on((`wm`.`id` = `t`.`wh_material_id`))) left join `wms_warehouse` `w` on((`w`.`id` = `t`.`wh_id`))) left join `wms_warehouse_region` `r` on((`r`.`id` = `t`.`wh_region_id`))) left join `wms_warehouse_location` `wl` on((`wl`.`id` = `t`.`wh_location_id`))) left join `wms_material_info` `m` on((`m`.`id` = `wm`.`material_id`))) where (`t`.`wh_id` is not null);

-- ----------------------------
-- View structure for v_wms_out_warehouse_detail
-- ----------------------------
DROP VIEW IF EXISTS `v_wms_out_warehouse_detail`;
CREATE ALGORITHM = UNDEFINED SQL SECURITY DEFINER VIEW `v_wms_out_warehouse_detail` AS select `t`.`material_id` AS `material_id`,`t`.`batch_no` AS `batch_no`,`t`.`out_quantity` AS `out_quantity`,`t`.`warehouse_id` AS `wh_id`,`t`.`wh_region_id` AS `wh_region_id`,`t`.`wh_location_id` AS `wh_location_id`,`p`.`biz_type` AS `biz_type`,`p`.`apply_time` AS `in_wh_date`,`m`.`name` AS `material_name`,`m`.`model` AS `material_model`,`m`.`specification` AS `material_specification`,`m`.`unit` AS `material_unit`,`w`.`name` AS `wh_name`,`r`.`name` AS `wh_region_name`,`wl`.`name` AS `wh_location_name` from (((((`wms_out_warehouse_apply_detail` `t` left join `wms_out_warehouse_apply` `p` on((`p`.`id` = `t`.`apply_id`))) left join `wms_warehouse` `w` on((`w`.`id` = `t`.`warehouse_id`))) left join `wms_warehouse_region` `r` on((`r`.`id` = `t`.`wh_region_id`))) left join `wms_warehouse_location` `wl` on((`wl`.`id` = `t`.`wh_location_id`))) left join `wms_material_info` `m` on((`m`.`id` = `t`.`material_id`))) where (`p`.`bill_status` = '3');

SET FOREIGN_KEY_CHECKS = 1;
